ca65 V2.19 - Git 547d92358
Main file   : BIOS.asm
Current file: BIOS.asm

000000r 1               ; =============================================================================
000000r 1               ; BIOS  —  Top-Level Assembly Source
000000r 1               ;           for AC6502 Homebrew Computer
000000r 1               ;
000000r 1               ;   Role        :  Sets the CPU target, then .include's every segment source
000000r 1               ;                   below in link order to produce the assembled ROM image.
000000r 1               ;   Segments    :  KERNAL $A000-$BFFF, BASIC $C000-$FEFF, WOZMON $FF00-$FFF9,
000000r 1               ;                   VECTORS $FFFA-$FFFF  (see BIOS.cfg)
000000r 1               ;   Assembler   :  ca65  (cc65 toolchain)
000000r 1               ;   Linker cfg  :  BIOS.cfg
000000r 1               ;
000000r 1               ;   Build       :  make build   ->  BIOS.bin / BIOS.lst / BIOS.dbg
000000r 1               ;   Test        :  make test    ->  runs tests/run.mjs against BIOS.bin
000000r 1               ; =============================================================================
000000r 1               
000000r 1               ; The hardware is a WDC 65C02S. cc65's "65C02" is the Rockwell part: it has
000000r 1               ; RMB/SMB/BBR/BBS but not WAI or STP, which are WDC additions. "W65C02" is that
000000r 1               ; set plus those two, so this is a pure superset — no instruction already in use
000000r 1               ; changes encoding, and the ROM is byte-identical until something emits WAI or
000000r 1               ; STP.
000000r 1               .setcpu "W65C02"
000000r 1               
000000r 1               ; Stated as a requirement rather than left to the line above, so that narrowing
000000r 1               ; the CPU fails the build here with a reason instead of failing at whichever
000000r 1               ; instruction happened to need it.
000000r 1               .if (.cpu .bitand CPU_ISET_W65C02) = 0
000000r 1                 .error "BIOS targets the WDC 65C02S — .setcpu must be W65C02 (WAI/STP)"
000000r 1               .endif
000000r 1               
000000r 1               .include "BIOS.inc"
000000r 2               ; =============================================================================
000000r 2               ; BIOS.INC  —  Shared Zero-Page, Memory-Map, and Hardware Register Equates
000000r 2               ;               for AC6502 Homebrew Computer
000000r 2               ;
000000r 2               ;   Role        :  .include'd by BIOS.asm before any segment. Defines the
000000r 2               ;                   zero-page layout, stack/buffer addresses, Kernal RAM
000000r 2               ;                   variables, and the memory-mapped I/O registers (VIA,
000000r 2               ;                   6551 ACIA, 6502-PICOVDP, SID, RTC, CompactFlash) shared by
000000r 2               ;                   every segment.
000000r 2               ;   Assembler   :  ca65  (cc65 toolchain)
000000r 2               ;
000000r 2               ;   Coding style :  Match the rest of the BIOS project.
000000r 2               ;                   * Constants / equates : UPPER_SNAKE_CASE.
000000r 2               ; =============================================================================
000000r 2               
000000r 2               ; Zero Page
000000r 2               ZP                  := $00
000000r 2               READ_PTR            := $00
000000r 2               WRITE_PTR           := $01
000000r 2               STR_PTR             := $02               ; $02-$03 - String pointer (2 bytes)
000000r 2               ; $04-$23 reserved by BASIC interpreter
000000r 2               CF_BUF_PTR          := $24               ; $24-$25 - CF sector data buffer pointer (2 bytes)
000000r 2               CF_LBA              := $26               ; $26-$29 - CF 28-bit LBA address (4 bytes, little-endian)
000000r 2               XFER_PTR            := $2A               ; $2A-$2B - Serial transfer data pointer (2 bytes)
000000r 2               DELAY_CNT           := $2C               ; $2C-$2D - SysDelay 16-bit centisecond counter
000000r 2               ; $2E-$35 unassigned
000000r 2               
000000r 2               ; XModem ZP variables ($36-$39)
000000r 2               XMODEM_BLK          := $36               ; $36     - XModem expected/current block number
000000r 2               XMODEM_CHK          := $37               ; $37     - XModem running checksum
000000r 2               XMODEM_RETRY        := $38               ; $38     - XModem retry counter
000000r 2               XMODEM_RCVBLK       := $39               ; $39     - XModem received block number
000000r 2               
000000r 2               ; ProgramEnd chain-walk scratch.  Aliases the CF sector pointer / LBA, which are
000000r 2               ; idle whenever ProgramEnd runs (BASIC cold init or BASIC entry, never with an
000000r 2               ; I/O transfer in flight).
000000r 2               PE_PTR              := CF_BUF_PTR        ; $24-$25 - chain walk cursor
000000r 2               PE_NEXT             := CF_LBA            ; $26-$27 - candidate next-pointer
000000r 2               
000000r 2               ; NVRAM save-slot copy pointer.  Aliases STR_PTR, which NvRead/NvWrite clobber
000000r 2               ; exactly as PrintStr does — the two are never live at the same time.
000000r 2               NV_PTR              := STR_PTR           ; $02-$03 - caller's buffer during a slot copy
000000r 2               
000000r 2               ; Stack
000000r 2               STACK               := $0100             ; $0100-$01FF
000000r 2               
000000r 2               ; Input Buffer
000000r 2               INPUT_BUFFER        := $0200             ; $0200-$02FF
000000r 2               
000000r 2               ; Kernal Vars
000000r 2               KERNAL_VARS         := $0300             ; $0300-$03FF
000000r 2               IRQ_PTR             := $0300             ; $0300-$0301
000000r 2               BRK_PTR             := $0302             ; $0302-$0303
000000r 2               NMI_PTR             := $0304             ; $0304-$0305
000000r 2               IO_MODE             := $0306             ; Bit 0: 0=video, 1=serial output
000000r 2               VID_CURSOR_X        := $0307             ; Video cursor column (0-39)
000000r 2               VID_CURSOR_Y        := $0308             ; Video cursor row (0-23)
000000r 2               VID_CURSOR_ADDR     := $0309             ; Video cursor VRAM address ($0309-$030A)
000000r 2               RTC_BUF_CENT        := $030B             ; Century value from last RtcReadDate / for RtcWriteDate
000000r 2               RTC_TMP             := $030C             ; Scratch byte for BCD conversion
000000r 2               HW_PRESENT          := $030D             ; Hardware present bitmask (set during Reset probe)
000000r 2               ; HW_PRESENT bit definitions (bit order matches IO slot numbers)
000000r 2               HW_RAM_L            = %00000001          ; Bit 0: RAM card low  (IO 1, $8000-$83FF)
000000r 2               HW_RAM_H            = %00000010          ; Bit 1: RAM card high (IO 2, $8400-$87FF)
000000r 2               HW_RTC              = %00000100          ; Bit 2: RTC card (IO 3, DS1511Y)
000000r 2               HW_CF               = %00001000          ; Bit 3: Storage card (IO 4, CompactFlash)
000000r 2               HW_SC               = %00010000          ; Bit 4: Serial card (IO 5, R65C51)
000000r 2               HW_GPIO             = %00100000          ; Bit 5: GPIO card (IO 6, 65C22 VIA — keyboard/joysticks)
000000r 2               HW_SID              = %01000000          ; Bit 6: Sound card (IO 7, SID/ARMSID)
000000r 2               HW_VID              = %10000000          ; Bit 7: Video card (IO 8): a PICOVDP with the built-in font
000000r 2               BAS_PENDKEY         := $030E             ; Pending key from BasCheckBreak (1 byte)
000000r 2               CF_DISK             := $030F             ; Current CF "disk" bank (0-255); base LBA = CF_DISK * FS_DISK_SECTORS
000000r 2               BRK_P               := $0310             ; Saved P at time of BRK
000000r 2               BRK_PCL             := $0311             ; Saved PCL at time of BRK (points to BRK+2)
000000r 2               BRK_PCH             := $0312             ; Saved PCH at time of BRK
000000r 2               BRK_A               := $0313             ; Saved A at time of BRK
000000r 2               BRK_X               := $0314             ; Saved X at time of BRK
000000r 2               BRK_Y               := $0315             ; Saved Y at time of BRK
000000r 2               BRK_SP              := $0316             ; Saved SP at time of BRK
000000r 2               XFER_REMAIN         := $0317             ; $0317-$0318 - Remaining bytes to transfer (2 bytes)
000000r 2               XFER_IO_SAVE        := $0319             ; Saved IO_MODE before switching to serial
000000r 2               BAS_DATAPTR         := $031A             ; $031A-$031B - DATA read position (2 bytes)
000000r 2               BAS_STOPLINE        := $031C             ; $031C-$031D - Saved BAS_CURLINE for CONT (2 bytes)
000000r 2               BAS_STOPTXT         := $031E             ; $031E-$031F - Saved BAS_TXTPTR for CONT (2 bytes)
000000r 2               ; $0320-$0347 unassigned (1.x's SCROLL_BUF; the console scrolls in hardware)
000000r 2               ; Filesystem temp vars ($0348+)
000000r 2               FS_START_SEC        := $0348             ; $0348-$0349 - File start sector (2 bytes)
000000r 2               FS_FILE_SIZE        := $034A             ; $034A-$034B - File size in bytes (2 bytes)
000000r 2               FS_SEC_COUNT        := $034C             ; Number of sectors to read/write
000000r 2               FS_DIR_IDX          := $034D             ; Directory entry index (0-15)
000000r 2               FS_NEXT_SEC         := $034E             ; $034E-$034F - Next free sector for allocation (2 bytes)
000000r 2               FS_FNAME_BUF        := $0350             ; $0350-$035A - 11-byte filename buffer (8 name + 3 ext)
000000r 2               BOOT_VECTOR         := $035B             ; $035B-$035C - Cart/boot redirect vector (2 bytes, 0=normal boot)
000000r 2               
000000r 2               ; BASIC runtime variables ($035D-$038F) - additive; assignable by BASIC
000000r 2               BAS_TXTTAB          := $035D             ; $035D-$035E - Start of program text (= $0800)
000000r 2               BAS_VARTAB          := $035F             ; $035F-$0360 - End-of-program / start-of-vars pointer
000000r 2               BAS_ARYTAB          := $0361             ; $0361-$0362 - Start of arrays
000000r 2               BAS_STREND          := $0363             ; $0363-$0364 - End of arrays
000000r 2               BAS_FRETOP          := $0365             ; $0365-$0366 - Top-of-string-heap pointer
000000r 2               BAS_MEMSIZ          := $0367             ; $0367-$0368 - End of usable memory (= $8000)
000000r 2               BAS_CURLIN          := $0369             ; $0369-$036A - Currently executing line ($FFFF=direct mode)
000000r 2               BAS_OLDLIN          := $036B             ; $036B-$036C - Saved line for CONT
000000r 2               BAS_OLDTEXT         := $036D             ; $036D-$036E - Saved text ptr for CONT
000000r 2               BAS_WARM            := $036F             ; Warm-start magic ($A5 = previously initialised)
000000r 2               BAS_POSX            := $0370             ; PRINT column counter (0-39 video / 0-79 serial)
000000r 2               BAS_INPSAV          := $0371             ; $0371-$0372 - Saved TXTPTR across INPUT REDO retry
000000r 2               BAS_FNPTR           := $0373             ; $0373-$0374 - FN variable slot addr held across FnCall's expression evaluations (out of ZP so FrmEvl/Garbag cannot touch it)
000000r 2               BAS_STKBASE         := $0375             ; Stack pointer the READY loop restores before each direct-mode line: $FF with no
000000r 2                                                        ;   program suspended, or the running program's statement-boundary SP after a
000000r 2                                                        ;   STOP/END/Ctrl+C break, which is what keeps its FOR and GOSUB frames alive
000000r 2                                                        ;   for CONT.  Reset to $FF wherever the stack is reset (RUN, CLR, NEW, an error)
000000r 2               FS_IO_ADDR          := $037F             ; $037F-$0380 - Load/save target address for FsLoadFileAddr/FsSaveFileAddr
000000r 2               BAS_FNAME           := $0381             ; $0381-$038D - 13-byte scratch for null-terminated 8.3 filename (12-char "NAME.EXT" + null)
000000r 2               PRG_IMAGE_END       := $038E             ; $038E-$038F - End address of a program image placed at PROGRAM_START by a loader
000000r 2                                                        ;   outside BASIC; 0 = none.  Cleared by KernalInit and consumed by
000000r 2                                                        ;   ProgramEnd, so a stale value can never be mistaken for a fresh load.
000000r 2               
000000r 2               ; Kernal NVRAM save-slot variables ($0390-$03FF)
000000r 2               NV_ID               := $0390             ; Owner ID input for NvWrite ($00 is refused — that is NvErase)
000000r 2               
000000r 2               ; Kernal video variables ($0391-$039B)
000000r 2               VID_PEN             := $0391             ; Attribute byte for new output, fg<<4 | bg ($1F from KernalInit)
000000r 2               VID_TOP             := $0392             ; Name-table row shown at the top of the screen (0-23); L0SCRY = VID_TOP * 8
000000r 2               VID_MODE            := $0393             ; $00 = console not set up since KernalInit (card in the legacy submode);
000000r 2                                                        ;   $01 = text console intact.  Otherwise low nibble = the VMODE the Kernal
000000r 2                                                        ;   last set, b7 = disturbed (sprites, scroll, layers)
000000r 2               VDP_FW              := $0394             ; STAT5 (firmware version, BCD) at boot; $00 if no PICOVDP
000000r 2               VDP_CAPS            := $0395             ; STAT6 (capability bits) at boot; $00 if no PICOVDP
000000r 2               VDP_L0CTRL_SHADOW   := $0396             ; Shadow of the write-only L0CTRL register
000000r 2               VDP_L1CTRL_SHADOW   := $0397             ; Shadow of the write-only L1CTRL register
000000r 2               VDP_P0              := $0398             ; Parameter block for VDP entries that take more than A/X/Y
000000r 2               VDP_P1              := $0399
000000r 2               VDP_P2              := $039A
000000r 2               VDP_P3              := $039B
000000r 2               
000000r 2               FS_SECTOR_BUF       := $0600             ; $0600-$07FF - 512-byte sector buffer (overlaps BAS_TOKBUF/BAS_STRBUF)
000000r 2               
000000r 2               ; XModem Protocol Constants
000000r 2               XMODEM_SOH          = $01                ; Start of Header
000000r 2               XMODEM_EOT          = $04                ; End of Transmission
000000r 2               XMODEM_ACK          = $06                ; Acknowledge
000000r 2               XMODEM_NAK          = $15                ; Negative Acknowledge
000000r 2               XMODEM_CAN          = $18                ; Cancel
000000r 2               XMODEM_SUB          = $1A                ; Padding byte (end of last block)
000000r 2               XMODEM_BLKSZ        = 128                ; Data bytes per block
000000r 2               XMODEM_MAXRETRY     = 10                 ; Max retries per block during transfer
000000r 2               XMODEM_STARTRETRY   = 60                 ; Retries waiting for initial connect (~60s)
000000r 2               
000000r 2               ; BIOS Version
000000r 2               BIOS_VERSION_MAJOR  = 2
000000r 2               BIOS_VERSION_MINOR  = 0
000000r 2               
000000r 2               ; NOT user memory, despite the name -- kept only because Wozmon builds its input
000000r 2               ; buffer on it.  Every byte of $0400-$07FF belongs to something: $0400 is
000000r 2               ; BAS_LINBUF (the raw input line), $0500 is BAS_TOKBUF (tokenizing scratch), and
000000r 2               ; $0600-$07FF is FS_SECTOR_BUF, which any filesystem call overwrites.  A program
000000r 2               ; wanting scratch space has $003A-$00FF in zero page and everything above itself
000000r 2               ; up to MEMORY_TOP.
000000r 2               USER_VARS           := $0400             ; $0400-$07FF - see above; Wozmon's input buffer
000000r 2               
000000r 2               ; Program
000000r 2               PROGRAM_START       := $0800             ; $0800-$7FFF
000000r 2               MEMORY_TOP          := $8000             ; First address past usable RAM (I/O starts here)
000000r 2               
000000r 2               ; RAM Card | IO 1 | $8000-$83FF
000000r 2               RAM_DATA_L          := $8000             ; R/W ($8000-$83FE)
000000r 2               RAM_BANK_L          := $83FF             ; Write-only RAM bank latch, value ($00-$FF) sets which of 256 ~1K banks of RAM is selected
000000r 2               
000000r 2               ; RAM Card | IO 2 | $8400-$87FF
000000r 2               RAM_DATA_H          := $8400             ; R/W ($8400-$87FE)
000000r 2               RAM_BANK_H          := $87FF             ; Write-only RAM bank latch, value ($00-$FF) sets which of 256 ~1K banks of RAM is selected
000000r 2               
000000r 2               ; RTC Card (DS1511Y) | IO 3 | $8800-$881F
000000r 2               RTC_SEC             := $8800
000000r 2               RTC_MIN             := $8801
000000r 2               RTC_HR              := $8802
000000r 2               RTC_DAY             := $8803
000000r 2               RTC_DATE            := $8804
000000r 2               RTC_MON             := $8805
000000r 2               RTC_YR              := $8806
000000r 2               RTC_CENT            := $8807
000000r 2               RTC_ALARM_SEC       := $8808
000000r 2               RTC_ALARM_MIN       := $8809
000000r 2               RTC_ALARM_HR        := $880A
000000r 2               RTC_ALARM_DATE      := $880B
000000r 2               RTC_WD_L            := $880C
000000r 2               RTC_WD_H            := $880D
000000r 2               RTC_CTRL_A          := $880E
000000r 2               RTC_CTRL_B          := $880F
000000r 2               RTC_RAM_ADDR        := $8810
000000r 2               RTC_RAM_DATA        := $8813
000000r 2               ; DS1511Y Control Register B Bits
000000r 2               RTC_CTRL_B_TE       := %10000000         ; Transfer Enable — 1 = counters update the user registers once a second, 0 = inhibited
000000r 2               RTC_CTRL_B_BME      := %00100000         ; Burst Mode Enable — 1 = RTC_RAM_ADDR auto-increments on each access of RTC_RAM_DATA
000000r 2               ; DS1511Y Month Register (05H) — upper 3 bits are control bits, low 5 are month
000000r 2               RTC_MON_MASK        := %00011111         ; Month value occupies the low 5 bits
000000r 2               RTC_MON_EOSC        := %10000000         ; Oscillator Start/Stop (0 = oscillator running)
000000r 2               RTC_MON_E32K        := %01000000         ; 32kHz square-wave enable (1 = SQW output disabled)
000000r 2               RTC_MON_BB32        := %00100000         ; Battery-backup 32kHz SQW enable (1 = enabled in backup)
000000r 2               ; NVRAM save slots — slot n occupies NVRAM n*16 .. n*16+15:
000000r 2               ;   +0 owner ID ($00 = free), +1 checksum, +2..+15 payload
000000r 2               ; Checksum: ck = NV_CK_SEED, then ck = rol8(ck) EOR b for the ID and the 14 payload bytes
000000r 2               NV_SLOTS            = 16                 ; Save slots in RTC NVRAM
000000r 2               NV_SLOT_SIZE        = 16                 ; Bytes per slot (slot n at NVRAM n*16)
000000r 2               NV_SLOT_DATA        = 14                 ; Payload bytes per slot
000000r 2               NV_CK_SEED          = $A6                ; Checksum seed
000000r 2               NV_EMPTY            = 0                  ; NvStat: slot is free
000000r 2               NV_VALID            = 1                  ; NvStat: owner ID set, checksum agrees
000000r 2               NV_BAD              = 2                  ; NvStat: owner ID set, checksum does not
000000r 2               
000000r 2               ; Storage Card (CompactFlash 8-bit IDE) | IO 4 | $8C00-$8C07
000000r 2               ST_DATA             := $8C00             ; R/W
000000r 2               ST_ERROR            := $8C01             ; Read
000000r 2               ST_FEATURE          := $8C01             ; Write
000000r 2               ST_SECT_CNT         := $8C02             ; R/W
000000r 2               ST_LBA_0            := $8C03             ; R/W
000000r 2               ST_LBA_1            := $8C04             ; R/W
000000r 2               ST_LBA_2            := $8C05             ; R/W
000000r 2               ST_LBA_3            := $8C06             ; R/W
000000r 2               ST_STATUS           := $8C07             ; Read
000000r 2               ST_CMD              := $8C07             ; Write
000000r 2               ST_ERR_AMNF         := %00000001
000000r 2               ST_ERR_ABRT         := %00000100
000000r 2               ST_ERR_IDNF         := %00010000
000000r 2               ST_ERR_UNC          := %01000000
000000r 2               ST_ERR_BBK          := %10000000
000000r 2               ST_STATUS_ERR       := %00000001
000000r 2               ST_STATUS_IDX       := %00000010
000000r 2               ST_STATUS_CORR      := %00000100
000000r 2               ST_STATUS_DRQ       := %00001000
000000r 2               ST_STATUS_DSC       := %00010000
000000r 2               ST_STATUS_DWF       := %00100000
000000r 2               ST_STATUS_RDY       := %01000000
000000r 2               ST_STATUS_BSY       := %10000000
000000r 2               ; ATA Command Constants
000000r 2               ST_CMD_READ         := $20               ; Read Sectors
000000r 2               ST_CMD_WRITE        := $30               ; Write Sectors
000000r 2               ST_CMD_SET_FEAT     := $EF               ; Set Features
000000r 2               ST_FEAT_8BIT        := $01               ; Enable 8-bit data I/O
000000r 2               ST_LBA3_MASTER      := $E0               ; LBA mode, master drive (bits 7-5 = 111, bit 4 = 0)
000000r 2               ; Filesystem Constants
000000r 2               FS_DIR_LBA          = 0                  ; Directory sector at LBA 0
000000r 2               FS_DATA_START       = 1                  ; Data sectors start at LBA 1
000000r 2               FS_MAX_FILES        = 16                 ; Max directory entries
000000r 2               FS_ENTRY_SIZE       = 32                 ; Bytes per directory entry
000000r 2               FS_ENTRY_FLAGS      = 11                 ; Offset of flags byte within entry
000000r 2               FS_ENTRY_START      = 12                 ; Offset of start sector (2 bytes)
000000r 2               FS_ENTRY_FSIZE      = 14                 ; Offset of file size (2 bytes)
000000r 2               FS_FLAG_USED        = %00000001          ; Entry in use
000000r 2               FS_DISK_SECTORS     = 2048               ; Sectors per disk bank (2048 * 512 = 1 MB); 256 disks = 256 MB
000000r 2               
000000r 2               ; Serial Card / Serial Card Pro (R65C51) | IO 5 | $9000-$9003
000000r 2               SC_DATA             := $9000             ; R/W
000000r 2               SC_RESET            := $9001             ; Write
000000r 2               SC_STATUS           := $9001             ; Read
000000r 2               SC_CMD              := $9002             ; R/W
000000r 2               SC_CTRL             := $9003             ; R/W
000000r 2               SC_STATUS_IRQ       := %10000000         ; Interrupt
000000r 2               SC_STATUS_DSR       := %01000000         ; Data Set Ready
000000r 2               SC_STATUS_DCD       := %00100000         ; Data Carrier Detect
000000r 2               SC_STATUS_TDRE      := %00010000         ; TX Data Register Empty
000000r 2               SC_STATUS_RDRF      := %00001000         ; RX Data Register Full
000000r 2               SC_STATUS_OVR       := %00000100         ; Overrun
000000r 2               SC_STATUS_FRME      := %00000010         ; Framing Error
000000r 2               SC_STATUS_PARE      := %00000001         ; Parity Error
000000r 2               SC_CMD_RXIRQ_OFF    := %00000010         ; Receiver interrupt disabled
000000r 2               ; Command register bytes. TIC (bits 3-2) drives RTS *and* the transmitter: 00
000000r 2               ; raises RTS and turns the transmitter off, 10 lowers RTS and turns it on. So
000000r 2               ; the machine cannot send a character while it is holding RTS high — see ScRts.
000000r 2               SC_CMD_RTS_LOW      := %00001001         ; DTR on, RX IRQ on, TIC 10: RTS low, transmitter on
000000r 2               SC_CMD_RTS_HIGH     := %00000001         ; DTR on, RX IRQ on, TIC 00: RTS high, transmitter off
000000r 2               SC_CMD_XMODEM       := %00001011         ; DTR on, RX IRQ off, TIC 10: XModem polls the chip itself
000000r 2               SC_RTS_HIGH_WATER   = $C0                ; Unread bytes at which RTS goes up
000000r 2               SC_RTS_LOW_WATER    = $80                ; Unread bytes below which RTS comes down
000000r 2               
000000r 2               ; GPIO Card / Input Board (65C22) | IO 6 | $9400-$940F
000000r 2               GPIO_PORTB          := $9400
000000r 2               GPIO_PORTA          := $9401
000000r 2               GPIO_DDRB           := $9402
000000r 2               GPIO_DDRA           := $9403
000000r 2               GPIO_T1CL           := $9404
000000r 2               GPIO_T1CH           := $9405
000000r 2               GPIO_T1LL           := $9406
000000r 2               GPIO_T1LH           := $9407
000000r 2               GPIO_T2CL           := $9408
000000r 2               GPIO_T2CH           := $9409
000000r 2               GPIO_SR             := $940A
000000r 2               GPIO_ACR            := $940B
000000r 2               GPIO_PCR            := $940C
000000r 2               GPIO_IFR            := $940D
000000r 2               GPIO_IER            := $940E
000000r 2               GPIO_ORA            := $940F
000000r 2               ; Keyboard (VIA) Constants
000000r 2               GPIO_PCR_CB2_LO     := %11000000         ; PCR CB2 mode = manual output low (enables matrix keyboard encoder)
000000r 2               GPIO_PCR_CB2_HI     := %11100000         ; PCR CB2 mode = manual output high (disables matrix keyboard encoder)
000000r 2               GPIO_PCR_CB1_NEG    := %00000000         ; PCR CB1 active on falling (high-to-low) edge
000000r 2               GPIO_PCR_CA2_LO     := %00001100         ; PCR CA2 mode = manual output low (enables PS/2 keyboard encoder)
000000r 2               GPIO_PCR_CA2_HI     := %00001110         ; PCR CA2 mode = manual output high (disables PS/2 keyboard encoder)
000000r 2               GPIO_PCR_CA1_NEG    := %00000000         ; PCR CA1 active on falling (high-to-low) edge
000000r 2               GPIO_INT_CB1        := %00010000         ; IFR/IER bit 4 = CB1 interrupt flag/enable
000000r 2               GPIO_INT_CA1        := %00000010         ; IFR/IER bit 1 = CA1 interrupt flag/enable
000000r 2               GPIO_IER_SET        := %10000000         ; IER bit 7 = set mode (1=set named bits, 0=clear)
000000r 2               
000000r 2               ; Sound Card (SID/ARMSID) | IO 7 | $9800-$981C
000000r 2               SID_V1_FREQ_LO      := $9800             ; Voice 1 Frequency Low
000000r 2               SID_V1_FREQ_HI      := $9801             ; Voice 1 Frequency High
000000r 2               SID_V1_PW_LO        := $9802             ; Voice 1 Pulse Width Low
000000r 2               SID_V1_PW_HI        := $9803             ; Voice 1 Pulse Width High
000000r 2               SID_V1_CTRL         := $9804             ; Voice 1 Control Register
000000r 2               SID_V1_AD           := $9805             ; Voice 1 Attack/Decay
000000r 2               SID_V1_SR           := $9806             ; Voice 1 Sustain/Release
000000r 2               SID_V2_FREQ_LO      := $9807             ; Voice 2 Frequency Low
000000r 2               SID_V2_FREQ_HI      := $9808             ; Voice 2 Frequency High
000000r 2               SID_V2_PW_LO        := $9809             ; Voice 2 Pulse Width Low
000000r 2               SID_V2_PW_HI        := $980A             ; Voice 2 Pulse Width High
000000r 2               SID_V2_CTRL         := $980B             ; Voice 2 Control Register
000000r 2               SID_V2_AD           := $980C             ; Voice 2 Attack/Decay
000000r 2               SID_V2_SR           := $980D             ; Voice 2 Sustain/Release
000000r 2               SID_V3_FREQ_LO      := $980E             ; Voice 3 Frequency Low
000000r 2               SID_V3_FREQ_HI      := $980F             ; Voice 3 Frequency High
000000r 2               SID_V3_PW_LO        := $9810             ; Voice 3 Pulse Width Low
000000r 2               SID_V3_PW_HI        := $9811             ; Voice 3 Pulse Width High
000000r 2               SID_V3_CTRL         := $9812             ; Voice 3 Control Register
000000r 2               SID_V3_AD           := $9813             ; Voice 3 Attack/Decay
000000r 2               SID_V3_SR           := $9814             ; Voice 3 Sustain/Release
000000r 2               SID_FC_LO           := $9815             ; Filter Cutoff Low
000000r 2               SID_FC_HI           := $9816             ; Filter Cutoff High
000000r 2               SID_RES_FILT        := $9817             ; Resonance/Filter
000000r 2               SID_MODE_VOL        := $9818             ; Filter Mode/Volume
000000r 2               SID_PADDLE_X        := $9819             ; Paddle X (Read-only)
000000r 2               SID_PADDLE_Y        := $981A             ; Paddle Y (Read-only)
000000r 2               SID_OSC3            := $981B             ; Oscillator 3 (Read-only)
000000r 2               SID_ENV3            := $981C             ; Envelope 3 (Read-only)
000000r 2               ; SID Control Register Bits
000000r 2               SID_CTRL_GATE       := %00000001         ; Gate bit
000000r 2               SID_CTRL_SYNC       := %00000010         ; Sync bit
000000r 2               SID_CTRL_RING       := %00000100         ; Ring modulation
000000r 2               SID_CTRL_TEST       := %00001000         ; Test bit
000000r 2               SID_CTRL_TRIANGLE   := %00010000         ; Triangle waveform
000000r 2               SID_CTRL_SAWTOOTH   := %00100000         ; Sawtooth waveform
000000r 2               SID_CTRL_PULSE      := %01000000         ; Pulse waveform
000000r 2               SID_CTRL_NOISE      := %10000000         ; Noise waveform
000000r 2               ; SID Filter Mode Bits
000000r 2               SID_FILT_LP         := %00010000         ; Low-pass filter
000000r 2               SID_FILT_BP         := %00100000         ; Band-pass filter
000000r 2               SID_FILT_HP         := %01000000         ; High-pass filter
000000r 2               SID_FILT_3OFF       := %10000000         ; Voice 3 off
000000r 2               
000000r 2               ; Video Card (6502-PICOVDP) | IO 8 | $9C00-$9C03
000000r 2               ; Two complete port pairs.  The Kernal uses port A only; port B is for interrupt
000000r 2               ; handlers (SPEC §4).  A register write is two writes to a command port: the
000000r 2               ; value, then the register number with bit 7 set.
000000r 2               VC_DATA             := $9C00             ; R/W  VRAM data, port A
000000r 2               VC_REG              := $9C01             ; Write  command, port A
000000r 2               VC_STATUS           := $9C01             ; Read  status (STATSEL_A selects which), port A
000000r 2               VC_DATA2            := $9C02             ; R/W  VRAM data, port B
000000r 2               VC_REG2             := $9C03             ; Write  command, port B
000000r 2               VC_STATUS2          := $9C03             ; Read  status (STATSEL_B selects which), port B
000000r 2               VDP_ID              = $AC                ; STAT4, the identification byte
000000r 2               ; Registers (SPEC §5).  All write-only.
000000r 2               VDP_MODE0           = $00                ; b1 M3
000000r 2               VDP_MODE1           = $01                ; b6 display enable, b5 vblank IRQ enable, b4 M1, b3 M2, b1 sprite size, b0 magnify
000000r 2                                                        ; $02-$06 are legacy aliases of L0NAME, L0ATTR, L0PAT, SPRATTR, SPRPAT
000000r 2               VDP_COLOR           = $07                ; b7:4 default foreground, b3:0 backdrop/border
000000r 2               VDP_VBANK           = $08                ; VRAM address bits 15:14, sampled by an address command
000000r 2               VDP_VINC            = $09                ; VRAM pointer stride, signed (the Kernal assumes +1)
000000r 2               VDP_IRQEN           = $0A                ; b0 vblank, b1 scanline, b2 sprite overflow, b3 collision
000000r 2               VDP_IRQLINE         = $0B                ; Scanline compare value
000000r 2               VDP_PALBASE         = $0C                ; Palette base, x $400 ($3F = $FC00)
000000r 2               VDP_VMODE           = $0D                ; $0 legacy submode, $1 Text, $2 Compact, $3 Graphics, $4 Full
000000r 2               VDP_STATSEL_B       = $0E                ; Status register port B returns
000000r 2               VDP_STATSEL_A       = $0F                ; Status register port A returns
000000r 2               VDP_L0NAME          = $10                ; Layer 0 name table base, x $400
000000r 2               VDP_L0ATTR          = $11                ; Layer 0 attribute table base, x $400
000000r 2               VDP_L0PAT           = $12                ; Layer 0 pattern table base, x $800
000000r 2               VDP_L0SCRX          = $13                ; Layer 0 horizontal scroll, pixels (bit 8 = L0CTRL b6)
000000r 2               VDP_L0SCRY          = $14                ; Layer 0 vertical scroll, pixels
000000r 2               VDP_L0CTRL          = $15                ; b1:0 depth, b3:2 attribute source, b4 enable, b5 index 0 opaque, b6 X bit 8
000000r 2               VDP_L0PAL           = $16                ; Layer 0 palette group high bits
000000r 2               VDP_L1NAME          = $18                ; Layer 1 name table base, x $400
000000r 2               VDP_L1ATTR          = $19                ; Layer 1 attribute table base, x $400
000000r 2               VDP_L1PAT           = $1A                ; Layer 1 pattern table base, x $800
000000r 2               VDP_L1SCRX          = $1B                ; Layer 1 horizontal scroll, pixels (bit 8 = L1CTRL b6)
000000r 2               VDP_L1SCRY          = $1C                ; Layer 1 vertical scroll, pixels
000000r 2               VDP_L1CTRL          = $1D                ; As VDP_L0CTRL
000000r 2               VDP_L1PAL           = $1E                ; Layer 1 palette group high bits
000000r 2               VDP_SPRATTR         = $20                ; Sprite attribute table base, x $80
000000r 2               VDP_SPRPAT          = $21                ; Sprite pattern table base, x $800
000000r 2               VDP_SPRCOUNT        = $22                ; Active sprite slots, 0-64
000000r 2               VDP_SPRCTRL         = $23                ; b0 enable, b1 collision, b2 $D0 terminates, b3 detailed collision, b5:4 depth
000000r 2               VDP_SPRLIMIT        = $24                ; Sprites drawn per scanline, 1-32
000000r 2               VDP_SPRPAL          = $25                ; Sprite palette group high bits
000000r 2               VDP_FONT            = $30                ; Load a built-in font: b7 layer (0 = L0PAT), b6:0 font ID. Every write is a command
000000r 2               ; FONT values (SPEC §7)
000000r 2               VDP_FONT_CP437      = $00                ; Font $00: CP437 6x8, 2,048 bytes; reset puts it at $0800
000000r 2               ; STAT6 capability bits (SPEC §6)
000000r 2               VDP_CAP_LAYERS      = %00000001          ; Two layers
000000r 2               VDP_CAP_8BPP        = %00000010          ; 8bpp layer
000000r 2               VDP_CAP_FLIP        = %00000100          ; Sprite flip
000000r 2               VDP_CAP_SCROLL      = %00001000          ; Hardware scroll
000000r 2               VDP_CAP_SCANIRQ     = %00010000          ; Scanline IRQ
000000r 2               VDP_CAP_64K         = %00100000          ; 64 KB VRAM
000000r 2               VDP_CAP_FONT        = %10000000          ; Built-in font: FONT and font $00 (the Kernal requires it)
000000r 2               
000000r 1               
000000r 1               .segment "KERNAL"
000000r 1               .include "Kernal.asm"
000000r 2               ; =============================================================================
000000r 2               ; KERNAL  —  Hardware Driver Library and Jump Table
000000r 2               ;             for AC6502 Homebrew Computer
000000r 2               ;
000000r 2               ;   ROM Region  :  $A000-$BFFF  (8,192 bytes / $2000)
000000r 2               ;   Segment     :  KERNAL
000000r 2               ;   Entry point :  Chrout  (jump table, first byte of segment = $A000)
000000r 2               ;   Assembler   :  ca65  (cc65 toolchain)
000000r 2               ;   Linker cfg  :  BIOS.cfg
000000r 2               ;
000000r 2               ;   Contents    :  85-slot JMP table ($A000-$A0FF) giving external code and
000000r 2               ;                   cartridges stable entry points, followed by the driver
000000r 2               ;                   implementations for character I/O, the 6502-PICOVDP
000000r 2               ;                   (Text-mode console and the VDP entries), SID sound,
000000r 2               ;                   CompactFlash storage, RTC and NVRAM save slots,
000000r 2               ;                   keyboard/joystick, serial (6551 + XModem), the BRK report,
000000r 2               ;                   and the Reset/NMI/IRQ handlers.  BIOS 2.x: no Monitor, no
000000r 2               ;                   character set (the font comes from the card), no TMS9918A.
000000r 2               ;
000000r 2               ;   Coding style :  Match the rest of the BIOS project.
000000r 2               ;                   * Routine / data labels : PascalCase  (e.g. ChroutDispatch,
000000r 2               ;                     KernalInit, RtcReadTime).
000000r 2               ;                   * Constants / equates    : UPPER_SNAKE_CASE  (e.g. IO_MODE).
000000r 2               ;                   * Local labels           : @camelCase or @PascalCase.
000000r 2               ;                   * Opcodes are lowercase.
000000r 2               ; =============================================================================
000000r 2               
000000r 2               ; === Kernal Jump Table ($A000-$A0FF) ===
000000r 2               ; 85 slots of 3-byte JMP instructions plus 1 padding byte
000000r 2               ; Provides stable entry points for external code and cartridges
000000r 2               
000000r 2               ; --- Character I/O ---
000000r 2  4C rr rr     Chrout:         jmp ChroutDispatch      ; $A000 - Output char (dispatched by IO_MODE)
000003r 2  4C rr rr     Chrin:          jmp ChrinImpl           ; $A003 - Input char from buffer
000006r 2  4C rr rr     WriteBuffer:    jmp WriteBufferImpl     ; $A006 - Write byte to input buffer
000009r 2  4C rr rr     ReadBuffer:     jmp ReadBufferImpl      ; $A009 - Read byte from input buffer
00000Cr 2  4C rr rr     BufferSize:     jmp BufferSizeImpl      ; $A00C - Get buffer count
00000Fr 2               ; --- IO Mode ---
00000Fr 2  4C rr rr     SetIOMode:      jmp SetIOModeImpl       ; $A00F - Set IO_MODE
000012r 2  4C rr rr     GetIOMode:      jmp GetIOModeImpl       ; $A012 - Get IO_MODE
000015r 2               ; --- Video console (PICOVDP) ---
000015r 2  4C rr rr     InitVideo:      jmp InitVideoImpl       ; $A015 - Text-mode console: registers, the card's font, palette row 0
000018r 2  4C rr rr     VideoClear:     jmp VideoClearImpl      ; $A018 - Clear video screen
00001Br 2  4C rr rr     VideoPutChar:   jmp VideoPutCharImpl    ; $A01B - Write char at cursor
00001Er 2  4C rr rr     VideoSetCursor: jmp VideoSetCursorImpl  ; $A01E - Set cursor (X=col, Y=row)
000021r 2  4C rr rr     VideoGetCursor: jmp VideoGetCursorImpl  ; $A021 - Get cursor position
000024r 2  4C rr rr     VideoScroll:    jmp VideoScrollImpl     ; $A024 - Scroll screen up one line
000027r 2  4C rr rr     VideoSetColor:  jmp VideoSetColorImpl   ; $A027 - Set the pen and the border (A = fg<<4 | bg)
00002Ar 2  4C rr rr     VideoChroutRaw: jmp VideoChroutRawImpl  ; $A02A - Output char to video (raw, no control-code handling)
00002Dr 2               ; --- Sound (SID) ---
00002Dr 2  4C rr rr     InitSID:        jmp InitSIDImpl         ; $A02D - Initialize SID
000030r 2  4C rr rr     Beep:           jmp BeepImpl            ; $A030 - Play beep tone
000033r 2  4C rr rr     SidPlayNote:    jmp SidPlayNoteImpl     ; $A033 - Play note (A=voice, X=freqLo, Y=freqHi)
000036r 2  4C rr rr     SidSilence:     jmp SidSilenceImpl      ; $A036 - Silence all voices
000039r 2  4C rr rr     SidSetVolume:   jmp SidSetVolumeImpl    ; $A039 - Set SID master volume (A=0-15)
00003Cr 2               ; --- Filesystem ---
00003Cr 2  4C rr rr     FsLoadFile:     jmp FsLoadFileImpl      ; $A03C - Load file from CF
00003Fr 2  4C rr rr     FsSaveFile:     jmp FsSaveFileImpl      ; $A03F - Save file to CF
000042r 2  4C rr rr     FsDeleteFile:   jmp FsDeleteFileImpl    ; $A042 - Delete file from CF
000045r 2               ; --- Keyboard / GPIO ---
000045r 2  4C rr rr     InitKB:         jmp InitKBImpl          ; $A045 - Initialize GPIO/VIA keyboard
000048r 2  4C rr rr     ReadJoystick1:  jmp ReadJoystick1Impl   ; $A048 - Read joystick 1
00004Br 2  4C rr rr     ReadJoystick2:  jmp ReadJoystick2Impl   ; $A04B - Read joystick 2
00004Er 2               ; --- Serial (6551) ---
00004Er 2  4C rr rr     InitSC:         jmp InitSCImpl          ; $A04E - Initialize serial 6551
000051r 2  4C rr rr     SerialChrout:   jmp SerialChroutImpl    ; $A051 - Direct serial output (bypass IO_MODE)
000054r 2  4C rr rr     XModemLoad:     jmp XModemLoadImpl      ; $A054 - Receive binary via XModem
000057r 2  4C rr rr     XModemSave:     jmp XModemSaveImpl      ; $A057 - Send binary via XModem
00005Ar 2               ; --- RTC (DS1511Y) ---
00005Ar 2  4C rr rr     RtcReadTime:    jmp RtcReadTimeImpl     ; $A05A - Read RTC time
00005Dr 2  4C rr rr     RtcReadDate:    jmp RtcReadDateImpl     ; $A05D - Read RTC date
000060r 2  4C rr rr     RtcWriteTime:   jmp RtcWriteTimeImpl    ; $A060 - Set RTC time
000063r 2  4C rr rr     RtcWriteDate:   jmp RtcWriteDateImpl    ; $A063 - Set RTC date
000066r 2  4C rr rr     RtcReadNVRAM:   jmp RtcReadNVRAMImpl    ; $A066 - Read NVRAM byte
000069r 2  4C rr rr     RtcWriteNVRAM:  jmp RtcWriteNVRAMImpl   ; $A069 - Write NVRAM byte
00006Cr 2               ; --- CompactFlash Storage ---
00006Cr 2  4C rr rr     StReadSector:   jmp StReadSectorImpl    ; $A06C - Read CF sector
00006Fr 2  4C rr rr     StWriteSector:  jmp StWriteSectorImpl   ; $A06F - Write CF sector
000072r 2  4C rr rr     StWaitReady:    jmp StWaitReadyImpl     ; $A072 - Wait CF ready
000075r 2               ; --- System ---
000075r 2  4C rr rr     SysDelay:       jmp SysDelayImpl        ; $A075 - Delay A=cnt_lo, X=cnt_hi centiseconds
000078r 2  4C rr rr     KernalInit:     jmp KernalInitImpl      ; $A078 - Initialize all hardware (caller must reset SP; no cli); rts when done
00007Br 2  4C rr rr     KernalVersion:  jmp KernalVersionImpl   ; $A07B - Get BIOS version (A=major, X=minor)
00007Er 2               ; --- Disk banking / addressed storage ---
00007Er 2  4C rr rr     FsLoadFileAddr: jmp FsLoadFileAddrImpl  ; $A07E - Load named file to FS_IO_ADDR
000081r 2  4C rr rr     FsSaveFileAddr: jmp FsSaveFileAddrImpl  ; $A081 - Save FS_FILE_SIZE bytes from FS_IO_ADDR to named file
000084r 2  4C rr rr     FsFormatDisk:   jmp FsFormatDiskImpl    ; $A084 - Zero the current disk's directory sector
000087r 2  4C rr rr     FsSetDisk:      jmp FsSetDiskImpl       ; $A087 - Select current CF disk (A=0-255)
00008Ar 2  4C rr rr     FsGetDisk:      jmp FsGetDiskImpl       ; $A08A - Get current CF disk (A=disk)
00008Dr 2  4C rr rr     FsPrintDisk:    jmp FsPrintDiskImpl     ; $A08D - Print "DISK n" + CRLF via Chrout
000090r 2               ; --- General output utilities (console = IO_MODE-routed via Chrout) ---
000090r 2  4C rr rr     PrintStr:       jmp PrintStrImpl        ; $A090 - Print NUL-terminated string (A=lo, Y=hi); clobbers A,Y,STR_PTR
000093r 2  4C rr rr     PrintCRLF:      jmp PrintCRLFImpl       ; $A093 - Print CR+LF
000096r 2  4C rr rr     PrintDecU16:    jmp PrintDecU16Impl     ; $A096 - Print unsigned 16-bit decimal (A=lo, X=hi), no leading zeros
000099r 2               ; --- Keyboard encoder control (raw port access) ---
000099r 2  4C rr rr     KBDisable:      jmp KBDisableImpl       ; $A099 - Release both encoders and settle; ports free for raw read
00009Cr 2  4C rr rr     KBEnable:       jmp KBEnableImpl        ; $A09C - Re-enable both encoders
00009Fr 2               ; --- NVRAM save slots (DS1511Y) ---
00009Fr 2  4C rr rr     NvStat:         jmp NvStatImpl          ; $A09F - Slot status (X=slot) → A=status, Y=owner ID
0000A2r 2  4C rr rr     NvRead:         jmp NvReadImpl          ; $A0A2 - Copy a valid slot's payload (X=slot, A/Y=dest lo/hi)
0000A5r 2  4C rr rr     NvWrite:        jmp NvWriteImpl         ; $A0A5 - Write a slot (X=slot, A/Y=src lo/hi, NV_ID=owner ID)
0000A8r 2  4C rr rr     NvErase:        jmp NvEraseImpl         ; $A0A8 - Zero all 16 bytes of a slot (X=slot)
0000ABr 2  4C rr rr     NvFind:         jmp NvFindImpl          ; $A0AB - Lowest slot owned by A ($00 = first free) → X
0000AEr 2  4C rr rr     NvFormat:       jmp NvFormatImpl        ; $A0AE - Erase all 16 slots
0000B1r 2               
0000B1r 2               ; --- PICOVDP (2.0) ---
0000B1r 2  4C rr rr     VdpInfo:        jmp VdpInfoImpl         ; $A0B1 - Card found at boot → A=VDP_FW, X=VDP_CAPS, Y=$AC; carry set if none
0000B4r 2  4C rr rr     VdpWriteReg:    jmp VdpWriteRegImpl     ; $A0B4 - Write register (A=value, X=0-127), keeping VID_MODE and the LxCTRL shadows
0000B7r 2  4C rr rr     VdpSetMode:     jmp VdpSetModeImpl      ; $A0B7 - Write VMODE (A=1-4); carry set if out of range
0000BAr 2  4C rr rr     VdpPoke:        jmp VdpPokeImpl         ; $A0BA - Write VRAM byte A at X/Y = address lo/hi (all 64 KB)
0000BDr 2  4C rr rr     VdpPeek:        jmp VdpPeekImpl         ; $A0BD - Read VRAM byte at X/Y = address lo/hi → A
0000C0r 2  4C rr rr     VdpSetPalette:  jmp VdpSetPaletteImpl   ; $A0C0 - Palette entry X = 0-255 ← A = $0R, Y = $GB (at $FC00 + 2X)
0000C3r 2  4C rr rr     WaitVBlank:     jmp WaitVBlankImpl      ; $A0C3 - Return at the start of the next vertical blank (STAT0 untouched)
0000C6r 2  4C rr rr     VdpLoadFile:    jmp VdpLoadFileImpl     ; $A0C6 - Load named file (STR_PTR) into VRAM at FS_IO_ADDR, exactly FS_FILE_SIZE bytes
0000C9r 2  4C rr rr     VdpLoadFont:    jmp VdpLoadFontImpl     ; $A0C9 - Copy built-in font A into L0PAT and wait for it
0000CCr 2  4C rr rr     VdpSprite:      jmp VdpSpriteImpl       ; $A0CC - Sprite X = 0-63 ← VDP_P0-P3 = Y, X lo, pattern, attributes (table at $2000)
0000CFr 2  4C rr rr     VdpSetScroll:   jmp VdpSetScrollImpl    ; $A0CF - Layer X = 0-1 scroll: A = x lo, Y = y, VDP_P0 = x bit 8
0000D2r 2  4C rr rr     VdpLayer:       jmp VdpLayerImpl        ; $A0D2 - Layer X = 0-1 off (A = 0) or on
0000D5r 2  4C rr rr     VdpStatus:      jmp VdpStatusImpl       ; $A0D5 - Read status register X = 0-15 on port A → A
0000D8r 2               
0000D8r 2               ; Reserved entries ($A0D8-$A0FE)
0000D8r 2  4C rr rr 4C  .repeat 13
0000DCr 2  rr rr 4C rr  
0000E0r 2  rr 4C rr rr  
0000FFr 2                               jmp UnimplementedStub
0000FFr 2               .endrepeat
0000FFr 2  00           .byte $00                             ; Pad to 256 bytes ($A0FF)
000100r 2               
000100r 2               ; === Kernal Implementation ===
000100r 2               
000100r 2               ; Stub for unimplemented jump table entries
000100r 2               UnimplementedStub:
000100r 2  60             rts
000101r 2               
000101r 2               ; Chrout dispatcher — routes output based on IO_MODE
000101r 2               ; Input: A = character to output
000101r 2               ; Modifies: Flags
000101r 2               ChroutDispatch:
000101r 2  48             pha
000102r 2  AD 06 03       lda IO_MODE
000105r 2  29 01          and #$01                      ; Bit 0: 0=video, 1=serial
000107r 2  D0 04          bne @Serial
000109r 2  68             pla
00010Ar 2  4C rr rr       jmp VideoChroutImpl
00010Dr 2               @Serial:
00010Dr 2  68             pla
00010Er 2  4C rr rr       jmp SerialChroutImpl
000111r 2               
000111r 2               ; Set IO_MODE
000111r 2               ; Input: A = mode (bit 0: 0=video, 1=serial)
000111r 2               SetIOModeImpl:
000111r 2  8D 06 03       sta IO_MODE
000114r 2  60             rts
000115r 2               
000115r 2               ; Get IO_MODE
000115r 2               ; Output: A = current IO_MODE
000115r 2               GetIOModeImpl:
000115r 2  AD 06 03       lda IO_MODE
000118r 2  60             rts
000119r 2               
000119r 2               ; === PICOVDP Video Driver ===
000119r 2               ;
000119r 2               ; The console is Text mode (VMODE $1): 40x24 cells of 6x8, a name table of 960
000119r 2               ; bytes at VRAM $0000 and a per-cell attribute table beside it at $0400, one
000119r 2               ; fg<<4 | bg byte for each cell.  A cell's name byte is at VID_CURSOR_ADDR and
000119r 2               ; its attribute at VID_CURSOR_ADDR | $0400.  Everything here goes through port
000119r 2               ; A and leaves VBANK = 0 and VINC = +1; nothing in the ROM touches port B, which
000119r 2               ; belongs to interrupt handlers (SPEC §4).
000119r 2               
000119r 2               ; VdpSetReg — write a VDP register through port A (no card check)
000119r 2               ; Input: A = value, X = register (0-127)
000119r 2               ; Modifies: Flags, A
000119r 2               VdpSetReg:
000119r 2  8D 01 9C       sta VC_REG                    ; Value
00011Cr 2  8A             txa
00011Dr 2  09 80          ora #$80                      ; Register number with the write flag
00011Fr 2  8D 01 9C       sta VC_REG
000122r 2  60             rts
000123r 2               
000123r 2               ; === PICOVDP entries ($A0B1-$A0D5) ===
000123r 2               ;
000123r 2               ; Each one returns carry set, having written nothing, when no card is fitted
000123r 2               ; (HW_VID clear) or an argument is out of range, and carry clear otherwise.
000123r 2               ; Port A only, and VBANK = 0, VINC = +1 on the way out, like the console.
000123r 2               
000123r 2               ; VdpInfo — What the probe found
000123r 2               ; Output: A = VDP_FW (STAT5), X = VDP_CAPS (STAT6), Y = VDP_ID ($AC); with no
000123r 2               ;         card A = X = Y = 0 and carry set
000123r 2               ; Modifies: Flags, A, X, Y
000123r 2               VdpInfoImpl:
000123r 2  AD 94 03       lda VDP_FW                    ; Both $00 when the probe found no PICOVDP
000126r 2  AE 95 03       ldx VDP_CAPS
000129r 2  A0 00          ldy #$00
00012Br 2  2C 0D 03       bit HW_PRESENT                ; Video is bit 7 — see VideoClear
00012Er 2  10 36          bpl VdpNoCard
000130r 2  A0 AC          ldy #VDP_ID
000132r 2  18             clc
000133r 2  60             rts
000134r 2               
000134r 2               ; VdpWriteReg — Write a VDP register, keeping the Kernal's records of it
000134r 2               ; Input: A = value, X = register (0-127)
000134r 2               ; A VMODE write sets VID_MODE: the mode, with b7 (disturbed) set when it takes
000134r 2               ; the card to Text or the legacy submode from anything else, so that only
000134r 2               ; InitVideo can say the Text console is intact.  L0CTRL and L1CTRL, which read
000134r 2               ; back as nothing, are kept in VDP_L0CTRL_SHADOW and VDP_L1CTRL_SHADOW.
000134r 2               ; Output: carry set, and nothing written, if no card or X > 127
000134r 2               ; Preserves: X, Y
000134r 2               ; Modifies: Flags, A
000134r 2               VdpWriteRegImpl:
000134r 2  2C 0D 03       bit HW_PRESENT                ; Video is bit 7 — see VideoClear
000137r 2  10 2D          bpl VdpNoCard
000139r 2  E0 80          cpx #$80
00013Br 2  B0 29          bcs VdpNoCard
00013Dr 2  E0 0D          cpx #VDP_VMODE
00013Fr 2  D0 12          bne @VdpWriteRegL0
000141r 2  48             pha
000142r 2  29 0F          and #$0F                      ; The mode, b3:0
000144r 2  C9 02          cmp #$02
000146r 2  B0 07          bcs @VdpWriteRegMode          ; Compact, Graphics, Full: the mode itself
000148r 2  CD 93 03       cmp VID_MODE
00014Br 2  F0 02          beq @VdpWriteRegMode          ; Text over the Text console, or legacy over legacy
00014Dr 2  09 80          ora #$80                      ; Anything else back to Text or legacy: disturbed
00014Fr 2               @VdpWriteRegMode:
00014Fr 2  8D 93 03       sta VID_MODE
000152r 2  68             pla
000153r 2               @VdpWriteRegL0:
000153r 2  E0 15          cpx #VDP_L0CTRL
000155r 2  D0 03          bne @VdpWriteRegL1
000157r 2  8D 96 03       sta VDP_L0CTRL_SHADOW
00015Ar 2               @VdpWriteRegL1:
00015Ar 2  E0 1D          cpx #VDP_L1CTRL
00015Cr 2  D0 03          bne @VdpWriteRegSet
00015Er 2  8D 97 03       sta VDP_L1CTRL_SHADOW
000161r 2               @VdpWriteRegSet:
000161r 2  20 rr rr       jsr VdpSetReg
000164r 2  18             clc
000165r 2  60             rts
000166r 2               
000166r 2               ; The shared exit for no card or a bad argument
000166r 2               VdpNoCard:
000166r 2  38             sec
000167r 2  60             rts
000168r 2               
000168r 2               ; VdpSetMode — Set VMODE: 1 Text, 2 Compact, 3 Graphics, 4 Full
000168r 2               ; Only the register (and VID_MODE, as VdpWriteReg keeps it): the tables, layers
000168r 2               ; and sprites are the caller's to lay out.  The Text console proper is
000168r 2               ; InitVideo.
000168r 2               ; Input: A = mode (1-4)
000168r 2               ; Output: carry set, and nothing written, if no card or A is out of range
000168r 2               ; Modifies: Flags, A, X
000168r 2               VdpSetModeImpl:
000168r 2  C9 01          cmp #$01
00016Ar 2  90 FA          bcc VdpNoCard
00016Cr 2  C9 05          cmp #$05
00016Er 2  B0 F6          bcs VdpNoCard
000170r 2  A2 0D          ldx #VDP_VMODE
000172r 2  80 C0          bra VdpWriteRegImpl
000174r 2               
000174r 2               ; VdpPoke — Write one byte anywhere in VRAM
000174r 2               ; Input: A = value, X = address low, Y = address high ($0000-$FFFF)
000174r 2               ; Output: carry set, and nothing written, if no card
000174r 2               ; Modifies: Flags, A, X
000174r 2               VdpPokeImpl:
000174r 2  2C 0D 03       bit HW_PRESENT                ; Video is bit 7 — see VideoClear
000177r 2  10 ED          bpl VdpNoCard
000179r 2  48             pha
00017Ar 2  A9 40          lda #$40                      ; Write
00017Cr 2  20 rr rr       jsr VdpAddress
00017Fr 2  68             pla
000180r 2  8D 00 9C       sta VC_DATA
000183r 2  18             clc
000184r 2  60             rts
000185r 2               
000185r 2               ; VdpPeek — Read one byte anywhere in VRAM
000185r 2               ; Input: X = address low, Y = address high ($0000-$FFFF)
000185r 2               ; Output: A = the byte; carry set, and nothing read, if no card
000185r 2               ; Modifies: Flags, A, X
000185r 2               VdpPeekImpl:
000185r 2  2C 0D 03       bit HW_PRESENT                ; Video is bit 7 — see VideoClear
000188r 2  10 DC          bpl VdpNoCard
00018Ar 2  A9 00          lda #$00                      ; Read: the address command prefetches it
00018Cr 2  20 rr rr       jsr VdpAddress
00018Fr 2  AD 00 9C       lda VC_DATA
000192r 2  18             clc
000193r 2  60             rts
000194r 2               
000194r 2               ; VdpSetPalette — Set one palette entry in VRAM, at $FC00 + 2 * entry
000194r 2               ; The card takes the write into its palette at once (SPEC §11).  $FC00 is where
000194r 2               ; InitVideo puts PALBASE; a program that moves PALBASE writes its own.
000194r 2               ; Input: X = entry (0-255), A = $0R, Y = $GB
000194r 2               ; Output: carry set, and nothing written, if no card
000194r 2               ; Modifies: Flags, A, X, Y
000194r 2               VdpSetPaletteImpl:
000194r 2  2C 0D 03       bit HW_PRESENT                ; Video is bit 7 — see VideoClear
000197r 2  10 CD          bpl VdpNoCard
000199r 2  5A             phy                           ; $GB
00019Ar 2  48             pha                           ; $0R
00019Br 2  8A             txa
00019Cr 2  0A             asl a                         ; 2 * entry: the low byte, and the carry
00019Dr 2  AA             tax                           ;   into the high one
00019Er 2  A9 FC          lda #>$FC00
0001A0r 2  69 00          adc #$00
0001A2r 2  A8             tay
0001A3r 2  A9 40          lda #$40                      ; Write
0001A5r 2  20 rr rr       jsr VdpAddress
0001A8r 2  68             pla
0001A9r 2  8D 00 9C       sta VC_DATA
0001ACr 2  68             pla
0001ADr 2  8D 00 9C       sta VC_DATA
0001B0r 2  18             clc
0001B1r 2  60             rts
0001B2r 2               
0001B2r 2               ; WaitVBlank — Return at the start of the next vertical blank
0001B2r 2               ; Polls STAT3 b0 on port A: waits while the display is in blanking, then until
0001B2r 2               ; it is, and puts STATSEL_A back to 0.  Not STAT0's F: reading STAT0 clears
0001B2r 2               ; F, OVF and COL and the STAT1 latches a program or its interrupt handler may
0001B2r 2               ; be relying on, and this leaves them all as they were.
0001B2r 2               ; No card: waits 2 cs through SysDelay instead, so a loop paced by it still
0001B2r 2               ; runs at about the speed it would, and returns carry set.
0001B2r 2               ; Modifies: Flags, A, X, Y
0001B2r 2               WaitVBlankImpl:
0001B2r 2  2C 0D 03       bit HW_PRESENT                ; Video is bit 7 — see VideoClear
0001B5r 2  30 09          bmi @WaitVBlankCard
0001B7r 2  A9 02          lda #2
0001B9r 2  A2 00          ldx #0
0001BBr 2  20 rr rr       jsr SysDelay
0001BEr 2  38             sec
0001BFr 2  60             rts
0001C0r 2               @WaitVBlankCard:
0001C0r 2  A9 03          lda #$03
0001C2r 2  20 rr rr       jsr VdpSelectStat             ; STAT3
0001C5r 2               @WaitVBlankOut:
0001C5r 2  AD 01 9C       lda VC_STATUS
0001C8r 2  4A             lsr a                         ; b0, vertical blanking, into carry
0001C9r 2  B0 FA          bcs @WaitVBlankOut            ; Still in the last one
0001CBr 2               @WaitVBlankIn:
0001CBr 2  AD 01 9C       lda VC_STATUS
0001CEr 2  4A             lsr a
0001CFr 2  90 FA          bcc @WaitVBlankIn             ; Not yet in the next
0001D1r 2  A9 00          lda #$00
0001D3r 2  20 rr rr       jsr VdpSelectStat             ; STATSEL_A back to STAT0, without reading it
0001D6r 2  18             clc
0001D7r 2  60             rts
0001D8r 2               
0001D8r 2               ; VdpLoadFont — Load one of the card's built-in fonts into layer 0's pattern table
0001D8r 2               ; Writes the font ID to FONT (SPEC §7), which copies it to L0PAT x $800 as that
0001D8r 2               ; register stands at the write, and waits for the copy: a pending load lands at
0001D8r 2               ; the line start where vertical blank begins, before STAT3 b0 sets, so
0001D8r 2               ; WaitVBlank returning is the completion.  STAT0 is not read.  The only font
0001D8r 2               ; STAT6 b7 promises is $00 (VDP_FONT_CP437), so any other ID is refused rather
0001D8r 2               ; than written as a command that would do nothing.
0001D8r 2               ; Input: A = font ID
0001D8r 2               ; Output: carry set, and nothing written, if no card or A is not $00
0001D8r 2               ; Modifies: Flags, A, X, Y
0001D8r 2               VdpLoadFontImpl:
0001D8r 2  2C 0D 03       bit HW_PRESENT                ; Video is bit 7 — see VideoClear
0001DBr 2  10 89          bpl VdpNoCard
0001DDr 2  C9 01          cmp #VDP_FONT_CP437 + 1
0001DFr 2  B0 85          bcs VdpNoCard
0001E1r 2  A2 30          ldx #VDP_FONT                 ; b7 clear: layer 0
0001E3r 2  20 rr rr       jsr VdpSetReg
0001E6r 2  4C rr rr       jmp WaitVBlankImpl            ; Carry clear: there is a card
0001E9r 2               
0001E9r 2               ; VdpSprite — Write one sprite's four attribute bytes
0001E9r 2               ; The attribute table is taken to be at VRAM $2000 (SPRATTR = $40), where
0001E9r 2               ; BASIC's SCREEN 1-3 puts it; a program that moves SPRATTR writes its sprites
0001E9r 2               ; with VdpPoke.  Sets VID_MODE b7 (disturbed).
0001E9r 2               ; Input: X = sprite (0-63), VDP_P0 = Y, VDP_P1 = X bits 7:0, VDP_P2 = pattern,
0001E9r 2               ;        VDP_P3 = attributes (b7 = X bit 8, b6 priority, b5:4 flips, b3:0
0001E9r 2               ;        sub-palette; SPEC §10)
0001E9r 2               ; Output: carry set, and nothing written, if no card or X > 63
0001E9r 2               ; Preserves: X
0001E9r 2               ; Modifies: Flags, A, Y
0001E9r 2               VdpSpriteImpl:
0001E9r 2  2C 0D 03       bit HW_PRESENT                ; Video is bit 7 — see VideoClear
0001ECr 2  10 20          bpl @VdpSpriteNone
0001EEr 2  E0 40          cpx #64
0001F0r 2  B0 1C          bcs @VdpSpriteNone
0001F2r 2  DA             phx
0001F3r 2  8A             txa
0001F4r 2  0A             asl a                         ; 4 bytes a sprite: at most 252
0001F5r 2  0A             asl a
0001F6r 2  AA             tax
0001F7r 2  A0 20          ldy #>$2000
0001F9r 2  A9 40          lda #$40                      ; Write
0001FBr 2  20 rr rr       jsr VdpAddress
0001FEr 2  A2 00          ldx #$00
000200r 2               @VdpSpriteByte:
000200r 2  BD 98 03       lda VDP_P0,x
000203r 2  8D 00 9C       sta VC_DATA
000206r 2  E8             inx
000207r 2  E0 04          cpx #4
000209r 2  D0 F5          bne @VdpSpriteByte
00020Br 2  FA             plx
00020Cr 2  80 41          bra VdpDisturbed
00020Er 2               @VdpSpriteNone:
00020Er 2  38             sec
00020Fr 2  60             rts
000210r 2               
000210r 2               ; VdpSetScroll — Scroll a layer
000210r 2               ; Writes LxSCRX, LxSCRY, and LxCTRL with b6 = X bit 8 and its other bits from
000210r 2               ; the shadow.  Sets VID_MODE b7 (disturbed).
000210r 2               ; Input: X = layer (0-1), A = x bits 7:0, Y = y, VDP_P0 = x bit 8 (0 or not)
000210r 2               ; Output: carry set, and nothing written, if no card or X > 1
000210r 2               ; Modifies: Flags, A, X
000210r 2               VdpSetScrollImpl:
000210r 2  2C 0D 03       bit HW_PRESENT                ; Video is bit 7 — see VideoClear
000213r 2  10 44          bpl VdpLayerNone
000215r 2  E0 02          cpx #2
000217r 2  B0 40          bcs VdpLayerNone
000219r 2  5A             phy                           ; y
00021Ar 2  48             pha                           ; x
00021Br 2  BD 96 03       lda VDP_L0CTRL_SHADOW,x
00021Er 2  29 BF          and #<~$40
000220r 2  AC 98 03       ldy VDP_P0
000223r 2  F0 02          beq @VdpSetScrollCtrl
000225r 2  09 40          ora #$40                      ; X bit 8
000227r 2               @VdpSetScrollCtrl:
000227r 2  20 rr rr       jsr VdpWriteLayerCtrl         ; X = LxCTRL
00022Ar 2  CA             dex                           ; LxSCRX
00022Br 2  CA             dex
00022Cr 2  68             pla
00022Dr 2  20 rr rr       jsr VdpWriteRegImpl
000230r 2  E8             inx                           ; LxSCRY
000231r 2  68             pla
000232r 2  20 rr rr       jsr VdpWriteRegImpl
000235r 2  80 18          bra VdpDisturbed
000237r 2               
000237r 2               ; VdpLayer — Show or hide a layer
000237r 2               ; Sets or clears LxCTRL b4, keeping its other bits from the shadow.  Sets
000237r 2               ; VID_MODE b7 (disturbed).
000237r 2               ; Input: X = layer (0-1), A = 0 to hide, anything else to show
000237r 2               ; Output: carry set, and nothing written, if no card or X > 1
000237r 2               ; Modifies: Flags, A, X
000237r 2               VdpLayerImpl:
000237r 2  2C 0D 03       bit HW_PRESENT                ; Video is bit 7 — see VideoClear
00023Ar 2  10 1D          bpl VdpLayerNone
00023Cr 2  E0 02          cpx #2
00023Er 2  B0 19          bcs VdpLayerNone
000240r 2  A8             tay                           ; Sets Z from A
000241r 2  BD 96 03       lda VDP_L0CTRL_SHADOW,x
000244r 2  29 EF          and #<~$10
000246r 2  C0 00          cpy #$00
000248r 2  F0 02          beq @VdpLayerOff
00024Ar 2  09 10          ora #$10                      ; Enable
00024Cr 2               @VdpLayerOff:
00024Cr 2  20 rr rr       jsr VdpWriteLayerCtrl
00024Fr 2               VdpDisturbed:                   ; VID_MODE b7: sprites, scroll or layers moved
00024Fr 2  AD 93 03       lda VID_MODE
000252r 2  09 80          ora #$80
000254r 2  8D 93 03       sta VID_MODE
000257r 2  18             clc
000258r 2  60             rts
000259r 2               VdpLayerNone:
000259r 2  38             sec
00025Ar 2  60             rts
00025Br 2               
00025Br 2               ; VdpWriteLayerCtrl — LxCTRL = A for layer X (0-1) through VdpWriteReg, so the
00025Br 2               ; shadow follows (no checks)
00025Br 2               ; Output: X = the register, $15 or $1D
00025Br 2               ; Modifies: Flags, A, X
00025Br 2               VdpWriteLayerCtrl:
00025Br 2  48             pha
00025Cr 2  8A             txa
00025Dr 2  0A             asl a                         ; 0 or 8, carry clear
00025Er 2  0A             asl a
00025Fr 2  0A             asl a
000260r 2  69 15          adc #VDP_L0CTRL
000262r 2  AA             tax
000263r 2  68             pla
000264r 2  4C rr rr       jmp VdpWriteRegImpl
000267r 2               
000267r 2               ; VdpStatus — Read a status register through port A
000267r 2               ; Selects STATn with STATSEL_A, reads it, and puts STATSEL_A back to 0 without
000267r 2               ; reading STAT0.  Reading STAT0 itself clears its flags, and STAT1 its
000267r 2               ; latches, as SPEC §6 says.
000267r 2               ; Input: X = status register (0-15)
000267r 2               ; Output: A = its value; carry set, and nothing read, if no card or X > 15
000267r 2               ; Preserves: X, Y
000267r 2               ; Modifies: Flags, A
000267r 2               VdpStatusImpl:
000267r 2  2C 0D 03       bit HW_PRESENT                ; Video is bit 7 — see VideoClear
00026Ar 2  10 ED          bpl VdpLayerNone
00026Cr 2  E0 10          cpx #16
00026Er 2  B0 E9          bcs VdpLayerNone
000270r 2  8A             txa
000271r 2  20 rr rr       jsr VdpReadStat
000274r 2  18             clc
000275r 2  60             rts
000276r 2               
000276r 2               ; VdpAddress — Point port A at any VRAM address (no card check)
000276r 2               ; VBANK = the address's bits 15:14 for the address command, then back to 0:
000276r 2               ; the card samples it there, and the pointer carries across banks by itself.
000276r 2               ; Input: A = $40 to write or $00 to read, X = address low, Y = address high
000276r 2               ; Modifies: Flags, A, X
000276r 2               VdpAddress:
000276r 2  48             pha                           ; Write or read
000277r 2  98             tya
000278r 2  0A             asl a                         ; Bits 15:14 down to 1:0
000279r 2  2A             rol a
00027Ar 2  2A             rol a
00027Br 2  29 03          and #$03
00027Dr 2  DA             phx
00027Er 2  A2 08          ldx #VDP_VBANK
000280r 2  20 rr rr       jsr VdpSetReg
000283r 2  68             pla
000284r 2  8D 01 9C       sta VC_REG                    ; Address low
000287r 2  98             tya
000288r 2  29 3F          and #$3F
00028Ar 2  BA             tsx
00028Br 2  1D 01 01       ora $0101,x                   ; With the write bit
00028Er 2  8D 01 9C       sta VC_REG
000291r 2  68             pla
000292r 2  A9 00          lda #$00
000294r 2  A2 08          ldx #VDP_VBANK
000296r 2  4C rr rr       jmp VdpSetReg
000299r 2               
000299r 2               ; VdpReadStat — A = STATn for n in A, leaving STATSEL_A = 0 (no card check)
000299r 2               ; Modifies: Flags, A
000299r 2               VdpReadStat:
000299r 2  20 rr rr       jsr VdpSelectStat
00029Cr 2  AD 01 9C       lda VC_STATUS
00029Fr 2  48             pha
0002A0r 2  A9 00          lda #$00                      ; STATSEL_A back to STAT0, without reading it
0002A2r 2  20 rr rr       jsr VdpSelectStat
0002A5r 2  68             pla
0002A6r 2  60             rts
0002A7r 2               
0002A7r 2               ; VdpSelectStat — STATSEL_A = A (no card check)
0002A7r 2               ; Modifies: Flags, A
0002A7r 2               VdpSelectStat:
0002A7r 2  8D 01 9C       sta VC_REG
0002AAr 2  A9 8F          lda #($80 | VDP_STATSEL_A)
0002ACr 2  8D 01 9C       sta VC_REG
0002AFr 2  60             rts
0002B0r 2               
0002B0r 2               ; VideoClear — Fill the screen with spaces in the current pen, cursor home
0002B0r 2               ; Fills the 960-byte name table at VRAM $0000 with $20 and the 960 attributes at
0002B0r 2               ; $0400 with VID_PEN, so COLOR fg,bg : CLS gives a screen of that colour, and
0002B0r 2               ; takes the scroll origin back to row 0.
0002B0r 2               ; Skips silently if no video card is fitted
0002B0r 2               ; Modifies: Flags, A, X, Y
0002B0r 2               VideoClearImpl:
0002B0r 2  2C 0D 03       bit HW_PRESENT                ; Video is bit 7, so BIT tests it in N without
0002B3r 2  30 01          bmi @VideoClearFitted         ;   disturbing A — these routines take their
0002B5r 2  60             rts                           ;   argument there.  See the note above
0002B6r 2                                               ;   HW_PRESENT's bit definitions in BIOS.inc.
0002B6r 2               @VideoClearFitted:
0002B6r 2  AD 93 03       lda VID_MODE                  ; First use since KernalInit: bring the console
0002B9r 2  D0 03          bne VideoClearNow             ;   up, and then this is the clear it needs
0002BBr 2  20 rr rr       jsr InitVideoImpl
0002BEr 2               VideoClearNow:
0002BEr 2  A9 40          lda #$40                      ; Name table, $0000, write
0002C0r 2  A2 20          ldx #$20
0002C2r 2  20 rr rr       jsr @Fill
0002C5r 2  A9 44          lda #$44                      ; Attribute table, $0400, write
0002C7r 2  AE 91 03       ldx VID_PEN
0002CAr 2  20 rr rr       jsr @Fill
0002CDr 2  9C 92 03       stz VID_TOP                   ; Unscrolled
0002D0r 2  A9 00          lda #$00
0002D2r 2  A2 14          ldx #VDP_L0SCRY
0002D4r 2  20 rr rr       jsr VdpSetReg
0002D7r 2                 ; Reset cursor to (0,0)
0002D7r 2  9C 07 03       stz VID_CURSOR_X
0002DAr 2  9C 08 03       stz VID_CURSOR_Y
0002DDr 2  9C 09 03       stz VID_CURSOR_ADDR
0002E0r 2  9C 0A 03       stz VID_CURSOR_ADDR + 1
0002E3r 2  60             rts
0002E4r 2               @Fill:                          ; A = address command high byte, X = fill value
0002E4r 2  9C 01 9C       stz VC_REG                    ; Low byte of the address
0002E7r 2  8D 01 9C       sta VC_REG
0002EAr 2  8A             txa
0002EBr 2  A0 00          ldy #$00
0002EDr 2  A2 03          ldx #$03                      ; 3 full pages (768 bytes)
0002EFr 2               @VideoClearPage:
0002EFr 2  8D 00 9C       sta VC_DATA
0002F2r 2  C8             iny
0002F3r 2  D0 FA          bne @VideoClearPage
0002F5r 2  CA             dex
0002F6r 2  D0 F7          bne @VideoClearPage
0002F8r 2  A0 C0          ldy #192                      ; Remaining 192 bytes (960 - 768)
0002FAr 2               @VideoClearRem:
0002FAr 2  8D 00 9C       sta VC_DATA
0002FDr 2  88             dey
0002FEr 2  D0 FA          bne @VideoClearRem
000300r 2  60             rts
000301r 2               
000301r 2               ; VideoSetCursor — Set cursor position
000301r 2               ; Input: X = column (0-39), Y = row (0-23), on the screen as shown
000301r 2               ; VID_CURSOR_ADDR = ((Y + VID_TOP) mod 24) * 40 + X, the cell's place in the
000301r 2               ; name table once the scroll origin is folded in
000301r 2               ; Skips silently if no video card is fitted
000301r 2               ; Modifies: Flags, A
000301r 2               VideoSetCursorImpl:
000301r 2  2C 0D 03       bit HW_PRESENT                ; Video is bit 7 — see VideoClear
000304r 2  10 23          bpl @VideoSetCursorNone
000306r 2  20 rr rr       jsr VideoConsoleReady
000309r 2  8E 07 03       stx VID_CURSOR_X
00030Cr 2  8C 08 03       sty VID_CURSOR_Y
00030Fr 2  98             tya                           ; Screen row to name-table row:
000310r 2  18             clc                           ;   (row + VID_TOP) mod 24
000311r 2  6D 92 03       adc VID_TOP
000314r 2  C9 18          cmp #24
000316r 2  90 02          bcc @VideoSetCursorRow
000318r 2  E9 18          sbc #24                       ; Carry is set
00031Ar 2               @VideoSetCursorRow:
00031Ar 2  20 rr rr       jsr VideoRowAddr              ; VID_CURSOR_ADDR = row * 40, carry clear
00031Dr 2  8A             txa                           ; Add the column
00031Er 2  6D 09 03       adc VID_CURSOR_ADDR
000321r 2  8D 09 03       sta VID_CURSOR_ADDR
000324r 2  90 03          bcc @VideoSetCursorNone
000326r 2  EE 0A 03       inc VID_CURSOR_ADDR + 1
000329r 2               @VideoSetCursorNone:
000329r 2  60             rts
00032Ar 2               
00032Ar 2               ; VideoConsoleReady — Bring the Text console up on its first use
00032Ar 2               ; KernalInit leaves the card in the legacy submode it resets to (VID_MODE = $00),
00032Ar 2               ; so that a cartridge programming M1/M2/M3 itself sees what it saw on 1.x.  The
00032Ar 2               ; console entries call this first: if the card is fitted and VID_MODE is still
00032Ar 2               ; $00, InitVideo + VideoClear.  Only $00 triggers it, so a program that switched
00032Ar 2               ; to another mode and then prints is not reset behind its back.
00032Ar 2               ; Preserves: A, X, Y
00032Ar 2               ; Modifies: Flags
00032Ar 2               VideoConsoleReady:
00032Ar 2  2C 0D 03       bit HW_PRESENT                ; Video is bit 7 — see VideoClear
00032Dr 2  10 11          bpl @VideoConsoleNone
00032Fr 2  48             pha
000330r 2  AD 93 03       lda VID_MODE
000333r 2  D0 0A          bne @VideoConsoleUp
000335r 2  DA             phx
000336r 2  5A             phy
000337r 2  20 rr rr       jsr InitVideoImpl             ; Sets VID_MODE = $01, so no recursion
00033Ar 2  20 rr rr       jsr VideoClearNow
00033Dr 2  7A             ply
00033Er 2  FA             plx
00033Fr 2               @VideoConsoleUp:
00033Fr 2  68             pla
000340r 2               @VideoConsoleNone:
000340r 2  60             rts
000341r 2               
000341r 2               ; VideoRowAddr — VID_CURSOR_ADDR = A * 40, for a name-table row 0-23
000341r 2               ; Output: carry clear
000341r 2               ; Modifies: Flags, A
000341r 2               VideoRowAddr:
000341r 2  9C 0A 03       stz VID_CURSOR_ADDR + 1
000344r 2  0A             asl a                         ; x8 fits in a byte (23 * 8 = 184)
000345r 2  0A             asl a
000346r 2  0A             asl a
000347r 2  8D 09 03       sta VID_CURSOR_ADDR
00034Ar 2  0A             asl a                         ; x32 does not: carry into the high byte
00034Br 2  2E 0A 03       rol VID_CURSOR_ADDR + 1
00034Er 2  0A             asl a
00034Fr 2  2E 0A 03       rol VID_CURSOR_ADDR + 1       ; Leaves carry clear (the high byte's b7 was 0)
000352r 2  6D 09 03       adc VID_CURSOR_ADDR           ; x32 + x8
000355r 2  8D 09 03       sta VID_CURSOR_ADDR
000358r 2  90 04          bcc @VideoRowAddrDone
00035Ar 2  EE 0A 03       inc VID_CURSOR_ADDR + 1
00035Dr 2  18             clc
00035Er 2               @VideoRowAddrDone:
00035Er 2  60             rts
00035Fr 2               
00035Fr 2               ; VideoGetCursor — Get cursor position
00035Fr 2               ; Output: X = column (0-39), Y = row (0-23)
00035Fr 2               ; Modifies: Flags
00035Fr 2               VideoGetCursorImpl:
00035Fr 2  20 rr rr       jsr VideoConsoleReady
000362r 2  AE 07 03       ldx VID_CURSOR_X
000365r 2  AC 08 03       ldy VID_CURSOR_Y
000368r 2  60             rts
000369r 2               
000369r 2               ; VideoPutChar — Write a character at VID_CURSOR_ADDR, coloured with VID_PEN
000369r 2               ; Input: A = character to write
000369r 2               ; Modifies: Flags
000369r 2               VideoPutCharImpl:
000369r 2  48             pha
00036Ar 2  AD 09 03       lda VID_CURSOR_ADDR           ; Name byte
00036Dr 2  8D 01 9C       sta VC_REG
000370r 2  AD 0A 03       lda VID_CURSOR_ADDR + 1
000373r 2  09 40          ora #$40                      ; Write mode
000375r 2  8D 01 9C       sta VC_REG
000378r 2  68             pla
000379r 2  8D 00 9C       sta VC_DATA
00037Cr 2  48             pha
00037Dr 2  AD 09 03       lda VID_CURSOR_ADDR           ; Attribute byte, $0400 further on
000380r 2  8D 01 9C       sta VC_REG
000383r 2  AD 0A 03       lda VID_CURSOR_ADDR + 1
000386r 2  09 44          ora #$44                      ; Write mode, + $0400
000388r 2  8D 01 9C       sta VC_REG
00038Br 2  AD 91 03       lda VID_PEN
00038Er 2  8D 00 9C       sta VC_DATA
000391r 2  68             pla
000392r 2  60             rts
000393r 2               
000393r 2               ; VideoScroll — Scroll the screen up one line, in hardware
000393r 2               ; Moves the display origin down a row (VID_TOP, and L0SCRY = VID_TOP * 8) and
000393r 2               ; blanks the row that was at the top, which is now the bottom line, in the
000393r 2               ; current pen.  The name table does not move.  The cursor keeps its screen
000393r 2               ; position, so its VRAM address is worked out again.
000393r 2               ; Skips silently if no video card is fitted
000393r 2               ; Modifies: Flags, A, X, Y
000393r 2               VideoScrollImpl:
000393r 2  2C 0D 03       bit HW_PRESENT                ; Video is bit 7 — see VideoClear
000396r 2  10 32          bpl @VideoScrollNone
000398r 2  AD 92 03       lda VID_TOP
00039Br 2  48             pha                           ; The row leaving the top
00039Cr 2  1A             inc a
00039Dr 2  C9 18          cmp #24
00039Fr 2  90 02          bcc @VideoScrollTop
0003A1r 2  A9 00          lda #$00
0003A3r 2               @VideoScrollTop:
0003A3r 2  8D 92 03       sta VID_TOP
0003A6r 2  0A             asl a                         ; x8 pixels (at most 184)
0003A7r 2  0A             asl a
0003A8r 2  0A             asl a
0003A9r 2  A2 14          ldx #VDP_L0SCRY
0003ABr 2  20 rr rr       jsr VdpSetReg
0003AEr 2  68             pla
0003AFr 2  20 rr rr       jsr VideoRowAddr              ; VID_CURSOR_ADDR = that row * 40
0003B2r 2  A9 40          lda #$40                      ; Its names, write mode
0003B4r 2  A2 20          ldx #$20
0003B6r 2  20 rr rr       jsr @VideoScrollRow
0003B9r 2  A9 44          lda #$44                      ; Its attributes, write mode, + $0400
0003BBr 2  AE 91 03       ldx VID_PEN
0003BEr 2  20 rr rr       jsr @VideoScrollRow
0003C1r 2  AE 07 03       ldx VID_CURSOR_X              ; Put the cursor back on its screen cell
0003C4r 2  AC 08 03       ldy VID_CURSOR_Y
0003C7r 2  4C rr rr       jmp VideoSetCursorImpl
0003CAr 2               @VideoScrollNone:
0003CAr 2  60             rts
0003CBr 2               @VideoScrollRow:                ; A = address high bits, X = fill value
0003CBr 2  0D 0A 03       ora VID_CURSOR_ADDR + 1
0003CEr 2  AC 09 03       ldy VID_CURSOR_ADDR
0003D1r 2  8C 01 9C       sty VC_REG
0003D4r 2  8D 01 9C       sta VC_REG
0003D7r 2  8A             txa
0003D8r 2  A0 28          ldy #40
0003DAr 2               @VideoScrollFill:
0003DAr 2  8D 00 9C       sta VC_DATA
0003DDr 2  88             dey
0003DEr 2  D0 FA          bne @VideoScrollFill
0003E0r 2  60             rts
0003E1r 2               
0003E1r 2               ; VideoChrout — Output character to video display
0003E1r 2               ; Handles control characters: CR ($0D), LF ($0A), BS ($08), BEL ($07)
0003E1r 2               ; Printable ASCII ($20-$7E) written to VRAM; all other codes silently discarded
0003E1r 2               ; Auto-wraps at column 40, auto-scrolls at row 24
0003E1r 2               ; Input: A = character to output
0003E1r 2               ; Preserves: A, X, Y (callers like ChrinImpl, BasPrintStr and Wozmon depend on this)
0003E1r 2               ; Modifies: Flags
0003E1r 2               VideoChroutImpl:
0003E1r 2  20 rr rr       jsr VideoConsoleReady
0003E4r 2  48             pha
0003E5r 2  DA             phx
0003E6r 2  5A             phy
0003E7r 2                 ; Fast path: printable ASCII ($20-$7E) — most common case
0003E7r 2  C9 20          cmp #$20
0003E9r 2  90 06          bcc @Control                  ; < $20 → check control codes
0003EBr 2  C9 7F          cmp #$7F
0003EDr 2  90 14          bcc @PrintChar                ; $20-$7E → printable character
0003EFr 2                 ; >= $7F (DEL and above) — discard
0003EFr 2                 ; User programs wanting raw glyph output should use VideoChroutRaw.
0003EFr 2  80 45          bra @VideoChroutDone
0003F1r 2               @Control:
0003F1r 2  C9 0D          cmp #$0D                      ; Carriage Return?
0003F3r 2  F0 45          beq @VideoCR
0003F5r 2  C9 0A          cmp #$0A                      ; Line Feed?
0003F7r 2  F0 4E          beq @VideoLF
0003F9r 2  C9 08          cmp #$08                      ; Backspace?
0003FBr 2  F0 67          beq @VideoBS
0003FDr 2  C9 07          cmp #$07                      ; Bell?
0003FFr 2  F0 7B          beq @VideoBEL
000401r 2                 ; Unrecognized control code — discard
000401r 2  80 33          bra @VideoChroutDone
000403r 2               @PrintChar:
000403r 2                 ; Regular printable character — write at cursor and advance
000403r 2  20 rr rr       jsr VideoPutChar              ; Write char to VRAM at cursor
000406r 2                 ; Advance cursor
000406r 2  EE 07 03       inc VID_CURSOR_X
000409r 2                 ; Increment VRAM address
000409r 2  EE 09 03       inc VID_CURSOR_ADDR
00040Cr 2  D0 03          bne @CheckWrap
00040Er 2  EE 0A 03       inc VID_CURSOR_ADDR + 1
000411r 2               @CheckWrap:
000411r 2  AD 07 03       lda VID_CURSOR_X
000414r 2  C9 28          cmp #40                       ; Past last column?
000416r 2  90 1E          bcc @VideoChroutDone          ; No, done
000418r 2                 ; Auto-wrap: CR + LF
000418r 2  9C 07 03       stz VID_CURSOR_X
00041Br 2  EE 08 03       inc VID_CURSOR_Y
00041Er 2  AD 08 03       lda VID_CURSOR_Y
000421r 2  C9 18          cmp #24                       ; Past last row?
000423r 2  90 08          bcc @WrapRecalc
000425r 2                 ; Need to scroll
000425r 2  20 rr rr       jsr VideoScroll
000428r 2  A9 17          lda #23
00042Ar 2  8D 08 03       sta VID_CURSOR_Y
00042Dr 2               @WrapRecalc:
00042Dr 2  AE 07 03       ldx VID_CURSOR_X
000430r 2  AC 08 03       ldy VID_CURSOR_Y
000433r 2  20 rr rr       jsr VideoSetCursor            ; Recalculate VRAM address
000436r 2               @VideoChroutDone:
000436r 2  7A             ply
000437r 2  FA             plx
000438r 2  68             pla
000439r 2  60             rts
00043Ar 2               
00043Ar 2               @VideoCR:
00043Ar 2  9C 07 03       stz VID_CURSOR_X              ; Column = 0
00043Dr 2  A2 00          ldx #$00
00043Fr 2  AC 08 03       ldy VID_CURSOR_Y
000442r 2  20 rr rr       jsr VideoSetCursor            ; Recalculate VRAM address
000445r 2  80 EF          bra @VideoChroutDone
000447r 2               
000447r 2               @VideoLF:
000447r 2  EE 08 03       inc VID_CURSOR_Y
00044Ar 2  AD 08 03       lda VID_CURSOR_Y
00044Dr 2  C9 18          cmp #24                       ; Past last row?
00044Fr 2  90 08          bcc @LFRecalc
000451r 2  20 rr rr       jsr VideoScroll
000454r 2  A9 17          lda #23
000456r 2  8D 08 03       sta VID_CURSOR_Y
000459r 2               @LFRecalc:
000459r 2  AE 07 03       ldx VID_CURSOR_X
00045Cr 2  AC 08 03       ldy VID_CURSOR_Y
00045Fr 2  20 rr rr       jsr VideoSetCursor
000462r 2  80 D2          bra @VideoChroutDone
000464r 2               
000464r 2               @VideoBS:
000464r 2  AD 07 03       lda VID_CURSOR_X
000467r 2  F0 CD          beq @VideoChroutDone          ; Already at column 0, ignore
000469r 2  CE 07 03       dec VID_CURSOR_X
00046Cr 2  AE 07 03       ldx VID_CURSOR_X
00046Fr 2  AC 08 03       ldy VID_CURSOR_Y
000472r 2  20 rr rr       jsr VideoSetCursor            ; Recalculate VRAM address
000475r 2  A9 20          lda #$20                      ; Write space to erase character
000477r 2  20 rr rr       jsr VideoPutChar
00047Ar 2  80 BA          bra @VideoChroutDone
00047Cr 2               
00047Cr 2               @VideoBEL:
00047Cr 2  20 rr rr       jsr Beep
00047Fr 2  80 B5          bra @VideoChroutDone
000481r 2               
000481r 2               ; VideoChroutRaw — Output character to video (raw, no control-code handling)
000481r 2               ; Always writes the character glyph at the cursor position and advances.
000481r 2               ; Input: A = character code (0-255)
000481r 2               ; Preserves: A, X, Y
000481r 2               ; Modifies: Flags
000481r 2               VideoChroutRawImpl:
000481r 2  20 rr rr       jsr VideoConsoleReady
000484r 2  48             pha
000485r 2  DA             phx
000486r 2  5A             phy
000487r 2  20 rr rr       jsr VideoPutChar              ; Write char to VRAM at cursor
00048Ar 2  EE 07 03       inc VID_CURSOR_X
00048Dr 2  EE 09 03       inc VID_CURSOR_ADDR
000490r 2  D0 03          bne @RawCheckWrap
000492r 2  EE 0A 03       inc VID_CURSOR_ADDR + 1
000495r 2               @RawCheckWrap:
000495r 2  AD 07 03       lda VID_CURSOR_X
000498r 2  C9 28          cmp #40                       ; Past last column?
00049Ar 2  90 1E          bcc @RawDone
00049Cr 2  9C 07 03       stz VID_CURSOR_X
00049Fr 2  EE 08 03       inc VID_CURSOR_Y
0004A2r 2  AD 08 03       lda VID_CURSOR_Y
0004A5r 2  C9 18          cmp #24                       ; Past last row?
0004A7r 2  90 08          bcc @RawRecalc
0004A9r 2  20 rr rr       jsr VideoScroll
0004ACr 2  A9 17          lda #23
0004AEr 2  8D 08 03       sta VID_CURSOR_Y
0004B1r 2               @RawRecalc:
0004B1r 2  AE 07 03       ldx VID_CURSOR_X
0004B4r 2  AC 08 03       ldy VID_CURSOR_Y
0004B7r 2  20 rr rr       jsr VideoSetCursor
0004BAr 2               @RawDone:
0004BAr 2  7A             ply
0004BBr 2  FA             plx
0004BCr 2  68             pla
0004BDr 2  60             rts
0004BEr 2               
0004BEr 2               ; PrintStr — Print a NUL-terminated string to the console (routed by IO_MODE
0004BEr 2               ; through Chrout, so it works for video OR serial).  General-purpose; used by
0004BEr 2               ; BASIC (via the BasPrintStr alias) and available to cartridges.
0004BEr 2               ; Input : A = string address low, Y = string address high
0004BEr 2               ; Output: A, Y clobbered; X preserved; clobbers STR_PTR (Chrout preserves it)
0004BEr 2               PrintStrImpl:
0004BEr 2  85 02          sta STR_PTR
0004C0r 2  84 03          sty STR_PTR + 1
0004C2r 2  A0 00          ldy #$00
0004C4r 2               @PrintStrLoop:
0004C4r 2  B1 02          lda (STR_PTR),y
0004C6r 2  F0 06          beq @PrintStrDone             ; NUL terminator
0004C8r 2  20 rr rr       jsr Chrout
0004CBr 2  C8             iny
0004CCr 2  D0 F6          bne @PrintStrLoop             ; Max 256 chars per call
0004CEr 2               @PrintStrDone:
0004CEr 2  60             rts
0004CFr 2               
0004CFr 2               ; PrintCRLF — Emit CR ($0D) then LF ($0A) via Chrout.
0004CFr 2               PrintCRLFImpl:
0004CFr 2  A9 0D          lda #$0D
0004D1r 2  20 rr rr       jsr Chrout
0004D4r 2  A9 0A          lda #$0A
0004D6r 2  4C rr rr       jmp Chrout
0004D9r 2               
0004D9r 2               ; KernalInit — Initialize RAM variables, probe & init all hardware
0004D9r 2               ; Sets HW_PRESENT, IO_MODE, IRQ/BRK/NMI pointers, BOOT_VECTOR=0
0004D9r 2               ; Does NOT enable interrupts (caller must cli)
0004D9r 2               ; Does NOT reset the stack pointer (caller should do this before JSR)
0004D9r 2               ; Does NOT print anything or start BASIC
0004D9r 2               ; Modifies: All registers, flags
0004D9r 2               KernalInitImpl:
0004D9r 2  D8             cld                           ; Clear decimal mode
0004DAr 2  78             sei                           ; Disable interrupts
0004DBr 2               
0004DBr 2  A9 rr          lda #<Irq                     ; Initialize the IRQ pointer
0004DDr 2  8D 00 03       sta IRQ_PTR
0004E0r 2  A9 rr          lda #>Irq
0004E2r 2  8D 01 03       sta IRQ_PTR + 1
0004E5r 2               
0004E5r 2  A9 rr          lda #<Break                   ; Initialize the BRK pointer
0004E7r 2  8D 02 03       sta BRK_PTR
0004EAr 2  A9 rr          lda #>Break
0004ECr 2  8D 03 03       sta BRK_PTR + 1
0004EFr 2               
0004EFr 2  A9 rr          lda #<Nmi                     ; Initialize the NMI pointer
0004F1r 2  8D 04 03       sta NMI_PTR
0004F4r 2  A9 rr          lda #>Nmi
0004F6r 2  8D 05 03       sta NMI_PTR + 1
0004F9r 2               
0004F9r 2  9C 0D 03       stz HW_PRESENT                ; Clear all hardware flags
0004FCr 2  9C 5B 03       stz BOOT_VECTOR               ; Clear boot redirect vector
0004FFr 2  9C 5C 03       stz BOOT_VECTOR + 1
000502r 2  9C 8E 03       stz PRG_IMAGE_END             ; No externally-loaded program image yet.  This
000505r 2  9C 8F 03       stz PRG_IMAGE_END + 1         ;   runs before any loader can, so a non-zero
000508r 2                                               ;   value always means a loader put it there
000508r 2  9C 0F 03       stz CF_DISK                   ; Reset current CF disk bank to 0
00050Br 2  A9 1F          lda #$1F                      ; Black on white.  Only KernalInit resets the
00050Dr 2  8D 91 03       sta VID_PEN                   ;   pen: NEW, RUN, CLR and errors keep it
000510r 2               
000510r 2  20 rr rr       jsr InitBuffer                ; Initialize the input buffer (RAM-only, no hardware)
000513r 2               
000513r 2  20 rr rr       jsr ProbeRAM                  ; Sets HW_RAM_L / HW_RAM_H if present (no init needed)
000516r 2               
000516r 2  20 rr rr       jsr ProbeRTC                  ; Sets HW_RTC if present (no init needed)
000519r 2               
000519r 2  20 rr rr       jsr StInit                    ; CF: timeout will handle absent card in Phase 3, sets HW_CF on success
00051Cr 2               
00051Cr 2  20 rr rr       jsr ProbeSerial               ; Sets HW_SC if present
00051Fr 2  AD 0D 03       lda HW_PRESENT
000522r 2  29 10          and #HW_SC
000524r 2  F0 03          beq @SkipSerial
000526r 2  20 rr rr       jsr InitSCImpl
000529r 2               @SkipSerial:
000529r 2               
000529r 2  20 rr rr       jsr ProbeGPIO                 ; Sets HW_GPIO if present
00052Cr 2  AD 0D 03       lda HW_PRESENT
00052Fr 2  29 20          and #HW_GPIO
000531r 2  F0 03          beq @SkipGPIO
000533r 2  20 rr rr       jsr InitKBImpl
000536r 2               @SkipGPIO:
000536r 2               
000536r 2  20 rr rr       jsr ProbeSID                  ; Sets HW_SID if present
000539r 2  AD 0D 03       lda HW_PRESENT
00053Cr 2  29 40          and #HW_SID
00053Er 2  F0 03          beq @SkipSID
000540r 2  20 rr rr       jsr InitSIDImpl
000543r 2               @SkipSID:
000543r 2               
000543r 2  9C 93 03       stz VID_MODE                  ; No console set up since KernalInit
000546r 2  9C 92 03       stz VID_TOP
000549r 2  20 rr rr       jsr ProbeVideo                ; Sets HW_VID if present
00054Cr 2  2C 0D 03       bit HW_PRESENT
00054Fr 2  10 19          bpl @SkipVideo
000551r 2                 ; The card as it is after its own reset, so that a warm KernalInit matches a
000551r 2                 ; power-on: the legacy submode, unscrolled, port A reading STAT0 (the probe
000551r 2                 ; restored that).  No InitVideo — the console comes up on first use
000551r 2                 ; (VideoConsoleReady), and a cartridge that drives the card itself finds it
000551r 2                 ; where a 1.x ROM left a TMS9918.
000551r 2  A2 0D          ldx #VDP_VMODE
000553r 2  20 rr rr       jsr @ZeroReg
000556r 2  A2 13          ldx #VDP_L0SCRX
000558r 2  20 rr rr       jsr @ZeroReg
00055Br 2  A2 14          ldx #VDP_L0SCRY
00055Dr 2  20 rr rr       jsr @ZeroReg
000560r 2  A9 3C          lda #$3C                      ; LxCTRL as the card resets them (SPEC §5), for
000562r 2  8D 96 03       sta VDP_L0CTRL_SHADOW         ;   VdpSetScroll and VdpLayer before anything
000565r 2  A9 0C          lda #$0C                      ;   has written them
000567r 2  8D 97 03       sta VDP_L1CTRL_SHADOW
00056Ar 2               @SkipVideo:
00056Ar 2               
00056Ar 2                 ; Console auto-detection — determine IO_MODE from available hardware
00056Ar 2  AD 0D 03       lda HW_PRESENT
00056Dr 2  29 80          and #HW_VID
00056Fr 2  D0 09          bne @ConsoleVideo             ; Video present — use it
000571r 2  AD 0D 03       lda HW_PRESENT
000574r 2  29 10          and #HW_SC
000576r 2  D0 15          bne @ConsoleSerial            ; Serial present — use it
000578r 2                 ; Neither video nor serial — IO_MODE left as-is (no console)
000578r 2  80 18          bra @ConsoleDone
00057Ar 2               
00057Ar 2               @ConsoleVideo:
00057Ar 2  A9 00          lda #$00                      ; IO_MODE = video
00057Cr 2  8D 06 03       sta IO_MODE
00057Fr 2  9C 07 03       stz VID_CURSOR_X
000582r 2  9C 08 03       stz VID_CURSOR_Y
000585r 2  9C 09 03       stz VID_CURSOR_ADDR
000588r 2  9C 0A 03       stz VID_CURSOR_ADDR + 1
00058Br 2  80 05          bra @ConsoleDone
00058Dr 2               
00058Dr 2               @ConsoleSerial:
00058Dr 2  A9 01          lda #$01                      ; IO_MODE = serial
00058Fr 2  8D 06 03       sta IO_MODE
000592r 2               
000592r 2               @ConsoleDone:
000592r 2  60             rts
000593r 2               @ZeroReg:                       ; X = register
000593r 2  A9 00          lda #$00
000595r 2  4C rr rr       jmp VdpSetReg
000598r 2               
000598r 2               ; KernalVersion — Return BIOS version in registers
000598r 2               ; Output: A = major version, X = minor version
000598r 2               ; Modifies: A, X
000598r 2               KernalVersionImpl:
000598r 2  A9 02          lda #BIOS_VERSION_MAJOR
00059Ar 2  A2 00          ldx #BIOS_VERSION_MINOR
00059Cr 2  60             rts
00059Dr 2               
00059Dr 2               ; ProgramEnd — Determine where the program image at PROGRAM_START ends.
00059Dr 2               ; A program image is a tokenized BASIC line chain, optionally followed by machine
00059Dr 2               ; code (a ".prg").  Only a byte count can find the end of the machine code; a
00059Dr 2               ; chain walk stops at the $0000 end marker.  So prefer a count recorded by a
00059Dr 2               ; loader running outside BASIC, and fall back to the walk when there is none.
00059Dr 2               ; Input: none (reads PRG_IMAGE_END, set by a loader that places a .prg at $0800)
00059Dr 2               ; Output: A = end lo, Y = end hi — the address BASIC should use for VARTAB
00059Dr 2               ; Modifies: Flags, A, X, Y, PE_PTR, PE_NEXT, PRG_IMAGE_END (consumed)
00059Dr 2               ; Note: writes the $00 $00 end marker at PROGRAM_START in the empty case.
00059Dr 2               ; Not in the jump table — BASIC calls this label directly, as it does ReqHw.
00059Dr 2               ProgramEnd:
00059Dr 2                 ; --- 1. A loader recorded a byte count: trust it if it is in range ---
00059Dr 2  AD 8E 03       lda PRG_IMAGE_END
0005A0r 2  AE 8F 03       ldx PRG_IMAGE_END + 1
0005A3r 2  9C 8E 03       stz PRG_IMAGE_END             ; Consume it either way, so a stale value cannot
0005A6r 2  9C 8F 03       stz PRG_IMAGE_END + 1         ;   be acted on twice
0005A9r 2  E0 08          cpx #>PROGRAM_START           ; Must be >= PROGRAM_START + 2 (0 fails here too)
0005ABr 2  90 13          bcc @PeWalk
0005ADr 2  D0 04          bne @PeHiOk
0005AFr 2  C9 02          cmp #<(PROGRAM_START + 2)
0005B1r 2  90 0D          bcc @PeWalk
0005B3r 2               @PeHiOk:
0005B3r 2  E0 80          cpx #>MEMORY_TOP              ; ...and must not run past the top of RAM
0005B5r 2  90 06          bcc @PeUse
0005B7r 2  D0 07          bne @PeWalk
0005B9r 2  C9 00          cmp #<MEMORY_TOP
0005BBr 2  D0 03          bne @PeWalk
0005BDr 2               @PeUse:
0005BDr 2  DA             phx                           ; Y = hi; A still holds lo
0005BEr 2  7A             ply
0005BFr 2  60             rts
0005C0r 2               
0005C0r 2                 ; --- 2. No count: walk the line chain to the $0000 end marker ---
0005C0r 2               @PeWalk:
0005C0r 2  AD 01 08       lda PROGRAM_START + 1         ; High byte of the first next-pointer: a real
0005C3r 2  C9 08          cmp #>PROGRAM_START           ;   program's lines all live in [$0800, $8000)
0005C5r 2  90 3E          bcc @PeEmpty
0005C7r 2  C9 80          cmp #>MEMORY_TOP
0005C9r 2  B0 3A          bcs @PeEmpty
0005CBr 2  A9 00          lda #<PROGRAM_START
0005CDr 2  85 24          sta PE_PTR
0005CFr 2  A9 08          lda #>PROGRAM_START
0005D1r 2  85 25          sta PE_PTR + 1
0005D3r 2               @PeWalkLoop:
0005D3r 2  A0 01          ldy #1
0005D5r 2  B1 24          lda (PE_PTR),y                ; Next-pointer high byte
0005D7r 2  F0 1F          beq @PeWalkDone               ; 0 → end marker reached
0005D9r 2  C9 80          cmp #>MEMORY_TOP              ; Out of range → not a real program
0005DBr 2  B0 28          bcs @PeEmpty
0005DDr 2  85 27          sta PE_NEXT + 1
0005DFr 2  88             dey
0005E0r 2  B1 24          lda (PE_PTR),y                ; Next-pointer low byte
0005E2r 2  85 26          sta PE_NEXT
0005E4r 2                 ; Lines are stored in strictly ascending address order.  If the next-pointer
0005E4r 2                 ; does not advance upward we are walking random power-up RAM, which would
0005E4r 2                 ; otherwise loop forever — bail out and install an empty program.
0005E4r 2  A5 24          lda PE_PTR
0005E6r 2  C5 26          cmp PE_NEXT
0005E8r 2  A5 25          lda PE_PTR + 1
0005EAr 2  E5 27          sbc PE_NEXT + 1
0005ECr 2  B0 17          bcs @PeEmpty                  ; current >= candidate → invalid chain
0005EEr 2  A5 26          lda PE_NEXT                   ; Advance to the next line
0005F0r 2  85 24          sta PE_PTR
0005F2r 2  A5 27          lda PE_NEXT + 1
0005F4r 2  85 25          sta PE_PTR + 1
0005F6r 2  80 DB          bra @PeWalkLoop
0005F8r 2               @PeWalkDone:
0005F8r 2  18             clc                           ; PE_PTR is on the end marker; end = PE_PTR + 2
0005F9r 2  A5 24          lda PE_PTR
0005FBr 2  69 02          adc #2
0005FDr 2  AA             tax
0005FEr 2  A5 25          lda PE_PTR + 1
000600r 2  69 00          adc #0
000602r 2  A8             tay
000603r 2  8A             txa
000604r 2  60             rts
000605r 2               
000605r 2                 ; --- 3. Nothing usable at $0800: install an empty program ---
000605r 2               @PeEmpty:
000605r 2  9C 00 08       stz PROGRAM_START             ; Write the [00][00] end marker
000608r 2  9C 01 08       stz PROGRAM_START + 1
00060Br 2  A9 02          lda #<(PROGRAM_START + 2)
00060Dr 2  A0 08          ldy #>(PROGRAM_START + 2)
00060Fr 2  60             rts
000610r 2               
000610r 2               ; Reset — Full system startup: init hardware, beep, check boot vector, start BASIC
000610r 2               Reset:
000610r 2  A2 FF          ldx #$ff
000612r 2  9A             txs                           ; Reset the stack pointer
000613r 2  20 rr rr       jsr KernalInitImpl            ; Initialize all hardware (leaves interrupts disabled)
000616r 2               
000616r 2  20 rr rr       jsr Beep                      ; Play the startup beep (guarded — skips if no SID)
000619r 2               
000619r 2                 ; Check boot redirect vector — cartridges set this before jumping to Reset
000619r 2  AD 5B 03       lda BOOT_VECTOR
00061Cr 2  0D 5C 03       ora BOOT_VECTOR + 1
00061Fr 2  F0 03          beq @NormalBoot               ; Zero — continue normal boot
000621r 2  6C 5B 03       jmp (BOOT_VECTOR)             ; Non-zero — jump to cartridge/external program
000624r 2               
000624r 2               @NormalBoot:
000624r 2                 ; Verify console is available for interactive boot
000624r 2  AD 0D 03       lda HW_PRESENT
000627r 2  29 90          and #(HW_VID | HW_SC)
000629r 2  D0 02          bne @HasConsole
00062Br 2                 ; Neither video nor serial — halt (no console for interactive boot)
00062Br 2               @Halt:
00062Br 2  80 FE          bra @Halt
00062Dr 2               
00062Dr 2               @HasConsole:
00062Dr 2  9C 6F 03       stz BAS_WARM                  ; A reset is a cold BASIC start: the header
000630r 2                                               ;   prints and the variables are cleared, while
000630r 2                                               ;   the program at $0800 is kept (ProgramEnd
000630r 2                                               ;   walks its line chain)
000630r 2  58             cli                           ; Enable interrupts before anything is printed:
000631r 2                                               ;   reading the ACIA's status register clears a
000631r 2                                               ;   pending receive interrupt (6551 datasheet),
000631r 2                                               ;   and the transmit loop reads it on every
000631r 2                                               ;   character — so a key pressed while the
000631r 2                                               ;   header prints would be sitting in the
000631r 2                                               ;   receive register with nothing left to tell
000631r 2                                               ;   the handler about it.  With interrupts on,
000631r 2                                               ;   it is in the input buffer when BASIC asks.
000631r 2  4C rr rr       jmp BasEntry
000634r 2               
000634r 2               ; Initialize the Keyboard via VIA (IO 6)
000634r 2               ; Configures Port B (matrix) and Port A (PS/2) as inputs
000634r 2               ; CB2 low (enable matrix encoder), CA2 low (enable PS/2 encoder)
000634r 2               ; CB1 and CA1 falling-edge IRQs enabled
000634r 2               ; Modifies: Flags, A
000634r 2               InitKBImpl:
000634r 2  A9 00          lda #$00                      ; Port B all inputs (matrix keyboard data bus)
000636r 2  8D 02 94       sta GPIO_DDRB
000639r 2  A9 00          lda #$00                      ; Port A all inputs (PS/2 keyboard data bus)
00063Br 2  8D 03 94       sta GPIO_DDRA
00063Er 2                 ; PCR: CB2 low + CB1 neg + CA2 low + CA1 neg
00063Er 2  A9 CC          lda #(GPIO_PCR_CB2_LO | GPIO_PCR_CB1_NEG | GPIO_PCR_CA2_LO | GPIO_PCR_CA1_NEG)
000640r 2  8D 0C 94       sta GPIO_PCR
000643r 2                 ; Enable both CB1 and CA1 interrupts
000643r 2  A9 92          lda #(GPIO_IER_SET | GPIO_INT_CB1 | GPIO_INT_CA1)
000645r 2  8D 0E 94       sta GPIO_IER
000648r 2  60             rts
000649r 2               
000649r 2               ; Initialize the Serial Card (6551)
000649r 2               ; Modifies: Flags, A
000649r 2               InitSCImpl:
000649r 2  A9 1F          lda     #$1F                  ; 8-N-1, 19200 baud
00064Br 2  8D 03 90       sta     SC_CTRL
00064Er 2  A9 09          lda     #SC_CMD_RTS_LOW       ; No parity, no echo, RTSB low, TX interrupts disabled, RX interrupts enabled
000650r 2  8D 02 90       sta     SC_CMD
000653r 2  60             rts
000654r 2               
000654r 2               ; Initialze the Sound Card (6581)
000654r 2               ; Modifies: Flags, A, X
000654r 2               InitSIDImpl:
000654r 2  A9 00          lda #$00
000656r 2  A2 1D          ldx #$1D                      ; Clear all 29 SID registers
000658r 2               @InitSIDLoop:
000658r 2  9D 00 98       sta SID_V1_FREQ_LO,x          ; Clear register
00065Br 2  CA             dex
00065Cr 2  10 FA          bpl @InitSIDLoop              ; Loop until all registers cleared
00065Er 2  A9 0F          lda #$0F                      ; Set volume to maximum
000660r 2  8D 18 98       sta SID_MODE_VOL
000663r 2  60             rts
000664r 2               
000664r 2               ; InitVideo — Put the PICOVDP in the Kernal's Text-mode console
000664r 2               ; Writes the register table below with the display off, has the card reload its
000664r 2               ; font into the pattern table at $0800 (VdpLoadFont, a frame at most), restores
000664r 2               ; palette row 0, sets the border
000664r 2               ; from VID_PEN and turns the display on.  It does not clear the screen: the
000664r 2               ; name and attribute tables are left as they were and shown unscrolled.  A
000664r 2               ; program that switched modes, moved tables or overwrote the glyphs gets the
000664r 2               ; console back with this one call.
000664r 2               ; Skips silently if no video card is fitted
000664r 2               ; Modifies: Flags, A, X, Y
000664r 2               InitVideoImpl:
000664r 2  2C 0D 03       bit HW_PRESENT                ; Video is bit 7 — see VideoClear
000667r 2  10 66          bpl @InitVideoNone
000669r 2  A2 00          ldx #$00
00066Br 2               @InitVideoLoop:
00066Br 2  BD rr rr       lda @InitVideoRegs + 1,x      ; Value
00066Er 2  8D 01 9C       sta VC_REG
000671r 2  BD rr rr       lda @InitVideoRegs,x          ; Register | $80
000674r 2  8D 01 9C       sta VC_REG
000677r 2  E8             inx
000678r 2  E8             inx
000679r 2  E0 22          cpx #(@InitVideoRegsEnd - @InitVideoRegs)
00067Br 2  D0 EE          bne @InitVideoLoop
00067Dr 2  A9 00          lda #VDP_FONT_CP437           ; The card's font, into L0PAT = $0800, with the
00067Fr 2  20 rr rr       jsr VdpLoadFontImpl           ;   display still off
000682r 2                 ; Palette row 0, 16 entries of $0R $GB at $FC00.  $FC00 is in bank 3, and
000682r 2                 ; VBANK is sampled by the address command, so it goes straight back to 0.
000682r 2  A9 03          lda #$03
000684r 2  A2 08          ldx #VDP_VBANK
000686r 2  20 rr rr       jsr VdpSetReg
000689r 2  9C 01 9C       stz VC_REG                    ; $FC00 = bank 3, $3C00
00068Cr 2  A9 7C          lda #($40 | $3C)
00068Er 2  8D 01 9C       sta VC_REG
000691r 2  A9 00          lda #$00
000693r 2  A2 08          ldx #VDP_VBANK
000695r 2  20 rr rr       jsr VdpSetReg
000698r 2  A2 00          ldx #$00
00069Ar 2               @InitVideoPalette:
00069Ar 2  BD rr rr       lda @InitVideoPaletteRow0,x
00069Dr 2  8D 00 9C       sta VC_DATA
0006A0r 2  E8             inx
0006A1r 2  E0 20          cpx #32
0006A3r 2  D0 F5          bne @InitVideoPalette
0006A5r 2  AD 91 03       lda VID_PEN                   ; Border = the pen's background
0006A8r 2  A2 07          ldx #VDP_COLOR
0006AAr 2  20 rr rr       jsr VdpSetReg
0006ADr 2  A9 40          lda #$40                      ; Display on
0006AFr 2  A2 01          ldx #VDP_MODE1
0006B1r 2  20 rr rr       jsr VdpSetReg
0006B4r 2  A9 30          lda #$30
0006B6r 2  8D 96 03       sta VDP_L0CTRL_SHADOW
0006B9r 2  A9 0C          lda #$0C
0006BBr 2  8D 97 03       sta VDP_L1CTRL_SHADOW
0006BEr 2  A9 01          lda #$01
0006C0r 2  8D 93 03       sta VID_MODE                  ; Text console intact
0006C3r 2  9C 92 03       stz VID_TOP
0006C6r 2  AE 07 03       ldx VID_CURSOR_X              ; The cursor keeps its screen position
0006C9r 2  AC 08 03       ldy VID_CURSOR_Y
0006CCr 2  4C rr rr       jmp VideoSetCursorImpl
0006CFr 2               @InitVideoNone:
0006CFr 2  60             rts
0006D0r 2               @InitVideoRegs:                 ; Register | $80, value
0006D0r 2  81 00          .byte $80 | VDP_MODE1,     $00  ; Display off, IRQ off, legacy mode bits clear
0006D2r 2  80 00          .byte $80 | VDP_MODE0,     $00
0006D4r 2  8D 01          .byte $80 | VDP_VMODE,     $01  ; Text, 40x24 of 6x8
0006D6r 2  88 00          .byte $80 | VDP_VBANK,     $00  ; The Kernal assumes both
0006D8r 2  89 01          .byte $80 | VDP_VINC,      $01
0006DAr 2  8A 00          .byte $80 | VDP_IRQEN,     $00
0006DCr 2  8F 00          .byte $80 | VDP_STATSEL_A, $00  ; Port B's STATSEL_B is never touched
0006DEr 2  8C 3F          .byte $80 | VDP_PALBASE,   $3F  ; $FC00
0006E0r 2  90 00          .byte $80 | VDP_L0NAME,    $00  ; Name table $0000
0006E2r 2  91 01          .byte $80 | VDP_L0ATTR,    $01  ; Attributes $0400
0006E4r 2  92 01          .byte $80 | VDP_L0PAT,     $01  ; Patterns $0800
0006E6r 2  93 00          .byte $80 | VDP_L0SCRX,    $00
0006E8r 2  94 00          .byte $80 | VDP_L0SCRY,    $00
0006EAr 2  95 30          .byte $80 | VDP_L0CTRL,    $30  ; 1bpp, per-cell attributes, enabled, index 0 opaque
0006ECr 2  96 00          .byte $80 | VDP_L0PAL,     $00  ; Palette row 0, the TMS9918 colours
0006EEr 2  9D 0C          .byte $80 | VDP_L1CTRL,    $0C  ; Layer 1 off (its reset value)
0006F0r 2  A3 26          .byte $80 | VDP_SPRCTRL,   $26  ; Sprites off
0006F2r 2               @InitVideoRegsEnd:
0006F2r 2               @InitVideoPaletteRow0:          ; SPEC §11 default palette, row 0
0006F2r 2  00 00 00 00    .byte $00,$00, $00,$00, $02,$C4, $06,$D7, $05,$5E, $07,$7F, $0C,$55, $04,$EE
0006F6r 2  02 C4 06 D7  
0006FAr 2  05 5E 07 7F  
000702r 2  0F 55 0F 77    .byte $0F,$55, $0F,$77, $0C,$B5, $0D,$C8, $02,$A4, $0C,$5B, $0C,$CC, $0F,$FF
000706r 2  0C B5 0D C8  
00070Ar 2  02 A4 0C 5B  
000712r 2               
000712r 2               ; Initialize the INPUT_BUFFER
000712r 2               ; Modifies: Flags, A
000712r 2               InitBuffer:
000712r 2  A9 00          lda #$00
000714r 2  85 00          sta READ_PTR                  ; Init read and write pointers
000716r 2  85 01          sta WRITE_PTR
000718r 2  60             rts
000719r 2               
000719r 2               ; Write a character from the A register to the INPUT_BUFFER
000719r 2               ; Modifies: Flags, X
000719r 2               WriteBufferImpl:
000719r 2  A6 01          ldx WRITE_PTR
00071Br 2  9D 00 02       sta INPUT_BUFFER,x
00071Er 2  E6 01          inc WRITE_PTR
000720r 2  60             rts
000721r 2               
000721r 2               ; --- The Serial Card's command register ---
000721r 2               ;
000721r 2               ; Once InitSC has run, ScRts and ScRtsLow are the only places that write the
000721r 2               ; command register, so the whole RTS scheme lives here. XModem is the exception:
000721r 2               ; it turns the receive interrupt off and drives the register itself, and while
000721r 2               ; that bit is set these routines leave it alone.
000721r 2               ;
000721r 2               ; RTS is the machine saying "stop sending". The catch is that TIC 00 raises RTS
000721r 2               ; *and* turns the transmitter off, so while RTS is up the machine cannot send a
000721r 2               ; character either — and BASIC echoes every character it reads. Holding RTS up
000721r 2               ; across a transmit therefore hangs the board: SerialChrout spins on TDRE that
000721r 2               ; can never come, the buffer never drains and RTS never falls. (Seen on a real
000721r 2               ; R6551, 2026-09-17.)
000721r 2               ;
000721r 2               ; So RTS goes up only between transmits, and SerialChrout drops it around every
000721r 2               ; byte it sends. Each of those releases lets a byte or two in at 19,200 baud,
000721r 2               ; which is why the marks sit well below the 256-byte buffer: up at
000721r 2               ; SC_RTS_HIGH_WATER ($C0) with $40 bytes still spare, down again below
000721r 2               ; SC_RTS_LOW_WATER ($80). The $40 between them is the hysteresis — the same band
000721r 2               ; the old $F0/$B0 pair had — so a line being read does not flap the pin.
000721r 2               ;
000721r 2               ; Irq calls ScRts after it stores a byte, ReadBuffer after it takes one, and
000721r 2               ; SerialChrout at the end of each character.
000721r 2               
000721r 2               ; ScRts — Put RTS where the amount of unread input says it belongs
000721r 2               ; Raises it at SC_RTS_HIGH_WATER unread bytes, lowers it below SC_RTS_LOW_WATER,
000721r 2               ; and between the two leaves the pin as it is.
000721r 2               ; Modifies: Flags, A, X
000721r 2               ScRts:
000721r 2  A5 01          lda WRITE_PTR                 ; Unread bytes
000723r 2  38             sec
000724r 2  E5 00          sbc READ_PTR
000726r 2  A2 01          ldx #SC_CMD_RTS_HIGH
000728r 2  C9 C0          cmp #SC_RTS_HIGH_WATER
00072Ar 2  B0 09          bcs ScRtsWrite                ; Full enough — stop the far end
00072Cr 2  A2 09          ldx #SC_CMD_RTS_LOW
00072Er 2  C9 80          cmp #SC_RTS_LOW_WATER
000730r 2  90 03          bcc ScRtsWrite                ; Drained — let it talk again
000732r 2  60             rts                           ; Between the marks — leave the pin alone
000733r 2               
000733r 2               ; ScRtsLow — Lower RTS, which is also what turns the transmitter back on
000733r 2               ; Preserves: A
000733r 2               ; Modifies: Flags, X
000733r 2               ScRtsLow:
000733r 2  A2 09          ldx #SC_CMD_RTS_LOW
000735r 2                 ; Fall through
000735r 2               
000735r 2               ; ScRtsWrite — Write X to the command register unless XModem owns it
000735r 2               ; Preserves: A
000735r 2               ; Modifies: Flags
000735r 2               ScRtsWrite:
000735r 2  48             pha
000736r 2  AD 0D 03       lda HW_PRESENT
000739r 2  29 10          and #HW_SC
00073Br 2  F0 0A          beq @ScRtsDone                ; No serial card — nothing to signal
00073Dr 2  AD 02 90       lda SC_CMD
000740r 2  29 02          and #SC_CMD_RXIRQ_OFF
000742r 2  D0 03          bne @ScRtsDone                ; XModem owns the receiver
000744r 2  8E 02 90       stx SC_CMD
000747r 2               @ScRtsDone:
000747r 2  68             pla
000748r 2  60             rts
000749r 2               
000749r 2               ; ScRxPoll — Read the Serial Card's status, keeping any byte that came with it
000749r 2               ; Reading the status register clears a pending receive interrupt. A byte that
000749r 2               ; arrives while SerialChrout is polling would therefore lose its interrupt
000749r 2               ; before Irq could see it, and since the receive register stays full the ACIA
000749r 2               ; would not hand over the next one either — the console would stop accepting
000749r 2               ; input for good. So the byte is collected here rather than left for a handler
000749r 2               ; that will never run. XModem is the exception: it turns the receiver interrupt
000749r 2               ; off and polls the chip itself, and those bytes belong to it.
000749r 2               ; Callers hold interrupts off, so WriteBuffer's pointer bump is safe here.
000749r 2               ; Output: A = the status register
000749r 2               ; Modifies: Flags, A, X
000749r 2               ScRxPoll:
000749r 2  AD 01 90       lda SC_STATUS
00074Cr 2  89 08          bit #SC_STATUS_RDRF           ; Did a byte arrive during the poll?
00074Er 2  F0 0F          beq @ScRxPollDone
000750r 2  48             pha                           ; Keep the status just read
000751r 2  AD 02 90       lda SC_CMD
000754r 2  29 02          and #SC_CMD_RXIRQ_OFF
000756r 2  D0 06          bne @ScRxPollKeep             ; Receiver is somebody else's — leave it alone
000758r 2  AD 00 90       lda SC_DATA                   ; Frees the receive register
00075Br 2  20 rr rr       jsr WriteBuffer
00075Er 2               @ScRxPollKeep:
00075Er 2  68             pla                           ; Back to the status
00075Fr 2               @ScRxPollDone:
00075Fr 2  60             rts
000760r 2               
000760r 2               ; Read a character from the INPUT_BUFFER and store it in A register
000760r 2               ; Every reader comes through here — Chrin, BASIC's line input, INKEY, the break
000760r 2               ; check, a cartridge — so this is where RTS is lowered again once the buffer has
000760r 2               ; drained. A reader that skipped it would leave a terminal with RTS/CTS flow
000760r 2               ; control waiting for good.
000760r 2               ; Modifies: Flags, X, A
000760r 2               ReadBufferImpl:
000760r 2  A6 00          ldx READ_PTR
000762r 2  BD 00 02       lda INPUT_BUFFER,x
000765r 2  E6 00          inc READ_PTR
000767r 2  48             pha
000768r 2  DA             phx                           ; ScRts uses X, and callers have leaned on
000769r 2                                               ;   ReadBuffer leaving the read pointer there —
000769r 2                                               ;   1.6's boot menu counts its timeout down in X
000769r 2  20 rr rr       jsr ScRts                     ; One fewer unread byte — RTS may come down
00076Cr 2  FA             plx
00076Dr 2  68             pla
00076Er 2  60             rts
00076Fr 2               
00076Fr 2               ; Return in A register the number of unread bytes in the INPUT_BUFFER
00076Fr 2               ; Modifies: Flags, A
00076Fr 2               BufferSizeImpl:
00076Fr 2  A5 01          lda WRITE_PTR
000771r 2  38             sec
000772r 2  E5 00          sbc READ_PTR
000774r 2  60             rts
000775r 2               
000775r 2               ; Get a character from the INPUT_BUFFER if available
000775r 2               ; On return, carry flag indicates whether a character was available
000775r 2               ; If character available the character will be in the A register
000775r 2               ; Modifies: Flags, A
000775r 2               ChrinImpl:
000775r 2  DA             phx
000776r 2  20 rr rr       jsr BufferSize                ; Check for character available
000779r 2  F0 09          beq @ChrinNoChar              ; Branch if no character available
00077Br 2  20 rr rr       jsr ReadBuffer                ; Read the character (and set RTS for what is left)
00077Er 2  20 rr rr       jsr Chrout                    ; Echo
000781r 2  FA             plx
000782r 2  38             sec
000783r 2  60             rts
000784r 2               @ChrinNoChar:
000784r 2  FA             plx
000785r 2  18             clc
000786r 2  60             rts
000787r 2               
000787r 2               ; Output a character from the A register to the Serial Card
000787r 2               ; TIC 00 turns the transmitter off as well as raising RTS, so a character
000787r 2               ; written while the BIOS is holding RTS up would never leave: the loop below
000787r 2               ; would spin on a TDRE that cannot come. RTS is therefore dropped for the byte
000787r 2               ; and put back afterwards if the buffer is still full, and interrupts are held
000787r 2               ; off meanwhile so that Irq cannot raise it again mid-character.
000787r 2               ; Modifies: Flags
000787r 2               SerialChroutImpl:
000787r 2  48             pha
000788r 2  DA             phx                           ; WriteBuffer uses X
000789r 2  08             php
00078Ar 2  78             sei                           ; Irq must not raise RTS while the byte goes out
00078Br 2  20 rr rr       jsr ScRtsLow                  ; The transmitter only runs with RTS down
00078Er 2  8D 00 90       sta SC_DATA
000791r 2               @ChroutWait:
000791r 2  20 rr rr       jsr ScRxPoll                  ; Status, and any byte that arrived with it
000794r 2  29 10          and #SC_STATUS_TDRE           ; Check if TX buffer not empty
000796r 2  F0 F9          beq @ChroutWait               ; Loop if TX buffer not empty
000798r 2  20 rr rr       jsr ScRts                     ; Byte is gone — RTS may go back up
00079Br 2  28             plp                           ; Interrupts back as the caller had them
00079Cr 2  FA             plx
00079Dr 2  68             pla                           ; The character, and the flags it left, as before
00079Er 2  60             rts
00079Fr 2               
00079Fr 2               ; SidPlayNote — Play a note on a SID voice
00079Fr 2               ; Input: A = voice (0-2), X = frequency low byte, Y = frequency high byte
00079Fr 2               ; Uses triangle waveform with standard ADSR (Attack=0, Decay=9, Sustain=A, Release=2)
00079Fr 2               ; Skips silently if no SID is fitted
00079Fr 2               ; Modifies: Flags, A
00079Fr 2               SidPlayNoteImpl:
00079Fr 2  2C 0D 03       bit HW_PRESENT                ; SID is bit 6, so BIT tests it in V and leaves
0007A2r 2  50 49          bvc @SidPlayNoteNone          ;   the voice number in A — see VideoClear
0007A4r 2  C9 01          cmp #$01
0007A6r 2  F0 1A          beq @Voice2
0007A8r 2  C9 02          cmp #$02
0007AAr 2  F0 2C          beq @Voice3
0007ACr 2                 ; Voice 0
0007ACr 2  8E 00 98       stx SID_V1_FREQ_LO
0007AFr 2  8C 01 98       sty SID_V1_FREQ_HI
0007B2r 2  A9 09          lda #$09                      ; Attack = 0, Decay = 9
0007B4r 2  8D 05 98       sta SID_V1_AD
0007B7r 2  A9 F8          lda #$F8                      ; Sustain = F, Release = 8
0007B9r 2  8D 06 98       sta SID_V1_SR
0007BCr 2  A9 11          lda #$11                      ; Triangle wave + Gate on
0007BEr 2  8D 04 98       sta SID_V1_CTRL
0007C1r 2  60             rts
0007C2r 2               @Voice2:
0007C2r 2  8E 07 98       stx SID_V2_FREQ_LO
0007C5r 2  8C 08 98       sty SID_V2_FREQ_HI
0007C8r 2  A9 09          lda #$09
0007CAr 2  8D 0C 98       sta SID_V2_AD
0007CDr 2  A9 F8          lda #$F8
0007CFr 2  8D 0D 98       sta SID_V2_SR
0007D2r 2  A9 11          lda #$11
0007D4r 2  8D 0B 98       sta SID_V2_CTRL
0007D7r 2  60             rts
0007D8r 2               @Voice3:
0007D8r 2  8E 0E 98       stx SID_V3_FREQ_LO
0007DBr 2  8C 0F 98       sty SID_V3_FREQ_HI
0007DEr 2  A9 09          lda #$09
0007E0r 2  8D 13 98       sta SID_V3_AD
0007E3r 2  A9 F8          lda #$F8
0007E5r 2  8D 14 98       sta SID_V3_SR
0007E8r 2  A9 11          lda #$11
0007EAr 2  8D 12 98       sta SID_V3_CTRL
0007EDr 2               @SidPlayNoteNone:
0007EDr 2  60             rts
0007EEr 2               
0007EEr 2               ; SidSilence — Silence all 3 SID voices
0007EEr 2               ; Gates off all voices, letting the release phase of the envelope ring out.
0007EEr 2               ;
0007EEr 2               ; The frequency registers are deliberately left alone. Zeroing them stops the
0007EEr 2               ; oscillator dead, which freezes the waveform at whatever level it had reached
0007EEr 2               ; and leaves the envelope to decay a DC offset instead of a tone — an audible
0007EEr 2               ; thump at the end of every note. Gate off is all the SID needs; the envelope
0007EEr 2               ; takes the voice to zero on its own.
0007EEr 2               ; Skips silently if no SID is fitted
0007EEr 2               ; Modifies: Flags, A
0007EEr 2               SidSilenceImpl:
0007EEr 2  2C 0D 03       bit HW_PRESENT                ; SID is bit 6 — see VideoClear
0007F1r 2  50 0B          bvc @SidSilenceNone
0007F3r 2  A9 10          lda #$10                      ; Triangle wave, Gate off
0007F5r 2  8D 04 98       sta SID_V1_CTRL
0007F8r 2  8D 0B 98       sta SID_V2_CTRL
0007FBr 2  8D 12 98       sta SID_V3_CTRL
0007FEr 2               @SidSilenceNone:
0007FEr 2  60             rts
0007FFr 2               
0007FFr 2               ; Play a short beep sound
0007FFr 2               ; Uses SidPlayNote on voice 0 with ~475 Hz tone, then silences
0007FFr 2               ; Skips silently if SID is absent
0007FFr 2               ; Modifies: Flags, A, X, Y
0007FFr 2               BeepImpl:
0007FFr 2  AD 0D 03       lda HW_PRESENT
000802r 2  29 40          and #HW_SID
000804r 2  D0 01          bne @BeepStart
000806r 2  60             rts                           ; No SID — skip silently
000807r 2               @BeepStart:
000807r 2  A9 00          lda #$00                      ; Voice 0
000809r 2  A2 20          ldx #$20                      ; Frequency low byte (~475 Hz)
00080Br 2  A0 1F          ldy #$1F                      ; Frequency high byte
00080Dr 2  20 rr rr       jsr SidPlayNote
000810r 2                 ; Override ADSR for beep: fast decay, no sustain
000810r 2  A9 09          lda #$09                      ; Attack = 0, Decay = 9
000812r 2  8D 05 98       sta SID_V1_AD
000815r 2  A9 00          lda #$00                      ; Sustain = 0, Release = 0
000817r 2  8D 06 98       sta SID_V1_SR
00081Ar 2                 ; Delay for beep duration
00081Ar 2  A2 F0          ldx #$F0                      ; Outer loop counter
00081Cr 2               @BeepDelay1:
00081Cr 2  A0 FF          ldy #$FF                      ; Inner loop counter
00081Er 2               @BeepDelay2:
00081Er 2  88             dey
00081Fr 2  D0 FD          bne @BeepDelay2
000821r 2  CA             dex
000822r 2  D0 F8          bne @BeepDelay1
000824r 2  20 rr rr       jsr SidSilence                ; Gate off all voices
000827r 2  60             rts
000828r 2               
000828r 2               ; SysDelay — Delay for a specified number of centiseconds
000828r 2               ; Input: A = count low byte, X = count high byte
000828r 2               ; Uses VIA T1 in one-shot mode. 9999 cycles @ 1MHz = ~10ms per tick.
000828r 2               ; Modifies: Flags, A, X, Y (X/Y clobbered only in software-fallback path)
000828r 2               SysDelayImpl:
000828r 2  85 2C          sta DELAY_CNT
00082Ar 2  86 2D          stx DELAY_CNT + 1
00082Cr 2                 ; Return immediately if count is zero
00082Cr 2  05 2D          ora DELAY_CNT + 1
00082Er 2  F0 4F          beq @DelayDone
000830r 2                 ; Check if VIA is present for hardware timer
000830r 2  AD 0D 03       lda HW_PRESENT
000833r 2  29 20          and #HW_GPIO
000835r 2  D0 19          bne @DelayHardware
000837r 2                 ; Software fallback — calibrated busy loop (~10ms per centisecond at 1MHz)
000837r 2                 ; Inner loop: 5 cycles × 256 iterations × 8 = ~10240 cycles ≈ 10ms
000837r 2               @DelaySoftLoop:
000837r 2  A0 00          ldy #$00                      ; 256 outer iterations
000839r 2  A2 08          ldx #8
00083Br 2               @DelaySoftInner:
00083Br 2  88             dey
00083Cr 2  D0 FD          bne @DelaySoftInner
00083Er 2  CA             dex
00083Fr 2  D0 FA          bne @DelaySoftInner
000841r 2                 ; 16-bit decrement of DELAY_CNT
000841r 2  A5 2C          lda DELAY_CNT
000843r 2  D0 02          bne @SoftDecLo
000845r 2  C6 2D          dec DELAY_CNT + 1
000847r 2               @SoftDecLo:
000847r 2  C6 2C          dec DELAY_CNT
000849r 2  A5 2C          lda DELAY_CNT
00084Br 2  05 2D          ora DELAY_CNT + 1
00084Dr 2  D0 E8          bne @DelaySoftLoop
00084Fr 2  60             rts
000850r 2               @DelayHardware:
000850r 2                 ; Configure T1 one-shot mode: clear ACR bit 6
000850r 2  AD 0B 94       lda GPIO_ACR
000853r 2  29 BF          and #%10111111
000855r 2  8D 0B 94       sta GPIO_ACR
000858r 2               @DelayLoop:
000858r 2                 ; Load T1 latch: 9999 = $270F
000858r 2  A9 0F          lda #$0F
00085Ar 2  8D 06 94       sta GPIO_T1LL
00085Dr 2  A9 27          lda #$27
00085Fr 2  8D 07 94       sta GPIO_T1LH
000862r 2                 ; Write T1CH to start countdown (also clears IFR T1 flag)
000862r 2  A9 27          lda #$27
000864r 2  8D 05 94       sta GPIO_T1CH
000867r 2               @DelayPoll:
000867r 2  AD 0D 94       lda GPIO_IFR
00086Ar 2  29 40          and #%01000000                ; T1 timeout flag
00086Cr 2  F0 F9          beq @DelayPoll
00086Er 2                 ; Clear flag by reading T1CL
00086Er 2  AD 04 94       lda GPIO_T1CL
000871r 2                 ; 16-bit decrement
000871r 2  A5 2C          lda DELAY_CNT
000873r 2  D0 02          bne @DelayDecLo
000875r 2  C6 2D          dec DELAY_CNT + 1
000877r 2               @DelayDecLo:
000877r 2  C6 2C          dec DELAY_CNT
000879r 2                 ; Loop until both bytes zero
000879r 2  A5 2C          lda DELAY_CNT
00087Br 2  05 2D          ora DELAY_CNT + 1
00087Dr 2  D0 D9          bne @DelayLoop
00087Fr 2               @DelayDone:
00087Fr 2  60             rts
000880r 2               
000880r 2               ; SidSetVolume — Set SID master volume
000880r 2               ; Input: A = volume (0-15); upper nibble of SID_MODE_VOL is cleared (no filter)
000880r 2               ; Skips silently if no SID is fitted
000880r 2               ; Modifies: Flags, A
000880r 2               SidSetVolumeImpl:
000880r 2  2C 0D 03       bit HW_PRESENT                ; SID is bit 6 — see VideoClear
000883r 2  50 05          bvc @SidSetVolumeNone
000885r 2  29 0F          and #$0F
000887r 2  8D 18 98       sta SID_MODE_VOL
00088Ar 2               @SidSetVolumeNone:
00088Ar 2  60             rts
00088Br 2               
00088Br 2               ; VideoSetPen — Set the pen for later output, and nothing else (internal)
00088Br 2               ; Input: A = fg<<4 | bg.  VID_PEN = A, after bringing the console up.  Register
00088Br 2               ; 7 is not written, so a caller with a border of its own (COLOR fg,bg,border)
00088Br 2               ; writes it once instead of after VideoSetColor has shown the background there
00088Br 2               ; for part of a frame.  The one exception is the console's first use: the
00088Br 2               ; bring-up (InitVideo + clear) sets the border from the old pen before A is
00088Br 2               ; stored.
00088Br 2               ; Skips silently if no video card is fitted
00088Br 2               ; Preserves: A, X, Y
00088Br 2               ; Modifies: Flags
00088Br 2               VideoSetPen:
00088Br 2  2C 0D 03       bit HW_PRESENT                ; Video is bit 7 — see VideoClear
00088Er 2  10 06          bpl @VideoSetPenNone
000890r 2  20 rr rr       jsr VideoConsoleReady
000893r 2  8D 91 03       sta VID_PEN
000896r 2               @VideoSetPenNone:
000896r 2  60             rts
000897r 2               
000897r 2               ; VideoSetColor — Set the pen for later output, and the border
000897r 2               ; Input: A = fg<<4 | bg.  VID_PEN = A, and register 7 = A, so the border follows
000897r 2               ; the background.  Characters already on screen keep their colours.
000897r 2               ; Skips silently if no video card is fitted
000897r 2               ; Modifies: Flags, A
000897r 2               VideoSetColorImpl:
000897r 2  2C 0D 03       bit HW_PRESENT                ; Video is bit 7 — see VideoClear
00089Ar 2  10 0B          bpl @VideoSetColorNone
00089Cr 2  20 rr rr       jsr VideoSetPen
00089Fr 2  8D 01 9C       sta VC_REG                    ; Data byte
0008A2r 2  A9 87          lda #($80 | VDP_COLOR)
0008A4r 2  8D 01 9C       sta VC_REG
0008A7r 2               @VideoSetColorNone:
0008A7r 2  60             rts
0008A8r 2               
0008A8r 2               ; Encoder settle count for KBDisableImpl. Each loop iteration is 5 cycles, so
0008A8r 2               ; the busy-wait is ~KB_SETTLE_COUNT*5 cycles. Sized against the 2 MHz clock
0008A8r 2               ; option (the worst case): 80 => ~400 cycles => ~200 us @ 2 MHz (~400 us @ 1 MHz),
0008A8r 2               ; comfortably above the firmware's guaranteed 100 us release ceiling.
0008A8r 2               KB_SETTLE_COUNT = 80
0008A8r 2               
0008A8r 2               ; KBDisable — Disable both keyboard encoders and wait for them to release the ports
0008A8r 2               ; Sets CB2/CA2 high, then busy-waits so the encoder firmware has time to let go of
0008A8r 2               ; both ports before the caller reads them. Self-contained cycle loop — deliberately
0008A8r 2               ; not SysDelay or the VIA T1 path, so it is safe to call while the caller owns the timers.
0008A8r 2               ; Modifies: Flags, A
0008A8r 2               KBDisableImpl:
0008A8r 2  A9 EE          lda #(GPIO_PCR_CB2_HI | GPIO_PCR_CB1_NEG | GPIO_PCR_CA2_HI | GPIO_PCR_CA1_NEG)
0008AAr 2  8D 0C 94       sta GPIO_PCR                  ; Tell both encoders to release the ports
0008ADr 2  8A             txa
0008AEr 2  48             pha                           ; Preserve X so the contract stays "Modifies: Flags, A"
0008AFr 2  A2 50          ldx #KB_SETTLE_COUNT
0008B1r 2               @KBSettle:
0008B1r 2  CA             dex
0008B2r 2  D0 FD          bne @KBSettle                 ; Give the encoders time to go high-impedance
0008B4r 2  68             pla
0008B5r 2  AA             tax
0008B6r 2  60             rts
0008B7r 2               
0008B7r 2               ; KBEnable — Re-enable both keyboard encoders
0008B7r 2               ; Sets CB2 low (enable matrix encoder) and CA2 low (enable PS/2 encoder)
0008B7r 2               ; Modifies: Flags, A
0008B7r 2               KBEnableImpl:
0008B7r 2  A9 CC          lda #(GPIO_PCR_CB2_LO | GPIO_PCR_CB1_NEG | GPIO_PCR_CA2_LO | GPIO_PCR_CA1_NEG)
0008B9r 2  8D 0C 94       sta GPIO_PCR
0008BCr 2  60             rts
0008BDr 2               
0008BDr 2               ; ReadJoystick1 — Read joystick 1 on Port B
0008BDr 2               ; Disables both encoders, waits for release, then reads the raw port directly —
0008BDr 2               ; the same way a C64 reads a CIA port. No sei/PCR save-restore is needed: the port
0008BDr 2               ; is static while the encoders are off and no interrupt handler touches these ports.
0008BDr 2               ; Output: A = joystick bitmask (active-low bits: R-L-D-U-Y-X-B-A)
0008BDr 2               ; Modifies: Flags, A
0008BDr 2               ReadJoystick1Impl:
0008BDr 2  20 rr rr       jsr KBDisableImpl             ; Encoders off, ports released, settled
0008C0r 2  AD 00 94       lda GPIO_PORTB                ; JOY(1) - raw Port B
0008C3r 2  48             pha
0008C4r 2  20 rr rr       jsr KBEnableImpl
0008C7r 2  68             pla
0008C8r 2  60             rts
0008C9r 2               
0008C9r 2               ; ReadJoystick2 — Read joystick 2 on Port A
0008C9r 2               ; Output: A = joystick bitmask (active-low bits: R-L-D-U-Y-X-B-A)
0008C9r 2               ; Modifies: Flags, A
0008C9r 2               ReadJoystick2Impl:
0008C9r 2  20 rr rr       jsr KBDisableImpl             ; Encoders off, ports released, settled
0008CCr 2  AD 01 94       lda GPIO_PORTA                ; JOY(2) - raw Port A
0008CFr 2  48             pha
0008D0r 2  20 rr rr       jsr KBEnableImpl
0008D3r 2  68             pla
0008D4r 2  60             rts
0008D5r 2               
0008D5r 2               ; === BCD Conversion Helpers ===
0008D5r 2               
0008D5r 2               ; BcdToBin — Convert BCD byte to binary
0008D5r 2               ; Input: A = BCD value (e.g. $35 represents 35)
0008D5r 2               ; Output: A = binary value (e.g. 35 = $23)
0008D5r 2               ; Modifies: Flags
0008D5r 2               BcdToBin:
0008D5r 2  48             pha
0008D6r 2  4A             lsr a                         ; Shift tens digit to low nibble
0008D7r 2  4A             lsr a
0008D8r 2  4A             lsr a
0008D9r 2  4A             lsr a                         ; A = tens digit (0-9)
0008DAr 2  0A             asl a                         ; A = tens * 2
0008DBr 2  8D 0C 03       sta RTC_TMP
0008DEr 2  0A             asl a                         ; A = tens * 4
0008DFr 2  0A             asl a                         ; A = tens * 8
0008E0r 2  18             clc
0008E1r 2  6D 0C 03       adc RTC_TMP                   ; A = tens * 10 (8 + 2)
0008E4r 2  8D 0C 03       sta RTC_TMP
0008E7r 2  68             pla
0008E8r 2  29 0F          and #$0F                      ; A = ones digit
0008EAr 2  18             clc
0008EBr 2  6D 0C 03       adc RTC_TMP                   ; A = tens * 10 + ones = binary
0008EEr 2  60             rts
0008EFr 2               
0008EFr 2               ; BinToBcd — Convert binary byte to BCD
0008EFr 2               ; Input: A = binary value (0-99)
0008EFr 2               ; Output: A = BCD value
0008EFr 2               ; Modifies: Flags, X
0008EFr 2               BinToBcd:
0008EFr 2  A2 FF          ldx #$FF                      ; Tens counter (starts at -1)
0008F1r 2               @BinToBcdLoop:
0008F1r 2  E8             inx
0008F2r 2  38             sec
0008F3r 2  E9 0A          sbc #10
0008F5r 2  B0 FA          bcs @BinToBcdLoop             ; Count tens
0008F7r 2  69 0A          adc #10                       ; Restore ones (carry clear, so adds 10 + 0)
0008F9r 2  8D 0C 03       sta RTC_TMP                   ; Save ones digit
0008FCr 2  8A             txa                           ; A = tens digit
0008FDr 2  0A             asl a
0008FEr 2  0A             asl a
0008FFr 2  0A             asl a
000900r 2  0A             asl a                         ; Shift tens to high nibble
000901r 2  0D 0C 03       ora RTC_TMP                   ; Combine with ones
000904r 2  60             rts
000905r 2               
000905r 2               ; === DS1511Y RTC Routines ===
000905r 2               
000905r 2               ; The clock registers at $8800-$8807 are double buffered.  A set of internal
000905r 2               ; counters does the actual timekeeping; what the CPU reads and writes is a
000905r 2               ; user-facing copy, and the TE bit in Control Register B decides how the two
000905r 2               ; are joined:
000905r 2               ;
000905r 2               ;   TE = 1  the counters are copied into the user registers once a second —
000905r 2               ;           the normal running state, and what makes a read see time advance
000905r 2               ;   TE = 0  that copy is inhibited, so the user registers hold one consistent
000905r 2               ;           instant.  Returning TE to 1 transfers the user registers back into
000905r 2               ;           the counters, which is how a write takes effect
000905r 2               ;
000905r 2               ; So a write brackets itself with RtcFreeze / RtcThaw, keeping the per-second
000905r 2               ; update from landing in the middle of the bytes being set and then committing
000905r 2               ; the lot.  Leaving TE set afterwards is not housekeeping, it is the whole
000905r 2               ; point: TE is battery-backed and no internal function of the part ever changes
000905r 2               ; it, so a TE left at 0 freezes the CPU's view of the clock indefinitely — the
000905r 2               ; counters go on counting, but every read returns the same instant, across
000905r 2               ; resets and power cycles alike, until something sets TE again.
000905r 2               ;
000905r 2               ; A read has a rollover to worry about — read the hour at 23:59:59 and the
000905r 2               ; minute a moment later and the answer is 23:00, an hour that never happened —
000905r 2               ; but it deliberately does not use TE for it.  Freezing would work, and is what
000905r 2               ; the part is for, except that the thaw both commits the user registers back
000905r 2               ; into the counters and restarts the second from zero; a program polling the
000905r 2               ; time in a loop would thereby hold the clock still.  Reading the seconds on
000905r 2               ; either side of the other registers and retrying if they differ costs nothing
000905r 2               ; and writes nothing.
000905r 2               
000905r 2               ; RtcFreeze — Clear TE, holding the user registers at one instant
000905r 2               ; Modifies: Flags, A
000905r 2               RtcFreeze:
000905r 2  AD 0F 88       lda RTC_CTRL_B
000908r 2  29 7F          and #<~RTC_CTRL_B_TE
00090Ar 2  8D 0F 88       sta RTC_CTRL_B
00090Dr 2  60             rts
00090Er 2               
00090Er 2               ; RtcThaw — Set TE, committing the user registers and resuming the updates
00090Er 2               ; Modifies: Flags, A
00090Er 2               RtcThaw:
00090Er 2  AD 0F 88       lda RTC_CTRL_B
000911r 2  09 80          ora #RTC_CTRL_B_TE
000913r 2  8D 0F 88       sta RTC_CTRL_B
000916r 2  60             rts
000917r 2               
000917r 2               ; RtcReadTime — Read current time from DS1511Y
000917r 2               ; Output: A = hours (binary), X = minutes (binary), Y = seconds (binary)
000917r 2               ; Modifies: Flags
000917r 2               RtcReadTimeImpl:
000917r 2  A0 02          ldy #2                        ; Attempts.  One retry is all a working clock
000919r 2               @Retry:                         ;   can need — a rollover cannot happen twice
000919r 2  AD 00 88       lda RTC_SEC                   ;   in the same second — and the count is what
00091Cr 2  8D 0C 03       sta RTC_TMP                   ;   keeps a floating bus, on a machine with no
00091Fr 2  AD 02 88       lda RTC_HR                    ;   card, from spinning here forever
000922r 2  48             pha                           ; Stacked raw: the seconds have to be compared
000923r 2  AD 01 88       lda RTC_MIN                   ;   before BcdToBin, which wants RTC_TMP itself
000926r 2  48             pha
000927r 2  AD 00 88       lda RTC_SEC                   ; Seconds after; unchanged means no rollover
00092Ar 2  CD 0C 03       cmp RTC_TMP                   ;   happened between the two reads above
00092Dr 2  F0 07          beq @Stable
00092Fr 2  88             dey
000930r 2  F0 04          beq @Stable                   ; Out of attempts: take what is there
000932r 2  68             pla                           ; Torn — drop the pair and read again
000933r 2  68             pla
000934r 2  80 E3          bra @Retry
000936r 2               @Stable:
000936r 2  20 rr rr       jsr BcdToBin                  ; A still holds the seconds
000939r 2  A8             tay                           ; Y = seconds
00093Ar 2  68             pla
00093Br 2  20 rr rr       jsr BcdToBin
00093Er 2  AA             tax                           ; X = minutes
00093Fr 2  68             pla
000940r 2  20 rr rr       jsr BcdToBin                  ; A = hours
000943r 2  60             rts
000944r 2               
000944r 2               ; RtcReadDate — Read current date from DS1511Y
000944r 2               ; Output: A = day of month (binary), X = month (binary), Y = year (binary)
000944r 2               ;         RTC_BUF_CENT = century (binary)
000944r 2               ; Modifies: Flags
000944r 2               RtcReadDateImpl:
000944r 2  A0 02          ldy #2                        ; Attempts, bounded as in RtcReadTime
000946r 2               @Retry:
000946r 2  AD 00 88       lda RTC_SEC                   ; The date rolls over on a second like anything
000949r 2  8D 0C 03       sta RTC_TMP                   ;   else, so it is guarded the same way
00094Cr 2  AD 04 88       lda RTC_DATE                  ; Pushed in reverse of the order they are
00094Fr 2  48             pha                           ;   wanted, so the day of month comes off last
000950r 2  AD 06 88       lda RTC_YR                    ;   and is already in A to return
000953r 2  48             pha
000954r 2  AD 05 88       lda RTC_MON
000957r 2  48             pha
000958r 2  AD 07 88       lda RTC_CENT
00095Br 2  48             pha
00095Cr 2  AD 00 88       lda RTC_SEC
00095Fr 2  CD 0C 03       cmp RTC_TMP
000962r 2  F0 09          beq @Stable
000964r 2  88             dey
000965r 2  F0 06          beq @Stable                   ; Out of attempts: take what is there
000967r 2  68             pla                           ; Torn — drop the four and read again
000968r 2  68             pla
000969r 2  68             pla
00096Ar 2  68             pla
00096Br 2  80 D9          bra @Retry
00096Dr 2               @Stable:
00096Dr 2  68             pla
00096Er 2  20 rr rr       jsr BcdToBin
000971r 2  8D 0B 03       sta RTC_BUF_CENT              ; Store century in buffer
000974r 2  68             pla
000975r 2  29 1F          and #RTC_MON_MASK             ; Strip control bits (EOSC/E32K/BB32) before BCD decode
000977r 2  20 rr rr       jsr BcdToBin
00097Ar 2  AA             tax                           ; X = month
00097Br 2  68             pla
00097Cr 2  20 rr rr       jsr BcdToBin
00097Fr 2  A8             tay                           ; Y = year
000980r 2  68             pla
000981r 2  20 rr rr       jsr BcdToBin                  ; A = day of month
000984r 2  60             rts
000985r 2               
000985r 2               ; RtcWriteTime — Set DS1511Y time
000985r 2               ; Input: A = hours (binary), X = minutes (binary), Y = seconds (binary)
000985r 2               ; Modifies: Flags, A, X
000985r 2               RtcWriteTimeImpl:
000985r 2  48             pha                           ; Save hours
000986r 2  DA             phx                           ; Save minutes
000987r 2  5A             phy                           ; Save seconds
000988r 2  20 rr rr       jsr RtcFreeze                 ; Hold off the once-a-second update
00098Br 2                 ; Write seconds
00098Br 2  68             pla                           ; A = seconds
00098Cr 2  20 rr rr       jsr BinToBcd
00098Fr 2  8D 00 88       sta RTC_SEC
000992r 2                 ; Write minutes
000992r 2  68             pla                           ; A = minutes
000993r 2  20 rr rr       jsr BinToBcd
000996r 2  8D 01 88       sta RTC_MIN
000999r 2                 ; Write hours
000999r 2  68             pla                           ; A = hours
00099Ar 2  20 rr rr       jsr BinToBcd
00099Dr 2  8D 02 88       sta RTC_HR
0009A0r 2  4C rr rr       jmp RtcThaw                   ; Commit the write and resume the updates
0009A3r 2               
0009A3r 2               ; RtcWriteDate — Set DS1511Y date
0009A3r 2               ; Input: A = day of month (binary), X = month (binary), Y = year (binary)
0009A3r 2               ;        RTC_BUF_CENT = century (binary)
0009A3r 2               ; Modifies: Flags, A, X
0009A3r 2               RtcWriteDateImpl:
0009A3r 2  48             pha                           ; Save day
0009A4r 2  DA             phx                           ; Save month
0009A5r 2  5A             phy                           ; Save year
0009A6r 2  20 rr rr       jsr RtcFreeze                 ; Hold off the once-a-second update
0009A9r 2                 ; Write century
0009A9r 2  AD 0B 03       lda RTC_BUF_CENT
0009ACr 2  20 rr rr       jsr BinToBcd
0009AFr 2  8D 07 88       sta RTC_CENT
0009B2r 2                 ; Write year
0009B2r 2  68             pla                           ; A = year
0009B3r 2  20 rr rr       jsr BinToBcd
0009B6r 2  8D 06 88       sta RTC_YR
0009B9r 2                 ; Write month
0009B9r 2  68             pla                           ; A = month
0009BAr 2  20 rr rr       jsr BinToBcd
0009BDr 2  29 1F          and #RTC_MON_MASK             ; Keep only the month value bits
0009BFr 2  8D 0C 03       sta RTC_TMP
0009C2r 2  AD 05 88       lda RTC_MON
0009C5r 2  29 E0          and #<~RTC_MON_MASK           ; Preserve control bits (EOSC/E32K/BB32)
0009C7r 2  0D 0C 03       ora RTC_TMP
0009CAr 2  8D 05 88       sta RTC_MON
0009CDr 2                 ; Write day
0009CDr 2  68             pla                           ; A = day
0009CEr 2  20 rr rr       jsr BinToBcd
0009D1r 2  8D 04 88       sta RTC_DATE
0009D4r 2  4C rr rr       jmp RtcThaw                   ; Commit the write and resume the updates
0009D7r 2               
0009D7r 2               ; RtcReadNVRAM — Read a byte from DS1511Y NVRAM
0009D7r 2               ; Input: X = NVRAM address ($00-$FF)
0009D7r 2               ; Output: A = data byte
0009D7r 2               ; Modifies: Flags
0009D7r 2               RtcReadNVRAMImpl:
0009D7r 2  8E 10 88       stx RTC_RAM_ADDR
0009DAr 2  AD 13 88       lda RTC_RAM_DATA
0009DDr 2  60             rts
0009DEr 2               
0009DEr 2               ; RtcWriteNVRAM — Write a byte to DS1511Y NVRAM
0009DEr 2               ; Input: X = NVRAM address ($00-$FF), A = data byte
0009DEr 2               ; Modifies: Flags
0009DEr 2               RtcWriteNVRAMImpl:
0009DEr 2  8E 10 88       stx RTC_RAM_ADDR
0009E1r 2  8D 13 88       sta RTC_RAM_DATA
0009E4r 2  60             rts
0009E5r 2               
0009E5r 2               ; === NVRAM Save Slots ===
0009E5r 2               ;
0009E5r 2               ; The 256 NVRAM bytes are 16 slots of 16 bytes; slot n starts at NVRAM n*16:
0009E5r 2               ;
0009E5r 2               ;   +$0      owner ID     $00 = free, otherwise a game-chosen identity byte
0009E5r 2               ;   +$1      checksum     over the owner ID and the 14 payload bytes
0009E5r 2               ;   +$2-$F   payload
0009E5r 2               ;
0009E5r 2               ; Checksum: ck = NV_CK_SEED, then ck = rol8(ck) EOR b for each covered byte.
0009E5r 2               ; The 8-bit rotate is asl / adc #0, which is why these routines clear D.
0009E5r 2               ;
0009E5r 2               ; Contract shared by all six:
0009E5r 2               ;   * Carry set means the call did nothing: no RTC card, slot >= NV_SLOTS, and
0009E5r 2               ;     the per-routine cases documented on each.
0009E5r 2               ;   * The caller's D and I flags come back unchanged.  Interrupts are masked for
0009E5r 2               ;     the duration, because the slot copies use burst mode, where every access
0009E5r 2               ;     of RTC_RAM_DATA advances the address latch — an IRQ handler touching NVRAM
0009E5r 2               ;     mid-copy would corrupt the save.  A user NMI handler must not touch NVRAM.
0009E5r 2               ;   * BME is clear on exit, so RtcReadNVRAM / RtcWriteNVRAM keep their
0009E5r 2               ;     single-byte behaviour.
0009E5r 2               ;   * While BME is set, RTC_RAM_DATA is only ever touched with plain absolute
0009E5r 2               ;     addressing: one instruction, one bus access, one step of the latch.
0009E5r 2               
0009E5r 2               ; NvStat — Report a slot's state
0009E5r 2               ; Input: X = slot (0-15)
0009E5r 2               ; Output: A = NV_EMPTY / NV_VALID / NV_BAD, Y = owner ID, C clear
0009E5r 2               ;         C set on no RTC or bad slot (A, Y undefined)
0009E5r 2               ; Modifies: Flags (D and I preserved), A, Y
0009E5r 2               NvStatImpl:
0009E5r 2  08             php
0009E6r 2  78             sei
0009E7r 2  D8             cld
0009E8r 2  20 rr rr       jsr NvCheck
0009EBr 2  B0 3B          bcs NvFail
0009EDr 2  20 rr rr       jsr NvScan
0009F0r 2  4C rr rr       jmp NvOk
0009F3r 2               
0009F3r 2               ; NvRead — Copy a valid slot's 14 payload bytes to the caller's buffer
0009F3r 2               ; Input: X = slot (0-15), A/Y = destination lo/hi
0009F3r 2               ; Output: A = status, Y = owner ID; C clear and the buffer written only if A = NV_VALID
0009F3r 2               ;         C set on no RTC or bad slot (A, Y undefined), or a slot that is not
0009F3r 2               ;         valid (A = its status, Y = its owner ID) — the buffer is untouched
0009F3r 2               ; Modifies: Flags (D and I preserved), A, Y, NV_PTR
0009F3r 2               NvReadImpl:
0009F3r 2  08             php
0009F4r 2  78             sei
0009F5r 2  D8             cld
0009F6r 2  85 02          sta NV_PTR
0009F8r 2  84 03          sty NV_PTR+1
0009FAr 2  20 rr rr       jsr NvCheck
0009FDr 2  B0 29          bcs NvFail
0009FFr 2  20 rr rr       jsr NvScan
000A02r 2  C9 01          cmp #NV_VALID
000A04r 2  D0 22          bne NvFail                    ; Nothing copied until the slot has validated
000A06r 2  5A             phy                           ; Owner ID
000A07r 2  20 rr rr       jsr NvBurstStart
000A0Ar 2  AD 13 88       lda RTC_RAM_DATA              ; Step past the owner ID...
000A0Dr 2  AD 13 88       lda RTC_RAM_DATA              ;   ...and the checksum
000A10r 2  A0 00          ldy #0
000A12r 2               @Copy:
000A12r 2  AD 13 88       lda RTC_RAM_DATA
000A15r 2  91 02          sta (NV_PTR),y
000A17r 2  C8             iny
000A18r 2  C0 0E          cpy #NV_SLOT_DATA
000A1Ar 2  D0 F6          bne @Copy
000A1Cr 2  20 rr rr       jsr NvBurstEnd
000A1Fr 2  7A             ply
000A20r 2  A9 01          lda #NV_VALID
000A22r 2  4C rr rr       jmp NvOk
000A25r 2               
000A25r 2               ; NvOk / NvFail — Common exits: restore the caller's flags, then report
000A25r 2               ; Entered by jmp with the P byte an entry's php pushed on top of the stack.
000A25r 2               ; A, X and Y pass through untouched.
000A25r 2               NvOk:
000A25r 2  28             plp
000A26r 2  18             clc
000A27r 2  60             rts
000A28r 2               NvFail:
000A28r 2  28             plp
000A29r 2  38             sec
000A2Ar 2  60             rts
000A2Br 2               
000A2Br 2               ; NvFind — Find the lowest slot whose owner ID is A
000A2Br 2               ; Matches any non-free slot, valid or damaged; A = $00 finds the lowest free slot.
000A2Br 2               ; Input: A = owner ID
000A2Br 2               ; Output: X = slot, C clear; C set if no slot matched (X undefined)
000A2Br 2               ; Modifies: Flags (I preserved), A, X, RTC_TMP
000A2Br 2               NvFindImpl:
000A2Br 2  08             php
000A2Cr 2  78             sei
000A2Dr 2  8D 0C 03       sta RTC_TMP
000A30r 2  AD 0D 03       lda HW_PRESENT
000A33r 2  29 04          and #HW_RTC
000A35r 2  F0 F1          beq NvFail
000A37r 2  A2 00          ldx #0
000A39r 2               @Next:
000A39r 2  8A             txa
000A3Ar 2  0A             asl a
000A3Br 2  0A             asl a
000A3Cr 2  0A             asl a
000A3Dr 2  0A             asl a
000A3Er 2  8D 10 88       sta RTC_RAM_ADDR              ; One byte per slot, so no burst: the latch is
000A41r 2  AD 13 88       lda RTC_RAM_DATA              ;   set afresh each time
000A44r 2  CD 0C 03       cmp RTC_TMP
000A47r 2  F0 DC          beq NvOk
000A49r 2  E8             inx
000A4Ar 2  E0 10          cpx #NV_SLOTS
000A4Cr 2  D0 EB          bne @Next
000A4Er 2  F0 D8          beq NvFail
000A50r 2               
000A50r 2               ; NvErase — Zero all 16 bytes of a slot, so nothing of the old save is legible
000A50r 2               ; Input: X = slot (0-15)
000A50r 2               ; Output: C clear; C set on no RTC or bad slot
000A50r 2               ; Modifies: Flags (I preserved), A, Y
000A50r 2               NvEraseImpl:
000A50r 2  08             php
000A51r 2  78             sei
000A52r 2  20 rr rr       jsr NvCheck
000A55r 2  B0 D1          bcs NvFail
000A57r 2  20 rr rr       jsr NvBurstStart
000A5Ar 2  A0 10          ldy #NV_SLOT_SIZE
000A5Cr 2               @Zero:
000A5Cr 2  9C 13 88       stz RTC_RAM_DATA
000A5Fr 2  88             dey
000A60r 2  D0 FA          bne @Zero
000A62r 2  20 rr rr       jsr NvBurstEnd
000A65r 2  4C rr rr       jmp NvOk
000A68r 2               
000A68r 2               ; NvWrite — Write a slot: owner ID, checksum and 14 payload bytes
000A68r 2               ; Input: X = slot (0-15), A/Y = source lo/hi, NV_ID = owner ID ($01-$FF)
000A68r 2               ; Output: C clear; C set on no RTC, bad slot, or NV_ID = 0 (nothing written)
000A68r 2               ; Modifies: Flags (D and I preserved), A, Y, NV_PTR
000A68r 2               NvWriteImpl:
000A68r 2  08             php
000A69r 2  78             sei
000A6Ar 2  D8             cld
000A6Br 2  85 02          sta NV_PTR
000A6Dr 2  84 03          sty NV_PTR+1
000A6Fr 2  20 rr rr       jsr NvCheck
000A72r 2  B0 B4          bcs NvFail
000A74r 2  AD 90 03       lda NV_ID
000A77r 2  F0 AF          beq NvFail                    ; ID 0 marks a free slot — that is NvErase
000A79r 2  A9 A6          lda #NV_CK_SEED               ; Checksum first, from the caller's buffer
000A7Br 2  0A             asl a
000A7Cr 2  69 00          adc #$00
000A7Er 2  4D 90 03       eor NV_ID
000A81r 2  A0 00          ldy #0
000A83r 2               @Sum:
000A83r 2  0A             asl a
000A84r 2  69 00          adc #$00
000A86r 2  51 02          eor (NV_PTR),y
000A88r 2  C8             iny
000A89r 2  C0 0E          cpy #NV_SLOT_DATA
000A8Br 2  D0 F6          bne @Sum
000A8Dr 2  8D 0C 03       sta RTC_TMP
000A90r 2  20 rr rr       jsr NvBurstStart
000A93r 2  AD 90 03       lda NV_ID
000A96r 2  8D 13 88       sta RTC_RAM_DATA
000A99r 2  AD 0C 03       lda RTC_TMP
000A9Cr 2  8D 13 88       sta RTC_RAM_DATA
000A9Fr 2  A0 00          ldy #0
000AA1r 2               @Copy:
000AA1r 2  B1 02          lda (NV_PTR),y
000AA3r 2  8D 13 88       sta RTC_RAM_DATA
000AA6r 2  C8             iny
000AA7r 2  C0 0E          cpy #NV_SLOT_DATA
000AA9r 2  D0 F6          bne @Copy
000AABr 2  20 rr rr       jsr NvBurstEnd
000AAEr 2  4C rr rr       jmp NvOk
000AB1r 2               
000AB1r 2               ; NvFormat — Erase all 16 slots
000AB1r 2               ; Output: C clear; C set on no RTC
000AB1r 2               ; Modifies: Flags, A, X, Y
000AB1r 2               NvFormatImpl:
000AB1r 2  A2 0F          ldx #NV_SLOTS-1
000AB3r 2               @Next:
000AB3r 2  20 rr rr       jsr NvEraseImpl
000AB6r 2  B0 03          bcs @Done
000AB8r 2  CA             dex
000AB9r 2  10 F8          bpl @Next
000ABBr 2               @Done:
000ABBr 2  60             rts
000ABCr 2               
000ABCr 2               ; NvCheck — Fail unless an RTC is fitted and X names a slot
000ABCr 2               ; Input: X = slot
000ABCr 2               ; Output: C set if no RTC or X >= NV_SLOTS
000ABCr 2               ; Modifies: Flags, A
000ABCr 2               NvCheck:
000ABCr 2  AD 0D 03       lda HW_PRESENT
000ABFr 2  29 04          and #HW_RTC
000AC1r 2  F0 03          beq @Fail
000AC3r 2  E0 10          cpx #NV_SLOTS                 ; C = X >= NV_SLOTS
000AC5r 2  60             rts
000AC6r 2               @Fail:
000AC6r 2  38             sec
000AC7r 2  60             rts
000AC8r 2               
000AC8r 2               ; NvScan — Read slot X's header and validate its checksum
000AC8r 2               ; Input: X = slot (already checked), D clear, interrupts masked
000AC8r 2               ; Output: A = NV_EMPTY / NV_VALID / NV_BAD, Y = owner ID
000AC8r 2               ; Modifies: Flags, A, Y, RTC_TMP
000AC8r 2               NvScan:
000AC8r 2  20 rr rr       jsr NvBurstStart
000ACBr 2  AD 13 88       lda RTC_RAM_DATA              ; Owner ID
000ACEr 2  48             pha
000ACFr 2  8D 0C 03       sta RTC_TMP
000AD2r 2  A9 A6          lda #NV_CK_SEED               ; Fold in the owner ID
000AD4r 2  0A             asl a
000AD5r 2  69 00          adc #$00
000AD7r 2  4D 0C 03       eor RTC_TMP
000ADAr 2  AC 13 88       ldy RTC_RAM_DATA              ; Stored checksum
000ADDr 2  8C 0C 03       sty RTC_TMP
000AE0r 2  A0 0E          ldy #NV_SLOT_DATA
000AE2r 2               @Sum:
000AE2r 2  0A             asl a                         ; Rotate left: bit 7 into carry...
000AE3r 2  69 00          adc #$00                      ;   ...and back into bit 0
000AE5r 2  4D 13 88       eor RTC_RAM_DATA              ; Next payload byte
000AE8r 2  88             dey
000AE9r 2  D0 F7          bne @Sum
000AEBr 2  4D 0C 03       eor RTC_TMP                   ; 0 when the checksum agrees
000AEEr 2  8D 0C 03       sta RTC_TMP
000AF1r 2  20 rr rr       jsr NvBurstEnd
000AF4r 2  7A             ply                           ; Y = owner ID
000AF5r 2  F0 0B          beq @Empty
000AF7r 2  AD 0C 03       lda RTC_TMP
000AFAr 2  F0 03          beq @Valid
000AFCr 2  A9 02          lda #NV_BAD
000AFEr 2  60             rts
000AFFr 2               @Valid:
000AFFr 2  A9 01          lda #NV_VALID
000B01r 2  60             rts
000B02r 2               @Empty:
000B02r 2  A9 00          lda #NV_EMPTY
000B04r 2  60             rts
000B05r 2               
000B05r 2               ; NvBurstStart — Point the NVRAM latch at slot X and enable burst mode
000B05r 2               ; Input: X = slot
000B05r 2               ; Modifies: Flags, A
000B05r 2               NvBurstStart:
000B05r 2  8A             txa
000B06r 2  0A             asl a                         ; Slot base = slot * 16
000B07r 2  0A             asl a
000B08r 2  0A             asl a
000B09r 2  0A             asl a
000B0Ar 2  8D 10 88       sta RTC_RAM_ADDR
000B0Dr 2  AD 0F 88       lda RTC_CTRL_B                ; Read-modify-write: Control B also holds TE
000B10r 2  09 20          ora #RTC_CTRL_B_BME
000B12r 2  8D 0F 88       sta RTC_CTRL_B
000B15r 2  60             rts
000B16r 2               
000B16r 2               ; NvBurstEnd — Disable burst mode
000B16r 2               ; Modifies: Flags, A
000B16r 2               NvBurstEnd:
000B16r 2  AD 0F 88       lda RTC_CTRL_B
000B19r 2  29 DF          and #<~RTC_CTRL_B_BME
000B1Br 2  8D 0F 88       sta RTC_CTRL_B
000B1Er 2  60             rts
000B1Fr 2               
000B1Fr 2               ; === Hardware Probes ===
000B1Fr 2               
000B1Fr 2               ; ProbeRAM — Test for banked SRAM on IO 1 and IO 2
000B1Fr 2               ; Two-pattern read-back test ($A5 then $5A) on bank 0 data byte
000B1Fr 2               ; Sets HW_RAM_L / HW_RAM_H in HW_PRESENT on success
000B1Fr 2               ; Modifies: Flags, A
000B1Fr 2               ProbeRAM:
000B1Fr 2                 ; A naive "write byte, immediately read it back" test is unreliable: with no
000B1Fr 2                 ; SRAM responding, bus/parasitic capacitance holds the just-written value for
000B1Fr 2                 ; a cycle or two, so the read-back matches and the probe falsely passes.
000B1Fr 2                 ; Instead we write complementary patterns into TWO different banks, then read
000B1Fr 2                 ; them back AFTER intervening bus cycles (opcode fetches from ROM + a second
000B1Fr 2                 ; bank's data) have flushed the bus. This forces the chip to actually store
000B1Fr 2                 ; distinct values and also exercises the bank-select latch. Open bus cannot
000B1Fr 2                 ; fake both reads. Bank-0/bank-1 byte 0 are saved and restored.
000B1Fr 2               
000B1Fr 2                 ; --- Probe RAM Low (IO 1) ---
000B1Fr 2  9C FF 83       stz RAM_BANK_L                ; Bank 0
000B22r 2  AD 00 80       lda RAM_DATA_L                ; Save bank-0 byte 0
000B25r 2  48             pha
000B26r 2  A9 01          lda #$01
000B28r 2  8D FF 83       sta RAM_BANK_L                ; Bank 1
000B2Br 2  AD 00 80       lda RAM_DATA_L                ; Save bank-1 byte 0
000B2Er 2  48             pha
000B2Fr 2  9C FF 83       stz RAM_BANK_L               ; Bank 0
000B32r 2  A9 A5          lda #$A5
000B34r 2  8D 00 80       sta RAM_DATA_L                ; bank0[0] = $A5
000B37r 2  A9 01          lda #$01
000B39r 2  8D FF 83       sta RAM_BANK_L                ; Bank 1
000B3Cr 2  A9 5A          lda #$5A
000B3Er 2  8D 00 80       sta RAM_DATA_L                ; bank1[0] = $5A (flips data + address lines)
000B41r 2  9C FF 83       stz RAM_BANK_L               ; Back to bank 0
000B44r 2  AD 00 80       lda RAM_DATA_L               ; Read bank0[0] (bus no longer holds $A5)
000B47r 2  C9 A5          cmp #$A5
000B49r 2  D0 14          bne @RAMLRestore             ; Bank 0 did not retain its value
000B4Br 2  A9 01          lda #$01
000B4Dr 2  8D FF 83       sta RAM_BANK_L                ; Bank 1
000B50r 2  AD 00 80       lda RAM_DATA_L               ; Read bank1[0]
000B53r 2  C9 5A          cmp #$5A
000B55r 2  D0 08          bne @RAMLRestore             ; Bank 1 did not retain (or latch failed)
000B57r 2  AD 0D 03       lda HW_PRESENT
000B5Ar 2  09 01          ora #HW_RAM_L
000B5Cr 2  8D 0D 03       sta HW_PRESENT
000B5Fr 2               @RAMLRestore:
000B5Fr 2  A9 01          lda #$01
000B61r 2  8D FF 83       sta RAM_BANK_L                ; Bank 1
000B64r 2  68             pla
000B65r 2  8D 00 80       sta RAM_DATA_L                ; Restore bank-1 byte 0
000B68r 2  9C FF 83       stz RAM_BANK_L               ; Bank 0
000B6Br 2  68             pla
000B6Cr 2  8D 00 80       sta RAM_DATA_L                ; Restore bank-0 byte 0
000B6Fr 2               
000B6Fr 2                 ; --- Probe RAM High (IO 2) ---
000B6Fr 2  9C FF 87       stz RAM_BANK_H                ; Bank 0
000B72r 2  AD 00 84       lda RAM_DATA_H                ; Save bank-0 byte 0
000B75r 2  48             pha
000B76r 2  A9 01          lda #$01
000B78r 2  8D FF 87       sta RAM_BANK_H                ; Bank 1
000B7Br 2  AD 00 84       lda RAM_DATA_H                ; Save bank-1 byte 0
000B7Er 2  48             pha
000B7Fr 2  9C FF 87       stz RAM_BANK_H               ; Bank 0
000B82r 2  A9 A5          lda #$A5
000B84r 2  8D 00 84       sta RAM_DATA_H                ; bank0[0] = $A5
000B87r 2  A9 01          lda #$01
000B89r 2  8D FF 87       sta RAM_BANK_H                ; Bank 1
000B8Cr 2  A9 5A          lda #$5A
000B8Er 2  8D 00 84       sta RAM_DATA_H                ; bank1[0] = $5A (flips data + address lines)
000B91r 2  9C FF 87       stz RAM_BANK_H               ; Back to bank 0
000B94r 2  AD 00 84       lda RAM_DATA_H               ; Read bank0[0] (bus no longer holds $A5)
000B97r 2  C9 A5          cmp #$A5
000B99r 2  D0 14          bne @RAMHRestore             ; Bank 0 did not retain its value
000B9Br 2  A9 01          lda #$01
000B9Dr 2  8D FF 87       sta RAM_BANK_H                ; Bank 1
000BA0r 2  AD 00 84       lda RAM_DATA_H               ; Read bank1[0]
000BA3r 2  C9 5A          cmp #$5A
000BA5r 2  D0 08          bne @RAMHRestore             ; Bank 1 did not retain (or latch failed)
000BA7r 2  AD 0D 03       lda HW_PRESENT
000BAAr 2  09 02          ora #HW_RAM_H
000BACr 2  8D 0D 03       sta HW_PRESENT
000BAFr 2               @RAMHRestore:
000BAFr 2  A9 01          lda #$01
000BB1r 2  8D FF 87       sta RAM_BANK_H                ; Bank 1
000BB4r 2  68             pla
000BB5r 2  8D 00 84       sta RAM_DATA_H                ; Restore bank-1 byte 0
000BB8r 2  9C FF 87       stz RAM_BANK_H               ; Bank 0
000BBBr 2  68             pla
000BBCr 2  8D 00 84       sta RAM_DATA_H                ; Restore bank-0 byte 0
000BBFr 2  60             rts
000BC0r 2               
000BC0r 2               ; ProbeVideo — identify a 6502-PICOVDP (SPEC §16)
000BC0r 2               ; Selects STAT4 on port A and looks for the identification byte.  Only a PICOVDP
000BC0r 2               ; is video: an empty slot reads something else, and a TMS9918A decodes three
000BC0r 2               ; register bits, takes the select as a harmless register 7 write, and is left
000BC0r 2               ; alone after that.  On a PICOVDP, records STAT5 in VDP_FW and STAT6 in
000BC0r 2               ; VDP_CAPS and puts STATSEL_A back to STAT0.  HW_VID means a PICOVDP with the
000BC0r 2               ; built-in font, so it is set only if STAT6 b7 is: the Kernal has no character
000BC0r 2               ; set of its own to fall back on.  STAT5 gates nothing.
000BC0r 2               ; Modifies: Flags, A, VDP_FW, VDP_CAPS
000BC0r 2               ProbeVideo:
000BC0r 2  9C 94 03       stz VDP_FW                    ; No card until one answers
000BC3r 2  9C 95 03       stz VDP_CAPS
000BC6r 2  AD 01 9C       lda VC_STATUS                 ; Resynchronise the command flip-flop (and, on
000BC9r 2                                               ;   a TMS9918A, clear the flags that could
000BC9r 2                                               ;   otherwise read as $AC)
000BC9r 2  A9 04          lda #$04
000BCBr 2  20 rr rr       jsr VdpSelectStat
000BCEr 2  AD 01 9C       lda VC_STATUS                 ; STAT4
000BD1r 2  C9 AC          cmp #VDP_ID
000BD3r 2  D0 1E          bne @ProbeVideoDone           ; Not a PICOVDP: nothing more is written
000BD5r 2  A9 05          lda #$05
000BD7r 2  20 rr rr       jsr VdpSelectStat
000BDAr 2  AD 01 9C       lda VC_STATUS
000BDDr 2  8D 94 03       sta VDP_FW                    ; STAT5: firmware version, BCD
000BE0r 2  A9 06          lda #$06
000BE2r 2  20 rr rr       jsr VdpReadStat               ; And STATSEL_A back to STAT0
000BE5r 2  8D 95 03       sta VDP_CAPS                  ; STAT6: capability bits
000BE8r 2  0A             asl a                         ; b7, the built-in font, into carry
000BE9r 2  90 08          bcc @ProbeVideoDone           ; No font: not a console
000BEBr 2  AD 0D 03       lda HW_PRESENT
000BEEr 2  09 80          ora #HW_VID
000BF0r 2  8D 0D 03       sta HW_PRESENT
000BF3r 2               @ProbeVideoDone:
000BF3r 2  60             rts
000BF4r 2               
000BF4r 2               ; ProbeGPIO — VIA DDR register read-back test
000BF4r 2               ; Writes $AA to GPIO_DDRB, reads it back
000BF4r 2               ; Sets HW_GPIO in HW_PRESENT on success
000BF4r 2               ; Restores GPIO_DDRB to $00 afterward
000BF4r 2               ; Modifies: Flags, A
000BF4r 2               ProbeGPIO:
000BF4r 2  A9 AA          lda #$AA
000BF6r 2  8D 02 94       sta GPIO_DDRB
000BF9r 2  CD 02 94       cmp GPIO_DDRB
000BFCr 2  D0 08          bne @ProbeGPIODone
000BFEr 2  AD 0D 03       lda HW_PRESENT
000C01r 2  09 20          ora #HW_GPIO
000C03r 2  8D 0D 03       sta HW_PRESENT
000C06r 2               @ProbeGPIODone:
000C06r 2  9C 02 94       stz GPIO_DDRB                 ; Restore to inputs (InitKBImpl will configure properly)
000C09r 2  60             rts
000C0Ar 2               
000C0Ar 2               ; ProbeSerial — R65C51 CMD register write/read-back test
000C0Ar 2               ; Issues programmatic reset, writes test value to CMD, reads back
000C0Ar 2               ; Open bus will not match — prevents false detection
000C0Ar 2               ; Sets HW_SC in HW_PRESENT on success
000C0Ar 2               ; Modifies: Flags, A
000C0Ar 2               ProbeSerial:
000C0Ar 2  9C 01 90       stz SC_RESET                  ; Programmatic reset (write any value)
000C0Dr 2  A9 0A          lda #$0A                      ; Test value (bits within CMD writable range)
000C0Fr 2  8D 02 90       sta SC_CMD                    ; Write to Command Register
000C12r 2  CD 02 90       cmp SC_CMD                    ; Read back — should match if real hardware
000C15r 2  D0 08          bne @ProbeSerialDone          ; Mismatch = open bus, no card present
000C17r 2  AD 0D 03       lda HW_PRESENT
000C1Ar 2  09 10          ora #HW_SC
000C1Cr 2  8D 0D 03       sta HW_PRESENT
000C1Fr 2               @ProbeSerialDone:
000C1Fr 2  60             rts
000C20r 2               
000C20r 2               ; ProbeSID — Active oscillator test using voice 3
000C20r 2               ; Configures voice 3 noise waveform, brief delay, reads SID_OSC3
000C20r 2               ; Non-zero and non-$FF result indicates SID present
000C20r 2               ; Sets HW_SID in HW_PRESENT on success
000C20r 2               ; Modifies: Flags, A, X, Y
000C20r 2               ProbeSID:
000C20r 2                 ; Set voice 3 frequency to a fast value
000C20r 2  A9 FF          lda #$FF
000C22r 2  8D 0E 98       sta SID_V3_FREQ_LO
000C25r 2  8D 0F 98       sta SID_V3_FREQ_HI
000C28r 2                 ; Gate on + noise waveform
000C28r 2  A9 81          lda #(SID_CTRL_GATE | SID_CTRL_NOISE)
000C2Ar 2  8D 12 98       sta SID_V3_CTRL
000C2Dr 2                 ; Brief software delay for oscillator to run
000C2Dr 2  A0 00          ldy #$00
000C2Fr 2               @ProbeSIDDelay:
000C2Fr 2  88             dey
000C30r 2  D0 FD          bne @ProbeSIDDelay            ; ~1280 cycles
000C32r 2                 ; Read oscillator 3 output
000C32r 2  AD 1B 98       lda SID_OSC3
000C35r 2  F0 0E          beq @ProbeSIDCleanup          ; Zero → no SID
000C37r 2  C9 FF          cmp #$FF
000C39r 2  F0 0A          beq @ProbeSIDCleanup          ; $FF → likely floating bus
000C3Br 2                 ; SID detected
000C3Br 2  48             pha
000C3Cr 2  AD 0D 03       lda HW_PRESENT
000C3Fr 2  09 40          ora #HW_SID
000C41r 2  8D 0D 03       sta HW_PRESENT
000C44r 2  68             pla
000C45r 2               @ProbeSIDCleanup:
000C45r 2                 ; Silence voice 3
000C45r 2  9C 12 98       stz SID_V3_CTRL
000C48r 2  9C 0E 98       stz SID_V3_FREQ_LO
000C4Br 2  9C 0F 98       stz SID_V3_FREQ_HI
000C4Er 2  60             rts
000C4Fr 2               
000C4Fr 2               ; ProbeRTC — DS1511Y NVRAM read-back test
000C4Fr 2               ; Writes test pattern to NVRAM address 0, reads it back
000C4Fr 2               ; Sets HW_RTC in HW_PRESENT on success
000C4Fr 2               ; Restores original NVRAM value afterward
000C4Fr 2               ; Modifies: Flags, A
000C4Fr 2               ProbeRTC:
000C4Fr 2                 ; BME is battery-backed and undefined at power-up, like TE beside it.  Left set,
000C4Fr 2                 ; every access of RTC_RAM_DATA below would advance the address latch: the
000C4Fr 2                 ; read-back would compare against the wrong byte, HW_RTC would never be set,
000C4Fr 2                 ; and the restore would land on a third address.  So clear it before the RAM
000C4Fr 2                 ; ports are touched — read-modify-write, since Control B also holds TE.
000C4Fr 2  AD 0F 88       lda RTC_CTRL_B
000C52r 2  29 DF          and #<~RTC_CTRL_B_BME
000C54r 2  8D 0F 88       sta RTC_CTRL_B
000C57r 2  9C 10 88       stz RTC_RAM_ADDR              ; Select NVRAM address 0
000C5Ar 2  AD 13 88       lda RTC_RAM_DATA              ; Save existing value
000C5Dr 2  48             pha
000C5Er 2  A9 A5          lda #$A5
000C60r 2  8D 13 88       sta RTC_RAM_DATA              ; Write test pattern
000C63r 2  CD 13 88       cmp RTC_RAM_DATA              ; Read back
000C66r 2  D0 18          bne @ProbeRTCDone
000C68r 2  AD 0D 03       lda HW_PRESENT
000C6Br 2  09 04          ora #HW_RTC
000C6Dr 2  8D 0D 03       sta HW_PRESENT
000C70r 2                 ; The DS1511Y SQW pin feeds the AB Controller, which turns every SQW edge into
000C70r 2                 ; a 6502 NMI. Its control bits power up undefined and are battery-backed, so
000C70r 2                 ; explicitly disable the square-wave output here. E32K/BB32/EOSC live in the
000C70r 2                 ; upper 3 bits of the month register (05H); keep the month value and leave the
000C70r 2                 ; oscillator running.
000C70r 2                 ;
000C70r 2                 ; Bracketed like any other clock write, since 05H carries the month as well as
000C70r 2                 ; the control bits. The thaw doubles as a repair: TE is battery-backed, so a
000C70r 2                 ; board whose TE was left at 0 reads a stopped clock forever, and setting it
000C70r 2                 ; here is the only thing that starts the readout moving again.
000C70r 2  20 rr rr       jsr RtcFreeze
000C73r 2  AD 05 88       lda RTC_MON
000C76r 2  29 1F          and #RTC_MON_MASK             ; Keep month value (low 5 bits)
000C78r 2  09 40          ora #RTC_MON_E32K             ; E32K=1 → SQW disabled; BB32=0, EOSC=0
000C7Ar 2  8D 05 88       sta RTC_MON
000C7Dr 2  20 rr rr       jsr RtcThaw
000C80r 2               @ProbeRTCDone:
000C80r 2  68             pla
000C81r 2  8D 13 88       sta RTC_RAM_DATA              ; Restore original value
000C84r 2  60             rts
000C85r 2               
000C85r 2               ; === CompactFlash Storage Driver (True 8-bit IDE Mode) ===
000C85r 2               
000C85r 2               ; StWaitReady — Wait for CompactFlash to become ready
000C85r 2               ; Polls ST_STATUS until BSY=0 and RDY=1, with X/Y timeout (~65536 iterations)
000C85r 2               ; Output: Carry clear = ready, Carry set = error or timeout
000C85r 2               ; Modifies: Flags, A, X, Y
000C85r 2               StWaitReadyImpl:
000C85r 2  AD 0D 03       lda HW_PRESENT
000C88r 2  29 08          and #HW_CF
000C8Ar 2  D0 02          bne StWaitReadyPoll           ; Card fitted — poll it
000C8Cr 2  38             sec                           ; No card: fail now rather than spinning out a
000C8Dr 2  60             rts                           ;   65536-iteration timeout per sector.  This is
000C8Er 2                                               ;   the one guard the whole storage stack needs
000C8Er 2                                               ;   — every read, write and directory listing
000C8Er 2                                               ;   comes through here first — so a caller on
000C8Er 2                                               ;   a machine with an empty slot gets carry set
000C8Er 2                                               ;   without carrying a presence check of its
000C8Er 2                                               ;   own.
000C8Er 2               
000C8Er 2               ; StWaitReadyPoll — the same wait without the presence check, for the probe that
000C8Er 2               ; establishes presence in the first place.
000C8Er 2               StWaitReadyPoll:
000C8Er 2  A2 00          ldx #$00                      ; Outer timeout counter (256 × 256 = 65536 iterations)
000C90r 2  A0 00          ldy #$00
000C92r 2               @StWaitBsy:
000C92r 2  AD 07 8C       lda ST_STATUS
000C95r 2  29 80          and #ST_STATUS_BSY            ; Check BSY bit
000C97r 2  F0 08          beq @StCheckRdy               ; BSY clear — check RDY
000C99r 2  88             dey
000C9Ar 2  D0 F6          bne @StWaitBsy
000C9Cr 2  CA             dex
000C9Dr 2  D0 F3          bne @StWaitBsy
000C9Fr 2  38             sec                           ; Timed out — no device
000CA0r 2  60             rts
000CA1r 2               @StCheckRdy:
000CA1r 2  AD 07 8C       lda ST_STATUS
000CA4r 2  29 40          and #ST_STATUS_RDY            ; Check RDY bit
000CA6r 2  D0 08          bne @StCheckErr               ; RDY set — check for errors
000CA8r 2  88             dey
000CA9r 2  D0 E7          bne @StWaitBsy
000CABr 2  CA             dex
000CACr 2  D0 E4          bne @StWaitBsy
000CAEr 2  38             sec                           ; Timed out
000CAFr 2  60             rts
000CB0r 2               @StCheckErr:
000CB0r 2  AD 07 8C       lda ST_STATUS
000CB3r 2  29 01          and #ST_STATUS_ERR            ; Check ERR bit
000CB5r 2  D0 02          bne @StWaitErr
000CB7r 2  18             clc                           ; Ready, no error
000CB8r 2  60             rts
000CB9r 2               @StWaitErr:
000CB9r 2  38             sec                           ; Error condition
000CBAr 2  60             rts
000CBBr 2               
000CBBr 2               ; StWaitDrq — Wait for CompactFlash data request
000CBBr 2               ; Polls ST_STATUS until BSY=0 and DRQ=1, with X/Y timeout (~65536 iterations)
000CBBr 2               ; Output: Carry clear = DRQ active, Carry set = error or timeout
000CBBr 2               ; Modifies: Flags, A, X, Y
000CBBr 2               StWaitDrq:
000CBBr 2  A2 00          ldx #$00                      ; Outer timeout counter (256 × 256 = 65536 iterations)
000CBDr 2  A0 00          ldy #$00
000CBFr 2               @StDrqBsy:
000CBFr 2  AD 07 8C       lda ST_STATUS
000CC2r 2  29 80          and #ST_STATUS_BSY
000CC4r 2  F0 08          beq @StDrqCheckDrq            ; BSY clear — check DRQ
000CC6r 2  88             dey
000CC7r 2  D0 F6          bne @StDrqBsy
000CC9r 2  CA             dex
000CCAr 2  D0 F3          bne @StDrqBsy
000CCCr 2  38             sec                           ; Timed out — no device
000CCDr 2  60             rts
000CCEr 2               @StDrqCheckDrq:
000CCEr 2  AD 07 8C       lda ST_STATUS
000CD1r 2  29 01          and #ST_STATUS_ERR
000CD3r 2  D0 11          bne @StDrqErr
000CD5r 2  AD 07 8C       lda ST_STATUS
000CD8r 2  29 08          and #ST_STATUS_DRQ
000CDAr 2  D0 08          bne @StDrqOk                  ; DRQ set — ready for data
000CDCr 2  88             dey
000CDDr 2  D0 E0          bne @StDrqBsy
000CDFr 2  CA             dex
000CE0r 2  D0 DD          bne @StDrqBsy
000CE2r 2  38             sec                           ; Timed out
000CE3r 2  60             rts
000CE4r 2               @StDrqOk:
000CE4r 2  18             clc
000CE5r 2  60             rts
000CE6r 2               @StDrqErr:
000CE6r 2  38             sec
000CE7r 2  60             rts
000CE8r 2               
000CE8r 2               ; StInit — Initialize CompactFlash for 8-bit data transfers
000CE8r 2               ; Issues Set Features command with subcommand $01 (enable 8-bit I/O)
000CE8r 2               ; Output: Carry clear = success, Carry set = error
000CE8r 2               ; Modifies: Flags, A
000CE8r 2               StInit:
000CE8r 2  20 rr rr       jsr StWaitReadyPoll           ; Not StWaitReady: HW_CF is what this sets, so
000CEBr 2                                               ;   the guarded entry would answer "no card"
000CEBr 2                                               ;   before the card had been asked
000CEBr 2  B0 15          bcs @StInitDone               ; Timeout or error — CF not present
000CEDr 2                 ; CF responded — set presence flag
000CEDr 2  AD 0D 03       lda HW_PRESENT
000CF0r 2  09 08          ora #HW_CF
000CF2r 2  8D 0D 03       sta HW_PRESENT
000CF5r 2  A9 01          lda #ST_FEAT_8BIT             ; Feature: enable 8-bit data I/O
000CF7r 2  8D 01 8C       sta ST_FEATURE
000CFAr 2  A9 EF          lda #ST_CMD_SET_FEAT          ; Set Features command
000CFCr 2  8D 07 8C       sta ST_CMD
000CFFr 2  20 rr rr       jsr StWaitReady               ; Wait for command completion
000D02r 2               @StInitDone:
000D02r 2  60             rts
000D03r 2               
000D03r 2               ; StSetupLba — Set up LBA registers from CF_LBA zero page variables
000D03r 2               ; Also sets sector count to 1 and selects master drive in LBA mode
000D03r 2               ; Modifies: Flags, A
000D03r 2               StSetupLba:
000D03r 2  A9 01          lda #$01
000D05r 2  8D 02 8C       sta ST_SECT_CNT               ; Always 1 sector
000D08r 2                 ; Effective LBA = CF_LBA + CF_DISK * FS_DISK_SECTORS (disk banking base offset).
000D08r 2                 ; base = CF_DISK << 11: byte0=0, byte1=(CF_DISK<<3)&$FF, byte2=CF_DISK>>5, byte3=0.
000D08r 2                 ; Precompute base bits 16-23 (CF_DISK >> 5) into X before any add clobbers carry.
000D08r 2  AD 0F 03       lda CF_DISK
000D0Br 2  4A             lsr a
000D0Cr 2  4A             lsr a
000D0Dr 2  4A             lsr a
000D0Er 2  4A             lsr a
000D0Fr 2  4A             lsr a
000D10r 2  AA             tax                           ; X = CF_DISK >> 5 (disk base, LBA bits 16-23)
000D11r 2  A5 26          lda CF_LBA
000D13r 2  8D 03 8C       sta ST_LBA_0                  ; LBA bits 0-7 (base low byte is 0)
000D16r 2                 ; LBA bits 8-15: CF_LBA+1 + (CF_DISK << 3)
000D16r 2  AD 0F 03       lda CF_DISK
000D19r 2  0A             asl a
000D1Ar 2  0A             asl a
000D1Br 2  0A             asl a                         ; A = (CF_DISK << 3) & $FF
000D1Cr 2  18             clc
000D1Dr 2  65 27          adc CF_LBA + 1
000D1Fr 2  8D 04 8C       sta ST_LBA_1
000D22r 2                 ; LBA bits 16-23: CF_LBA+2 + (CF_DISK >> 5) + carry
000D22r 2  8A             txa
000D23r 2  65 28          adc CF_LBA + 2
000D25r 2  8D 05 8C       sta ST_LBA_2
000D28r 2                 ; LBA bits 24-27: CF_LBA+3 + carry
000D28r 2  A5 29          lda CF_LBA + 3
000D2Ar 2  69 00          adc #$00
000D2Cr 2  29 0F          and #$0F                      ; Mask to 4 bits (LBA 24-27)
000D2Er 2  09 E0          ora #ST_LBA3_MASTER           ; LBA mode, master drive
000D30r 2  8D 06 8C       sta ST_LBA_3
000D33r 2  60             rts
000D34r 2               
000D34r 2               ; StReadSector — Read one 512-byte sector from CompactFlash
000D34r 2               ; Input: CF_LBA ($26-$29) = LBA address, CF_BUF_PTR ($24-$25) = destination pointer
000D34r 2               ; Output: Carry clear = success, Carry set = error
000D34r 2               ;         CF_BUF_PTR advanced by 512 bytes on success
000D34r 2               ; Modifies: Flags, A, X, Y
000D34r 2               StReadSectorImpl:
000D34r 2  20 rr rr       jsr StWaitReady
000D37r 2  B0 1F          bcs @StReadDone
000D39r 2  20 rr rr       jsr StSetupLba
000D3Cr 2  A9 20          lda #ST_CMD_READ              ; Issue read command
000D3Er 2  8D 07 8C       sta ST_CMD
000D41r 2  20 rr rr       jsr StWaitDrq                 ; Wait for data ready
000D44r 2  B0 12          bcs @StReadDone
000D46r 2                 ; Read 512 bytes: 2 pages of 256 bytes
000D46r 2  A0 00          ldy #$00
000D48r 2  A2 02          ldx #$02                      ; 2 pages
000D4Ar 2               @StReadPage:
000D4Ar 2  AD 00 8C       lda ST_DATA                   ; Read byte from CF
000D4Dr 2  91 24          sta (CF_BUF_PTR),y            ; Store to destination
000D4Fr 2  C8             iny
000D50r 2  D0 F8          bne @StReadPage               ; Loop for 256 bytes
000D52r 2  E6 25          inc CF_BUF_PTR + 1            ; Next page
000D54r 2  CA             dex
000D55r 2  D0 F3          bne @StReadPage
000D57r 2  18             clc                           ; Success
000D58r 2               @StReadDone:
000D58r 2  60             rts
000D59r 2               
000D59r 2               ; StWriteSector — Write one 512-byte sector to CompactFlash
000D59r 2               ; Input: CF_LBA ($26-$29) = LBA address, CF_BUF_PTR ($24-$25) = source pointer
000D59r 2               ; Output: Carry clear = success, Carry set = error
000D59r 2               ;         CF_BUF_PTR advanced by 512 bytes on success
000D59r 2               ; Modifies: Flags, A, X, Y
000D59r 2               StWriteSectorImpl:
000D59r 2  20 rr rr       jsr StWaitReady
000D5Cr 2  B0 21          bcs @StWriteDone
000D5Er 2  20 rr rr       jsr StSetupLba
000D61r 2  A9 30          lda #ST_CMD_WRITE             ; Issue write command
000D63r 2  8D 07 8C       sta ST_CMD
000D66r 2  20 rr rr       jsr StWaitDrq                 ; Wait for data request
000D69r 2  B0 14          bcs @StWriteDone
000D6Br 2                 ; Write 512 bytes: 2 pages of 256 bytes
000D6Br 2  A0 00          ldy #$00
000D6Dr 2  A2 02          ldx #$02                      ; 2 pages
000D6Fr 2               @StWritePage:
000D6Fr 2  B1 24          lda (CF_BUF_PTR),y            ; Load from source
000D71r 2  8D 00 8C       sta ST_DATA                   ; Write byte to CF
000D74r 2  C8             iny
000D75r 2  D0 F8          bne @StWritePage              ; Loop for 256 bytes
000D77r 2  E6 25          inc CF_BUF_PTR + 1            ; Next page
000D79r 2  CA             dex
000D7Ar 2  D0 F3          bne @StWritePage
000D7Cr 2  20 rr rr       jsr StWaitReady               ; Wait for write to complete
000D7Fr 2               @StWriteDone:
000D7Fr 2  60             rts
000D80r 2               
000D80r 2               ; === Simple Custom Filesystem ===
000D80r 2               ; Directory at LBA 0: 16 entries x 32 bytes = 512 bytes
000D80r 2               ; Entry format:
000D80r 2               ;   $00-$07: 8-byte filename (space-padded)
000D80r 2               ;   $08-$0A: 3-byte extension (space-padded)
000D80r 2               ;   $0B:     flags (bit 0 = in use)
000D80r 2               ;   $0C-$0D: start sector (little-endian)
000D80r 2               ;   $0E-$0F: file size in bytes (little-endian)
000D80r 2               ;   $10-$1F: reserved (16 bytes)
000D80r 2               
000D80r 2               ; FsParseName — Parse null-terminated filename at STR_PTR into FS_FNAME_BUF
000D80r 2               ; Converts "NAME.EXT" into 8+3 space-padded format
000D80r 2               ; Input: STR_PTR ($02-$03) points to null-terminated filename
000D80r 2               ; Output: FS_FNAME_BUF filled with padded 8+3 name
000D80r 2               ; Modifies: Flags, A, X, Y
000D80r 2               ; The extension is inert: it is split on the dot, padded into the directory
000D80r 2               ; fields, and matched by FsFindFile's flat 11-byte compare.  Nothing anywhere
000D80r 2               ; branches on it, so .PRG / .BAS / .FOO all behave identically — what a file
000D80r 2               ; means is decided by the command that loads it (LOAD vs BLOAD), never by name.
000D80r 2               FsParseName:
000D80r 2                 ; Fill FS_FNAME_BUF with spaces
000D80r 2  A9 20          lda #$20
000D82r 2  A2 0A          ldx #10
000D84r 2               @FsParseClr:
000D84r 2  9D 50 03       sta FS_FNAME_BUF,x
000D87r 2  CA             dex
000D88r 2  10 FA          bpl @FsParseClr
000D8Ar 2                 ; Copy name part (up to 8 chars, stop at '.' or null)
000D8Ar 2  A0 00          ldy #$00                      ; Source index
000D8Cr 2  A2 00          ldx #$00                      ; Dest index (name portion)
000D8Er 2               @FsParseName:
000D8Er 2  B1 02          lda (STR_PTR),y
000D90r 2  F0 35          beq @FsParseDone              ; Null terminator — no extension
000D92r 2  C9 2E          cmp #'.'
000D94r 2  F0 15          beq @FsParseExt               ; Found dot — start extension
000D96r 2  E0 08          cpx #$08
000D98r 2  B0 0E          bcs @FsParseSkipName          ; Already 8 chars, skip extras
000D9Ar 2                 ; Convert lowercase to uppercase
000D9Ar 2  C9 61          cmp #'a'
000D9Cr 2  90 06          bcc @FsStoreNameChar
000D9Er 2  C9 7B          cmp #'z' + 1
000DA0r 2  B0 02          bcs @FsStoreNameChar
000DA2r 2  29 DF          and #$DF                      ; Clear bit 5 to uppercase
000DA4r 2               @FsStoreNameChar:
000DA4r 2  9D 50 03       sta FS_FNAME_BUF,x
000DA7r 2  E8             inx
000DA8r 2               @FsParseSkipName:
000DA8r 2  C8             iny
000DA9r 2  80 E3          bra @FsParseName
000DABr 2               @FsParseExt:
000DABr 2  C8             iny                           ; Skip the dot
000DACr 2  A2 08          ldx #$08                      ; Extension starts at offset 8
000DAEr 2               @FsParseExtLoop:
000DAEr 2  B1 02          lda (STR_PTR),y
000DB0r 2  F0 15          beq @FsParseDone              ; Null terminator
000DB2r 2  E0 0B          cpx #$0B
000DB4r 2  B0 11          bcs @FsParseDone              ; Max 3 ext chars
000DB6r 2                 ; Convert lowercase to uppercase
000DB6r 2  C9 61          cmp #'a'
000DB8r 2  90 06          bcc @FsStoreExtChar
000DBAr 2  C9 7B          cmp #'z' + 1
000DBCr 2  B0 02          bcs @FsStoreExtChar
000DBEr 2  29 DF          and #$DF
000DC0r 2               @FsStoreExtChar:
000DC0r 2  9D 50 03       sta FS_FNAME_BUF,x
000DC3r 2  E8             inx
000DC4r 2  C8             iny
000DC5r 2  80 E7          bra @FsParseExtLoop
000DC7r 2               @FsParseDone:
000DC7r 2  60             rts
000DC8r 2               
000DC8r 2               ; FsReadDir — Read directory sector (LBA 0) into FS_SECTOR_BUF
000DC8r 2               ; Output: Carry clear = success, Carry set = error
000DC8r 2               ; Modifies: Flags, A, X, Y, CF_LBA, CF_BUF_PTR
000DC8r 2               FsReadDir:
000DC8r 2  64 26          stz CF_LBA                    ; LBA = 0 (directory sector)
000DCAr 2  64 27          stz CF_LBA + 1
000DCCr 2  64 28          stz CF_LBA + 2
000DCEr 2  64 29          stz CF_LBA + 3
000DD0r 2  A9 00          lda #<FS_SECTOR_BUF
000DD2r 2  85 24          sta CF_BUF_PTR
000DD4r 2  A9 06          lda #>FS_SECTOR_BUF
000DD6r 2  85 25          sta CF_BUF_PTR + 1
000DD8r 2  4C rr rr       jmp StReadSector
000DDBr 2               
000DDBr 2               ; FsWriteDir — Write directory sector from FS_SECTOR_BUF to LBA 0
000DDBr 2               ; Output: Carry clear = success, Carry set = error
000DDBr 2               ; Modifies: Flags, A, X, Y, CF_LBA, CF_BUF_PTR
000DDBr 2               FsWriteDir:
000DDBr 2  64 26          stz CF_LBA
000DDDr 2  64 27          stz CF_LBA + 1
000DDFr 2  64 28          stz CF_LBA + 2
000DE1r 2  64 29          stz CF_LBA + 3
000DE3r 2  A9 00          lda #<FS_SECTOR_BUF
000DE5r 2  85 24          sta CF_BUF_PTR
000DE7r 2  A9 06          lda #>FS_SECTOR_BUF
000DE9r 2  85 25          sta CF_BUF_PTR + 1
000DEBr 2  4C rr rr       jmp StWriteSector
000DEEr 2               
000DEEr 2               ; FsFindFile — Search directory for filename in FS_FNAME_BUF
000DEEr 2               ; Must call FsReadDir first to load directory into FS_SECTOR_BUF
000DEEr 2               ; Output: Carry clear = found, X = entry index (0-15), CF_BUF_PTR points to entry
000DEEr 2               ;         Carry set = not found
000DEEr 2               ; Modifies: Flags, A, X, Y, CF_BUF_PTR
000DEEr 2               FsFindFile:
000DEEr 2  A9 00          lda #<FS_SECTOR_BUF
000DF0r 2  85 24          sta CF_BUF_PTR
000DF2r 2  A9 06          lda #>FS_SECTOR_BUF
000DF4r 2  85 25          sta CF_BUF_PTR + 1
000DF6r 2  A2 00          ldx #$00                      ; Entry index
000DF8r 2               @FsFindLoop:
000DF8r 2                 ; Check if entry is in use
000DF8r 2  A0 0B          ldy #FS_ENTRY_FLAGS
000DFAr 2  B1 24          lda (CF_BUF_PTR),y
000DFCr 2  29 01          and #FS_FLAG_USED
000DFEr 2  F0 13          beq @FsFindNext               ; Skip unused entries
000E00r 2                 ; Compare 11-byte filename
000E00r 2  A0 00          ldy #$00
000E02r 2               @FsFindCmp:
000E02r 2  B1 24          lda (CF_BUF_PTR),y
000E04r 2  D9 50 03       cmp FS_FNAME_BUF,y
000E07r 2  D0 0A          bne @FsFindNext               ; Mismatch
000E09r 2  C8             iny
000E0Ar 2  C0 0B          cpy #11
000E0Cr 2  D0 F4          bne @FsFindCmp
000E0Er 2                 ; Match found
000E0Er 2  8E 4D 03       stx FS_DIR_IDX
000E11r 2  18             clc
000E12r 2  60             rts
000E13r 2               @FsFindNext:
000E13r 2                 ; Advance CF_BUF_PTR by 32 (FS_ENTRY_SIZE)
000E13r 2  A5 24          lda CF_BUF_PTR
000E15r 2  18             clc
000E16r 2  69 20          adc #FS_ENTRY_SIZE
000E18r 2  85 24          sta CF_BUF_PTR
000E1Ar 2  90 02          bcc @FsFindNoCarry
000E1Cr 2  E6 25          inc CF_BUF_PTR + 1
000E1Er 2               @FsFindNoCarry:
000E1Er 2  E8             inx
000E1Fr 2  E0 10          cpx #FS_MAX_FILES
000E21r 2  D0 D5          bne @FsFindLoop
000E23r 2  38             sec                           ; Not found
000E24r 2  60             rts
000E25r 2               
000E25r 2               ; FsFindFree — Find first free directory entry
000E25r 2               ; Must call FsReadDir first
000E25r 2               ; Output: Carry clear = found, X = entry index, CF_BUF_PTR points to entry
000E25r 2               ;         Carry set = directory full
000E25r 2               ; Modifies: Flags, A, X, Y, CF_BUF_PTR
000E25r 2               FsFindFree:
000E25r 2  A9 00          lda #<FS_SECTOR_BUF
000E27r 2  85 24          sta CF_BUF_PTR
000E29r 2  A9 06          lda #>FS_SECTOR_BUF
000E2Br 2  85 25          sta CF_BUF_PTR + 1
000E2Dr 2  A2 00          ldx #$00
000E2Fr 2               @FsFreeLoop:
000E2Fr 2  A0 0B          ldy #FS_ENTRY_FLAGS
000E31r 2  B1 24          lda (CF_BUF_PTR),y
000E33r 2  29 01          and #FS_FLAG_USED
000E35r 2  F0 12          beq @FsFreeFound              ; Found unused entry
000E37r 2                 ; Advance by 32
000E37r 2  A5 24          lda CF_BUF_PTR
000E39r 2  18             clc
000E3Ar 2  69 20          adc #FS_ENTRY_SIZE
000E3Cr 2  85 24          sta CF_BUF_PTR
000E3Er 2  90 02          bcc @FsFreeNoCarry
000E40r 2  E6 25          inc CF_BUF_PTR + 1
000E42r 2               @FsFreeNoCarry:
000E42r 2  E8             inx
000E43r 2  E0 10          cpx #FS_MAX_FILES
000E45r 2  D0 E8          bne @FsFreeLoop
000E47r 2  38             sec                           ; Directory full
000E48r 2  60             rts
000E49r 2               @FsFreeFound:
000E49r 2  8E 4D 03       stx FS_DIR_IDX
000E4Cr 2  18             clc
000E4Dr 2  60             rts
000E4Er 2               
000E4Er 2               ; FsCalcNextSec — Calculate next free sector by scanning all directory entries
000E4Er 2               ; Must call FsReadDir first
000E4Er 2               ; Output: FS_NEXT_SEC = first free sector after all used files
000E4Er 2               ; Modifies: Flags, A, X, Y
000E4Er 2               FsCalcNextSec:
000E4Er 2  A9 01          lda #<FS_DATA_START           ; Start with first data sector
000E50r 2  8D 4E 03       sta FS_NEXT_SEC
000E53r 2  A9 00          lda #>FS_DATA_START
000E55r 2  8D 4F 03       sta FS_NEXT_SEC + 1
000E58r 2                 ; Scan all entries to find highest used sector + file sector count
000E58r 2  A9 00          lda #<FS_SECTOR_BUF
000E5Ar 2  85 24          sta CF_BUF_PTR
000E5Cr 2  A9 06          lda #>FS_SECTOR_BUF
000E5Er 2  85 25          sta CF_BUF_PTR + 1
000E60r 2  A2 00          ldx #$00
000E62r 2               @FsCalcLoop:
000E62r 2  A0 0B          ldy #FS_ENTRY_FLAGS
000E64r 2  B1 24          lda (CF_BUF_PTR),y
000E66r 2  29 01          and #FS_FLAG_USED
000E68r 2  F0 5D          beq @FsCalcNext               ; Skip unused
000E6Ar 2                 ; Get start sector + ceil(size/512)
000E6Ar 2  A0 0C          ldy #FS_ENTRY_START
000E6Cr 2  B1 24          lda (CF_BUF_PTR),y
000E6Er 2  8D 48 03       sta FS_START_SEC
000E71r 2  C8             iny
000E72r 2  B1 24          lda (CF_BUF_PTR),y
000E74r 2  8D 49 03       sta FS_START_SEC + 1
000E77r 2                 ; Get file size
000E77r 2  A0 0E          ldy #FS_ENTRY_FSIZE
000E79r 2  B1 24          lda (CF_BUF_PTR),y
000E7Br 2  8D 4A 03       sta FS_FILE_SIZE
000E7Er 2  C8             iny
000E7Fr 2  B1 24          lda (CF_BUF_PTR),y
000E81r 2  8D 4B 03       sta FS_FILE_SIZE + 1
000E84r 2                 ; Calculate sectors used = (size + 511) / 512 = (size + 511) >> 9
000E84r 2                 ; = (size_hi + 1) if size_lo > 0, else size_hi / 2... simplify:
000E84r 2                 ; sectors = (size >> 9) rounded up = high_byte >> 1, plus 1 if any remainder
000E84r 2  AD 4B 03       lda FS_FILE_SIZE + 1          ; High byte of size
000E87r 2  4A             lsr a                         ; Divide by 2 (each sector = 512 = 2 pages)
000E88r 2  8D 4C 03       sta FS_SEC_COUNT
000E8Br 2                 ; Check if there's a remainder (low byte != 0 or high byte bit 0 was set)
000E8Br 2  AD 4B 03       lda FS_FILE_SIZE + 1
000E8Er 2  29 01          and #$01                      ; Was high byte odd?
000E90r 2  D0 05          bne @FsCalcRound
000E92r 2  AD 4A 03       lda FS_FILE_SIZE              ; Low byte non-zero?
000E95r 2  F0 03          beq @FsCalcNoRound
000E97r 2               @FsCalcRound:
000E97r 2  EE 4C 03       inc FS_SEC_COUNT              ; Round up
000E9Ar 2               @FsCalcNoRound:
000E9Ar 2                 ; End sector = start + sector count.
000E9Ar 2                 ; NOTE: X holds the directory-entry loop counter, so the end sector must
000E9Ar 2                 ; NOT be kept in X (doing so ran the scan off the end of the directory
000E9Ar 2                 ; buffer into program memory, corrupting FS_NEXT_SEC and causing spurious
000E9Ar 2                 ; ?SAVE ERROR after a few files).  Stash it in memory scratch instead:
000E9Ar 2                 ; FS_SEC_COUNT (end low) and FS_DIR_IDX (end high) are both free here.
000E9Ar 2  AD 48 03       lda FS_START_SEC
000E9Dr 2  18             clc
000E9Er 2  6D 4C 03       adc FS_SEC_COUNT
000EA1r 2  8D 4C 03       sta FS_SEC_COUNT              ; end sector low (reuse as scratch)
000EA4r 2  AD 49 03       lda FS_START_SEC + 1
000EA7r 2  69 00          adc #$00
000EA9r 2  8D 4D 03       sta FS_DIR_IDX               ; end sector high (reuse as scratch)
000EACr 2                 ; Compare with FS_NEXT_SEC — keep the larger value
000EACr 2  CD 4F 03       cmp FS_NEXT_SEC + 1
000EAFr 2  90 16          bcc @FsCalcNext               ; End high < FS_NEXT_SEC high, skip
000EB1r 2  D0 08          bne @FsCalcUpdate             ; End high > FS_NEXT_SEC high, update
000EB3r 2  AD 4C 03       lda FS_SEC_COUNT
000EB6r 2  CD 4E 03       cmp FS_NEXT_SEC
000EB9r 2  90 0C          bcc @FsCalcNext               ; End low < FS_NEXT_SEC low, skip
000EBBr 2               @FsCalcUpdate:
000EBBr 2  AD 4C 03       lda FS_SEC_COUNT
000EBEr 2  8D 4E 03       sta FS_NEXT_SEC
000EC1r 2  AD 4D 03       lda FS_DIR_IDX
000EC4r 2  8D 4F 03       sta FS_NEXT_SEC + 1
000EC7r 2               @FsCalcNext:
000EC7r 2                 ; Advance CF_BUF_PTR by 32
000EC7r 2  A5 24          lda CF_BUF_PTR
000EC9r 2  18             clc
000ECAr 2  69 20          adc #FS_ENTRY_SIZE
000ECCr 2  85 24          sta CF_BUF_PTR
000ECEr 2  90 02          bcc @FsCalcNoCarry
000ED0r 2  E6 25          inc CF_BUF_PTR + 1
000ED2r 2               @FsCalcNoCarry:
000ED2r 2  E8             inx
000ED3r 2  E0 10          cpx #FS_MAX_FILES
000ED5r 2  D0 8B          bne @FsCalcLoop
000ED7r 2  60             rts
000ED8r 2               
000ED8r 2               ; FsDirectory — Print directory listing of all used entries
000ED8r 2               ; Output via Chrout (respects current IO_MODE)
000ED8r 2               ; Modifies: Flags, A, X, Y
000ED8r 2               FsDirectory:
000ED8r 2  20 rr rr       jsr FsReadDir                 ; Load directory sector
000EDBr 2  90 01          bcc @FsDirStart
000EDDr 2  60             rts                           ; Error reading directory
000EDEr 2               @FsDirStart:
000EDEr 2  20 rr rr       jsr FsPrintDiskImpl           ; Print "DISK n" header
000EE1r 2  A9 00          lda #<FS_SECTOR_BUF
000EE3r 2  85 24          sta CF_BUF_PTR
000EE5r 2  A9 06          lda #>FS_SECTOR_BUF
000EE7r 2  85 25          sta CF_BUF_PTR + 1
000EE9r 2  A2 00          ldx #$00                      ; Entry counter
000EEBr 2               @FsDirLoop:
000EEBr 2  DA             phx
000EECr 2  A0 0B          ldy #FS_ENTRY_FLAGS
000EEEr 2  B1 24          lda (CF_BUF_PTR),y
000EF0r 2  29 01          and #FS_FLAG_USED
000EF2r 2  F0 3A          beq @FsDirNext                ; Skip unused entries
000EF4r 2                 ; Print filename (8 chars)
000EF4r 2  A0 00          ldy #$00
000EF6r 2               @FsDirName:
000EF6r 2  B1 24          lda (CF_BUF_PTR),y
000EF8r 2  20 rr rr       jsr Chrout
000EFBr 2  C8             iny
000EFCr 2  C0 08          cpy #$08
000EFEr 2  D0 F6          bne @FsDirName
000F00r 2                 ; Print dot separator
000F00r 2  A9 2E          lda #'.'
000F02r 2  20 rr rr       jsr Chrout
000F05r 2                 ; Print extension (3 chars)
000F05r 2               @FsDirExt:
000F05r 2  B1 24          lda (CF_BUF_PTR),y
000F07r 2  20 rr rr       jsr Chrout
000F0Ar 2  C8             iny
000F0Br 2  C0 0B          cpy #$0B
000F0Dr 2  D0 F6          bne @FsDirExt
000F0Fr 2                 ; Print space
000F0Fr 2  A9 20          lda #' '
000F11r 2  20 rr rr       jsr Chrout
000F14r 2                 ; Print file size in decimal
000F14r 2  A0 0E          ldy #FS_ENTRY_FSIZE
000F16r 2  B1 24          lda (CF_BUF_PTR),y
000F18r 2  8D 4A 03       sta FS_FILE_SIZE
000F1Br 2  C8             iny
000F1Cr 2  B1 24          lda (CF_BUF_PTR),y
000F1Er 2  8D 4B 03       sta FS_FILE_SIZE + 1
000F21r 2  20 rr rr       jsr FsPrintSize
000F24r 2                 ; Print newline
000F24r 2  A9 0D          lda #$0D
000F26r 2  20 rr rr       jsr Chrout
000F29r 2  A9 0A          lda #$0A
000F2Br 2  20 rr rr       jsr Chrout
000F2Er 2               @FsDirNext:
000F2Er 2                 ; Advance CF_BUF_PTR by 32
000F2Er 2  A5 24          lda CF_BUF_PTR
000F30r 2  18             clc
000F31r 2  69 20          adc #FS_ENTRY_SIZE
000F33r 2  85 24          sta CF_BUF_PTR
000F35r 2  90 02          bcc @FsDirNoCarry
000F37r 2  E6 25          inc CF_BUF_PTR + 1
000F39r 2               @FsDirNoCarry:
000F39r 2  FA             plx
000F3Ar 2  E8             inx
000F3Br 2  E0 10          cpx #FS_MAX_FILES
000F3Dr 2  D0 AC          bne @FsDirLoop
000F3Fr 2  60             rts
000F40r 2               
000F40r 2               ; PrintDecU16 — Print an unsigned 16-bit value as decimal (no leading zeros).
000F40r 2               ; General-purpose console output; used by BASIC (line numbers) and available
000F40r 2               ; to cartridges.  Shares the FsPrintSize core below.
000F40r 2               ; Input : A = value low, X = value high
000F40r 2               ; Modifies: Flags, A, X, Y, FS_FILE_SIZE (consumed), FS_DIR_IDX
000F40r 2               PrintDecU16Impl:
000F40r 2  8D 4A 03       sta FS_FILE_SIZE
000F43r 2  8E 4B 03       stx FS_FILE_SIZE + 1
000F46r 2                 ; fall through to the shared decimal-print core
000F46r 2               ; FsPrintSize — Print 16-bit value in FS_FILE_SIZE as decimal
000F46r 2               ; Modifies: Flags, A, X, Y
000F46r 2               FsPrintSize:
000F46r 2                 ; Convert 16-bit value to decimal digits (up to 5 digits for 0-65535)
000F46r 2                 ; Use successive subtraction of powers of 10
000F46r 2  A2 00          ldx #$00                      ; Digit index / leading zero suppression
000F48r 2  A0 00          ldy #$00                      ; Power-of-10 table index
000F4Ar 2               @FsPrintSizeLoop:
000F4Ar 2  A9 2F          lda #'0' - 1                  ; Start character below '0'
000F4Cr 2  8D 4D 03       sta FS_DIR_IDX                ; Reuse as digit scratch
000F4Fr 2               @FsPrintSub:
000F4Fr 2  EE 4D 03       inc FS_DIR_IDX
000F52r 2  AD 4A 03       lda FS_FILE_SIZE
000F55r 2  38             sec
000F56r 2  F9 rr rr       sbc @FsPow10Lo,y
000F59r 2  48             pha
000F5Ar 2  AD 4B 03       lda FS_FILE_SIZE + 1
000F5Dr 2  F9 rr rr       sbc @FsPow10Hi,y
000F60r 2  90 09          bcc @FsPrintSizeDig           ; Underflow — done subtracting
000F62r 2  8D 4B 03       sta FS_FILE_SIZE + 1
000F65r 2  68             pla
000F66r 2  8D 4A 03       sta FS_FILE_SIZE
000F69r 2  80 E4          bra @FsPrintSub
000F6Br 2               @FsPrintSizeDig:
000F6Br 2  68             pla                           ; Discard underflowed low byte
000F6Cr 2  AD 4D 03       lda FS_DIR_IDX
000F6Fr 2  C9 30          cmp #'0'
000F71r 2  D0 04          bne @FsPrintSizeOut           ; Non-zero digit
000F73r 2  E0 00          cpx #$00
000F75r 2  F0 04          beq @FsPrintSizeSkip          ; Suppress leading zeros
000F77r 2               @FsPrintSizeOut:
000F77r 2  20 rr rr       jsr Chrout
000F7Ar 2  E8             inx                           ; Mark that we've printed a digit
000F7Br 2               @FsPrintSizeSkip:
000F7Br 2  C8             iny
000F7Cr 2  C0 04          cpy #$04                      ; 4 powers of 10 (10000, 1000, 100, 10)
000F7Er 2  D0 CA          bne @FsPrintSizeLoop
000F80r 2                 ; Always print ones digit
000F80r 2  AD 4A 03       lda FS_FILE_SIZE
000F83r 2  09 30          ora #'0'                      ; Low byte is 0-9 at this point
000F85r 2  20 rr rr       jsr Chrout
000F88r 2  60             rts
000F89r 2  10 E8 64 0A  @FsPow10Lo: .byte <10000, <1000, <100, <10
000F8Dr 2  27 03 00 00  @FsPow10Hi: .byte >10000, >1000, >100, >10
000F91r 2               
000F91r 2               ; FsSetDiskImpl — Select the current CF disk bank
000F91r 2               ; Input: A = disk number (0-255)
000F91r 2               ; Modifies: Flags
000F91r 2               FsSetDiskImpl:
000F91r 2  8D 0F 03       sta CF_DISK
000F94r 2  60             rts
000F95r 2               
000F95r 2               ; FsGetDiskImpl — Get the current CF disk bank
000F95r 2               ; Output: A = current disk number
000F95r 2               ; Modifies: Flags, A
000F95r 2               FsGetDiskImpl:
000F95r 2  AD 0F 03       lda CF_DISK
000F98r 2  60             rts
000F99r 2               
000F99r 2               ; FsFormatDiskImpl — Zero the current disk's directory sector (erases its file list)
000F99r 2               ; Output: Carry clear = success, Carry set = write error
000F99r 2               ; Modifies: Flags, A, X, Y, CF_LBA, CF_BUF_PTR
000F99r 2               FsFormatDiskImpl:
000F99r 2  A9 00          lda #<FS_SECTOR_BUF
000F9Br 2  85 24          sta CF_BUF_PTR
000F9Dr 2  A9 06          lda #>FS_SECTOR_BUF
000F9Fr 2  85 25          sta CF_BUF_PTR + 1
000FA1r 2  A0 00          ldy #$00
000FA3r 2  A2 02          ldx #$02                      ; 2 pages = 512 bytes
000FA5r 2  A9 00          lda #$00
000FA7r 2               @FsFormatClr:
000FA7r 2  91 24          sta (CF_BUF_PTR),y
000FA9r 2  C8             iny
000FAAr 2  D0 FB          bne @FsFormatClr
000FACr 2  E6 25          inc CF_BUF_PTR + 1
000FAEr 2  CA             dex
000FAFr 2  D0 F6          bne @FsFormatClr
000FB1r 2  4C rr rr       jmp FsWriteDir                ; Write zeroed directory sector (returns carry status)
000FB4r 2               
000FB4r 2               ; FsPrintDiskImpl — Print "DISK n" (decimal) + CRLF via Chrout
000FB4r 2               ; Modifies: Flags, A, X, Y, FS_FILE_SIZE, FS_DIR_IDX
000FB4r 2               FsPrintDiskImpl:
000FB4r 2  A0 00          ldy #$00
000FB6r 2               @FsPDLbl:
000FB6r 2  B9 rr rr       lda FsDiskLbl,y
000FB9r 2  F0 06          beq @FsPDNum
000FBBr 2  20 rr rr       jsr Chrout
000FBEr 2  C8             iny
000FBFr 2  80 F5          bra @FsPDLbl
000FC1r 2               @FsPDNum:
000FC1r 2  AD 0F 03       lda CF_DISK
000FC4r 2  8D 4A 03       sta FS_FILE_SIZE
000FC7r 2  9C 4B 03       stz FS_FILE_SIZE + 1
000FCAr 2  20 rr rr       jsr FsPrintSize               ; Print CF_DISK as decimal (0-255, no leading zeros)
000FCDr 2  A9 0D          lda #$0D
000FCFr 2  20 rr rr       jsr Chrout
000FD2r 2  A9 0A          lda #$0A
000FD4r 2  4C rr rr       jmp Chrout
000FD7r 2  44 49 53 4B  FsDiskLbl: .byte "DISK ", 0
000FDBr 2  20 00        
000FDDr 2               
000FDDr 2               ; FsLoadFileImpl — Load file from CF into PROGRAM_START ($0800)
000FDDr 2               ; Input: STR_PTR ($02-$03) points to null-terminated filename
000FDDr 2               ; Output: Carry clear = success, FS_FILE_SIZE = bytes loaded
000FDDr 2               ;         Carry set = file not found or read error
000FDDr 2               ; Modifies: Flags, A, X, Y, CF_LBA, CF_BUF_PTR
000FDDr 2               FsLoadFileImpl:
000FDDr 2  A9 00          lda #<PROGRAM_START           ; Default target = PROGRAM_START
000FDFr 2  8D 7F 03       sta FS_IO_ADDR
000FE2r 2  A9 08          lda #>PROGRAM_START
000FE4r 2  8D 80 03       sta FS_IO_ADDR + 1
000FE7r 2               ; FsLoadFileAddrImpl — Load named file to FS_IO_ADDR (caller preset)
000FE7r 2               ; Input: STR_PTR = filename, FS_IO_ADDR = destination address
000FE7r 2               FsLoadFileAddrImpl:
000FE7r 2  20 rr rr       jsr FsOpenFile
000FEAr 2  B0 22          bcs @FsLoadErr
000FECr 2                 ; Set destination pointer from FS_IO_ADDR
000FECr 2  AD 7F 03       lda FS_IO_ADDR
000FEFr 2  85 24          sta CF_BUF_PTR
000FF1r 2  AD 80 03       lda FS_IO_ADDR + 1
000FF4r 2  85 25          sta CF_BUF_PTR + 1
000FF6r 2                 ; Read sectors
000FF6r 2  AE 4C 03       ldx FS_SEC_COUNT
000FF9r 2  F0 10          beq @FsLoadOk                 ; Zero-size file
000FFBr 2               @FsLoadSec:
000FFBr 2  DA             phx
000FFCr 2  20 rr rr       jsr StReadSector              ; Read sector (advances CF_BUF_PTR by 512)
000FFFr 2  B0 0C          bcs @FsLoadSecErr
001001r 2                 ; Increment LBA
001001r 2  E6 26          inc CF_LBA
001003r 2  D0 02          bne @FsLoadSecNext
001005r 2  E6 27          inc CF_LBA + 1
001007r 2               @FsLoadSecNext:
001007r 2  FA             plx
001008r 2  CA             dex
001009r 2  D0 F0          bne @FsLoadSec
00100Br 2               @FsLoadOk:
00100Br 2  18             clc
00100Cr 2  60             rts
00100Dr 2               @FsLoadSecErr:
00100Dr 2  FA             plx                           ; Balance stack
00100Er 2               @FsLoadErr:
00100Er 2  38             sec
00100Fr 2  60             rts
001010r 2               
001010r 2               ; VdpLoadFile — Load a named file from the current disk into VRAM
001010r 2               ; Streams the file through port A to FS_IO_ADDR, anywhere in the 64 KB, and
001010r 2               ; writes exactly its FS_FILE_SIZE bytes: the rest of the last sector is read
001010r 2               ; and dropped, so a table loaded here cannot spill into the one after it.
001010r 2               ; Input: STR_PTR = filename, FS_IO_ADDR = VRAM address
001010r 2               ; Output: Carry clear = loaded, FS_FILE_SIZE = bytes written
001010r 2               ;         Carry set = no video card (nothing read), or not found or read error
001010r 2               ; Modifies: Flags, A, X, Y, CF_LBA, CF_BUF_PTR, XFER_REMAIN, FS_SECTOR_BUF
001010r 2               VdpLoadFileImpl:
001010r 2  2C 0D 03       bit HW_PRESENT                ; Video is bit 7 — see VideoClear
001013r 2  30 02          bmi @VdpLoadFileCard
001015r 2  38             sec
001016r 2  60             rts
001017r 2               @VdpLoadFileCard:
001017r 2  20 rr rr       jsr FsOpenFile
00101Ar 2  B0 5B          bcs @VdpLoadFileDone
00101Cr 2  AD 4A 03       lda FS_FILE_SIZE              ; Bytes still to write
00101Fr 2  8D 17 03       sta XFER_REMAIN
001022r 2  AD 4B 03       lda FS_FILE_SIZE + 1
001025r 2  8D 18 03       sta XFER_REMAIN + 1
001028r 2  AE 7F 03       ldx FS_IO_ADDR
00102Br 2  AC 80 03       ldy FS_IO_ADDR + 1
00102Er 2  A9 40          lda #$40                      ; Write
001030r 2  20 rr rr       jsr VdpAddress
001033r 2               @VdpLoadFileSector:
001033r 2  AD 17 03       lda XFER_REMAIN
001036r 2  0D 18 03       ora XFER_REMAIN + 1
001039r 2  F0 3B          beq @VdpLoadFileOk            ; Written them all: no more sectors to read
00103Br 2  A9 00          lda #<FS_SECTOR_BUF
00103Dr 2  85 24          sta CF_BUF_PTR
00103Fr 2  A9 06          lda #>FS_SECTOR_BUF
001041r 2  85 25          sta CF_BUF_PTR + 1
001043r 2  20 rr rr       jsr StReadSector
001046r 2  B0 2F          bcs @VdpLoadFileDone
001048r 2  E6 26          inc CF_LBA
00104Ar 2  D0 02          bne @VdpLoadFileCopy
00104Cr 2  E6 27          inc CF_LBA + 1
00104Er 2               @VdpLoadFileCopy:
00104Er 2  C6 25          dec CF_BUF_PTR + 1            ; StReadSector left it 512 bytes on
001050r 2  C6 25          dec CF_BUF_PTR + 1
001052r 2  A0 00          ldy #$00
001054r 2               @VdpLoadFileByte:
001054r 2  AD 17 03       lda XFER_REMAIN
001057r 2  D0 08          bne @VdpLoadFileCount
001059r 2  AD 18 03       lda XFER_REMAIN + 1
00105Cr 2  F0 18          beq @VdpLoadFileOk            ; The file ends inside this sector
00105Er 2  CE 18 03       dec XFER_REMAIN + 1
001061r 2               @VdpLoadFileCount:
001061r 2  CE 17 03       dec XFER_REMAIN
001064r 2  B1 24          lda (CF_BUF_PTR),y
001066r 2  8D 00 9C       sta VC_DATA
001069r 2  C8             iny
00106Ar 2  D0 E8          bne @VdpLoadFileByte
00106Cr 2  E6 25          inc CF_BUF_PTR + 1            ; The sector's second page
00106Er 2  A5 25          lda CF_BUF_PTR + 1
001070r 2  C9 08          cmp #>(FS_SECTOR_BUF + 512)
001072r 2  D0 E0          bne @VdpLoadFileByte
001074r 2  80 BD          bra @VdpLoadFileSector
001076r 2               @VdpLoadFileOk:
001076r 2  18             clc
001077r 2               @VdpLoadFileDone:
001077r 2  60             rts
001078r 2               
001078r 2               ; FsOpenFile — Find a named file and get ready to read it
001078r 2               ; Shared by FsLoadFileAddr and VdpLoadFile.
001078r 2               ; Input: STR_PTR = filename
001078r 2               ; Output: Carry clear = found: FS_FILE_SIZE = its size, FS_SEC_COUNT = the
001078r 2               ;         sectors it spans, CF_LBA = its first sector
001078r 2               ;         Carry set = not found or read error
001078r 2               ; Modifies: Flags, A, X, Y, CF_BUF_PTR, FS_START_SEC
001078r 2               FsOpenFile:
001078r 2  20 rr rr       jsr FsParseName               ; Parse filename into FS_FNAME_BUF
00107Br 2  20 rr rr       jsr FsReadDir                 ; Read directory sector
00107Er 2  B0 44          bcs @FsOpenDone
001080r 2  20 rr rr       jsr FsFindFile                ; Search for filename
001083r 2  B0 3F          bcs @FsOpenDone               ; Not found
001085r 2                 ; Read file metadata from entry
001085r 2  A0 0C          ldy #FS_ENTRY_START
001087r 2  B1 24          lda (CF_BUF_PTR),y
001089r 2  8D 48 03       sta FS_START_SEC
00108Cr 2  C8             iny
00108Dr 2  B1 24          lda (CF_BUF_PTR),y
00108Fr 2  8D 49 03       sta FS_START_SEC + 1
001092r 2  A0 0E          ldy #FS_ENTRY_FSIZE
001094r 2  B1 24          lda (CF_BUF_PTR),y
001096r 2  8D 4A 03       sta FS_FILE_SIZE
001099r 2  C8             iny
00109Ar 2  B1 24          lda (CF_BUF_PTR),y
00109Cr 2  8D 4B 03       sta FS_FILE_SIZE + 1
00109Fr 2                 ; Calculate number of sectors to read
00109Fr 2  AD 4B 03       lda FS_FILE_SIZE + 1
0010A2r 2  4A             lsr a
0010A3r 2  8D 4C 03       sta FS_SEC_COUNT
0010A6r 2  AD 4B 03       lda FS_FILE_SIZE + 1
0010A9r 2  29 01          and #$01
0010ABr 2  D0 05          bne @FsLoadRound
0010ADr 2  AD 4A 03       lda FS_FILE_SIZE
0010B0r 2  F0 03          beq @FsLoadNoRound
0010B2r 2               @FsLoadRound:
0010B2r 2  EE 4C 03       inc FS_SEC_COUNT
0010B5r 2               @FsLoadNoRound:
0010B5r 2                 ; Set up LBA starting at file's start sector
0010B5r 2  AD 48 03       lda FS_START_SEC
0010B8r 2  85 26          sta CF_LBA
0010BAr 2  AD 49 03       lda FS_START_SEC + 1
0010BDr 2  85 27          sta CF_LBA + 1
0010BFr 2  64 28          stz CF_LBA + 2
0010C1r 2  64 29          stz CF_LBA + 3
0010C3r 2  18             clc
0010C4r 2               @FsOpenDone:
0010C4r 2  60             rts
0010C5r 2               
0010C5r 2               ; FsSaveFileImpl — Save data from PROGRAM_START to CF
0010C5r 2               ; Input: STR_PTR ($02-$03) points to null-terminated filename
0010C5r 2               ;        FS_FILE_SIZE ($034A-$034B) = number of bytes to save
0010C5r 2               ; Output: Carry clear = success, Carry set = error (directory full or write error)
0010C5r 2               ; Modifies: Flags, A, X, Y, CF_LBA, CF_BUF_PTR
0010C5r 2               FsSaveFileImpl:
0010C5r 2  A9 00          lda #<PROGRAM_START           ; Default source = PROGRAM_START
0010C7r 2  8D 7F 03       sta FS_IO_ADDR
0010CAr 2  A9 08          lda #>PROGRAM_START
0010CCr 2  8D 80 03       sta FS_IO_ADDR + 1
0010CFr 2               ; FsSaveFileAddrImpl — Save FS_FILE_SIZE bytes from FS_IO_ADDR to named file
0010CFr 2               ; Input: STR_PTR = filename, FS_IO_ADDR = source address, FS_FILE_SIZE = byte count
0010CFr 2               FsSaveFileAddrImpl:
0010CFr 2  20 rr rr       jsr FsParseName               ; Parse filename into FS_FNAME_BUF
0010D2r 2  20 rr rr       jsr FsReadDir                 ; Read directory sector
0010D5r 2  90 03          bcc @FsSaveReadOk
0010D7r 2  4C rr rr       jmp @FsSaveErr
0010DAr 2               @FsSaveReadOk:
0010DAr 2                 ; Try to find existing file with same name
0010DAr 2  20 rr rr       jsr FsFindFile
0010DDr 2  90 08          bcc @FsSaveOverwrite
0010DFr 2                 ; Not found — find a free slot
0010DFr 2  20 rr rr       jsr FsFindFree
0010E2r 2  90 11          bcc @FsSaveAlloc
0010E4r 2  4C rr rr       jmp @FsSaveErr                ; Directory full
0010E7r 2               @FsSaveOverwrite:
0010E7r 2                 ; CF_BUF_PTR already points to the existing entry — clear old flags
0010E7r 2  A0 0B          ldy #FS_ENTRY_FLAGS
0010E9r 2  A9 00          lda #$00
0010EBr 2  91 24          sta (CF_BUF_PTR),y            ; Mark old entry as free
0010EDr 2                 ; Find a free slot (could be the one we just freed or another)
0010EDr 2  20 rr rr       jsr FsFindFree
0010F0r 2  90 03          bcc @FsSaveAlloc
0010F2r 2  4C rr rr       jmp @FsSaveErr
0010F5r 2               @FsSaveAlloc:
0010F5r 2                 ; Save CF_BUF_PTR (points to free entry from FsFindFree)
0010F5r 2  A5 24          lda CF_BUF_PTR
0010F7r 2  48             pha
0010F8r 2  A5 25          lda CF_BUF_PTR + 1
0010FAr 2  48             pha
0010FBr 2                 ; Save FS_FILE_SIZE (FsCalcNextSec clobbers it while scanning entries)
0010FBr 2  AD 4A 03       lda FS_FILE_SIZE
0010FEr 2  48             pha
0010FFr 2  AD 4B 03       lda FS_FILE_SIZE + 1
001102r 2  48             pha
001103r 2                 ; Calculate next free sector (clobbers CF_BUF_PTR and FS_FILE_SIZE)
001103r 2  20 rr rr       jsr FsCalcNextSec
001106r 2                 ; Restore FS_FILE_SIZE
001106r 2  68             pla
001107r 2  8D 4B 03       sta FS_FILE_SIZE + 1
00110Ar 2  68             pla
00110Br 2  8D 4A 03       sta FS_FILE_SIZE
00110Er 2                 ; Restore CF_BUF_PTR to the free directory entry
00110Er 2  68             pla
00110Fr 2  85 25          sta CF_BUF_PTR + 1
001111r 2  68             pla
001112r 2  85 24          sta CF_BUF_PTR
001114r 2                 ; Calculate sectors needed
001114r 2  AD 4B 03       lda FS_FILE_SIZE + 1
001117r 2  4A             lsr a
001118r 2  8D 4C 03       sta FS_SEC_COUNT
00111Br 2  AD 4B 03       lda FS_FILE_SIZE + 1
00111Er 2  29 01          and #$01
001120r 2  D0 05          bne @FsSaveRound
001122r 2  AD 4A 03       lda FS_FILE_SIZE
001125r 2  F0 03          beq @FsSaveNoRound
001127r 2               @FsSaveRound:
001127r 2  EE 4C 03       inc FS_SEC_COUNT
00112Ar 2               @FsSaveNoRound:
00112Ar 2                 ; Disk-full guard: reject if the file would spill past this disk's region.
00112Ar 2                 ; end sector = FS_NEXT_SEC + FS_SEC_COUNT must be <= FS_DISK_SECTORS.
00112Ar 2  AD 4E 03       lda FS_NEXT_SEC
00112Dr 2  18             clc
00112Er 2  6D 4C 03       adc FS_SEC_COUNT
001131r 2  A8             tay                           ; Y = end sector low
001132r 2  AD 4F 03       lda FS_NEXT_SEC + 1
001135r 2  69 00          adc #$00                      ; A = end sector high
001137r 2  C9 08          cmp #>FS_DISK_SECTORS
001139r 2  90 08          bcc @FsSaveSpaceOk            ; end high < high(FS_DISK_SECTORS) -> fits
00113Br 2  D0 03          bne @FsSaveDiskFull           ; end high > high(FS_DISK_SECTORS) -> full
00113Dr 2  98             tya                           ; end high equal: OK only if end low == 0
00113Er 2  F0 03          beq @FsSaveSpaceOk
001140r 2               @FsSaveDiskFull:
001140r 2  4C rr rr       jmp @FsSaveErr                ; Disk full
001143r 2               @FsSaveSpaceOk:
001143r 2                 ; Fill in directory entry at CF_BUF_PTR
001143r 2                 ; Copy filename (11 bytes)
001143r 2  A0 00          ldy #$00
001145r 2               @FsSaveCopyName:
001145r 2  B9 50 03       lda FS_FNAME_BUF,y
001148r 2  91 24          sta (CF_BUF_PTR),y
00114Ar 2  C8             iny
00114Br 2  C0 0B          cpy #11
00114Dr 2  D0 F6          bne @FsSaveCopyName
00114Fr 2                 ; Set flags = in use
00114Fr 2  A9 01          lda #FS_FLAG_USED
001151r 2  91 24          sta (CF_BUF_PTR),y            ; Y = 11 = FS_ENTRY_FLAGS
001153r 2                 ; Set start sector
001153r 2  A0 0C          ldy #FS_ENTRY_START
001155r 2  AD 4E 03       lda FS_NEXT_SEC
001158r 2  91 24          sta (CF_BUF_PTR),y
00115Ar 2  8D 48 03       sta FS_START_SEC
00115Dr 2  C8             iny
00115Er 2  AD 4F 03       lda FS_NEXT_SEC + 1
001161r 2  91 24          sta (CF_BUF_PTR),y
001163r 2  8D 49 03       sta FS_START_SEC + 1
001166r 2                 ; Set file size
001166r 2  A0 0E          ldy #FS_ENTRY_FSIZE
001168r 2  AD 4A 03       lda FS_FILE_SIZE
00116Br 2  91 24          sta (CF_BUF_PTR),y
00116Dr 2  C8             iny
00116Er 2  AD 4B 03       lda FS_FILE_SIZE + 1
001171r 2  91 24          sta (CF_BUF_PTR),y
001173r 2                 ; Clear reserved bytes
001173r 2  A0 10          ldy #$10
001175r 2  A9 00          lda #$00
001177r 2               @FsSaveClearRsv:
001177r 2  91 24          sta (CF_BUF_PTR),y
001179r 2  C8             iny
00117Ar 2  C0 20          cpy #FS_ENTRY_SIZE
00117Cr 2  D0 F9          bne @FsSaveClearRsv
00117Er 2                 ; Write updated directory back to CF
00117Er 2  20 rr rr       jsr FsWriteDir
001181r 2  B0 30          bcs @FsSaveErr
001183r 2                 ; Now write file data sectors
001183r 2  AD 48 03       lda FS_START_SEC
001186r 2  85 26          sta CF_LBA
001188r 2  AD 49 03       lda FS_START_SEC + 1
00118Br 2  85 27          sta CF_LBA + 1
00118Dr 2  64 28          stz CF_LBA + 2
00118Fr 2  64 29          stz CF_LBA + 3
001191r 2                 ; Source = FS_IO_ADDR
001191r 2  AD 7F 03       lda FS_IO_ADDR
001194r 2  85 24          sta CF_BUF_PTR
001196r 2  AD 80 03       lda FS_IO_ADDR + 1
001199r 2  85 25          sta CF_BUF_PTR + 1
00119Br 2  AE 4C 03       ldx FS_SEC_COUNT
00119Er 2  F0 10          beq @FsSaveOk                 ; Zero-size file
0011A0r 2               @FsSaveSec:
0011A0r 2  DA             phx
0011A1r 2  20 rr rr       jsr StWriteSector             ; Write sector (advances CF_BUF_PTR by 512)
0011A4r 2  B0 0C          bcs @FsSaveSecErr
0011A6r 2                 ; Increment LBA
0011A6r 2  E6 26          inc CF_LBA
0011A8r 2  D0 02          bne @FsSaveSecNext
0011AAr 2  E6 27          inc CF_LBA + 1
0011ACr 2               @FsSaveSecNext:
0011ACr 2  FA             plx
0011ADr 2  CA             dex
0011AEr 2  D0 F0          bne @FsSaveSec
0011B0r 2               @FsSaveOk:
0011B0r 2  18             clc
0011B1r 2  60             rts
0011B2r 2               @FsSaveSecErr:
0011B2r 2  FA             plx                           ; Balance stack
0011B3r 2               @FsSaveErr:
0011B3r 2  38             sec
0011B4r 2  60             rts
0011B5r 2               
0011B5r 2               ; FsDeleteFile — Delete a file from the CompactFlash filesystem
0011B5r 2               ; Input: STR_PTR ($02-$03) points to null-terminated filename
0011B5r 2               ; Output: Carry clear = success, Carry set = file not found or error
0011B5r 2               ; Modifies: Flags, A, X, Y, CF_LBA, CF_BUF_PTR
0011B5r 2               FsDeleteFileImpl:
0011B5r 2  20 rr rr       jsr FsParseName               ; Parse filename into FS_FNAME_BUF
0011B8r 2  20 rr rr       jsr FsReadDir                 ; Read directory sector
0011BBr 2  B0 0F          bcs @FsDelErr
0011BDr 2  20 rr rr       jsr FsFindFile                ; Search for filename
0011C0r 2  B0 0A          bcs @FsDelErr                 ; Not found
0011C2r 2                 ; Clear the flags byte to mark entry as unused
0011C2r 2  A0 0B          ldy #FS_ENTRY_FLAGS
0011C4r 2  A9 00          lda #$00
0011C6r 2  91 24          sta (CF_BUF_PTR),y
0011C8r 2                 ; Write updated directory back to CF
0011C8r 2  20 rr rr       jsr FsWriteDir
0011CBr 2                 ; Carry already set/clear from FsWriteDir
0011CBr 2  60             rts
0011CCr 2               @FsDelErr:
0011CCr 2  38             sec
0011CDr 2  60             rts
0011CEr 2               
0011CEr 2               ; === XModem Serial LOAD/SAVE ===
0011CEr 2               ; Standard XModem protocol over serial (128-byte blocks, checksum)
0011CEr 2               ; Load: receives blocks into memory at caller-supplied XFER_PTR
0011CEr 2               ; Save: sends blocks from memory at caller-supplied XFER_PTR / XFER_REMAIN
0011CEr 2               
0011CEr 2               ; --- Shared XModem Utilities ---
0011CEr 2               
0011CEr 2               ; XModemGetByte — Read one byte from serial with timeout
0011CEr 2               ; Polls SC_STATUS for RDRF directly (bypasses IRQ-driven buffer).
0011CEr 2               ; Caller must disable serial RX IRQ before calling.
0011CEr 2               ; Output: A = byte received, Carry clear = got byte
0011CEr 2               ;         Carry set = timeout
0011CEr 2               ; Preserves: X, Y
0011CEr 2               XModemGetByte:
0011CEr 2  DA             phx
0011CFr 2  5A             phy
0011D0r 2  A2 00          ldx #$00                      ; Outer loop: 256 passes
0011D2r 2               @Outer:
0011D2r 2  A0 00          ldy #$00                      ; Inner loop: 256 polls
0011D4r 2               @Inner:
0011D4r 2  AD 01 90       lda SC_STATUS
0011D7r 2  29 08          and #SC_STATUS_RDRF           ; Received byte waiting?
0011D9r 2  D0 0A          bne @Got
0011DBr 2  88             dey
0011DCr 2  D0 F6          bne @Inner
0011DEr 2  CA             dex
0011DFr 2  D0 F1          bne @Outer
0011E1r 2                 ; Timeout
0011E1r 2  7A             ply
0011E2r 2  FA             plx
0011E3r 2  38             sec
0011E4r 2  60             rts
0011E5r 2               @Got:
0011E5r 2  AD 00 90       lda SC_DATA                   ; Read received byte (clears RDRF)
0011E8r 2  7A             ply
0011E9r 2  FA             plx
0011EAr 2  18             clc
0011EBr 2  60             rts
0011ECr 2               
0011ECr 2               ; XModemPurge — Drain all pending bytes from input buffer and hardware
0011ECr 2               ; Modifies: A, X
0011ECr 2               XModemPurge:
0011ECr 2                 ; Drain software input buffer (bytes captured before IRQ was disabled)
0011ECr 2               @DrainBuf:
0011ECr 2  20 rr rr       jsr BufferSize
0011EFr 2  F0 05          beq @DrainHw
0011F1r 2  20 rr rr       jsr ReadBuffer
0011F4r 2  80 F6          bra @DrainBuf
0011F6r 2               @DrainHw:
0011F6r 2                 ; Drain hardware RDRF
0011F6r 2  AD 01 90       lda SC_STATUS
0011F9r 2  29 08          and #SC_STATUS_RDRF
0011FBr 2  F0 05          beq @Done
0011FDr 2  AD 00 90       lda SC_DATA                   ; Read and discard
001200r 2  80 F4          bra @DrainHw
001202r 2               @Done:
001202r 2  60             rts
001203r 2               
001203r 2               ; --- XModem Load (Receive) ---
001203r 2               
001203r 2               ; XModemLoadImpl — Receive data via standard XModem protocol
001203r 2               ; Input: XFER_PTR = destination address (set by caller)
001203r 2               ; Output: Carry clear = success, XFER_PTR past last byte written
001203r 2               ;         XFER_REMAIN = total bytes received
001203r 2               ;         Carry set = transfer failed
001203r 2               ; Modifies: Flags, A, X, Y
001203r 2               XModemLoadImpl:
001203r 2                 ; Save and switch IO_MODE to serial
001203r 2  AD 06 03       lda IO_MODE
001206r 2  8D 19 03       sta XFER_IO_SAVE
001209r 2  A9 01          lda #$01
00120Br 2  8D 06 03       sta IO_MODE
00120Er 2                 ; Disable serial RX IRQ — XModem polls SC_STATUS directly
00120Er 2  A9 0B          lda #SC_CMD_XMODEM            ; Bit 1 set = RX IRQ disabled, RTSB low, DTR
001210r 2  8D 02 90       sta SC_CMD
001213r 2                 ; Initialize
001213r 2  A9 01          lda #$01
001215r 2  85 36          sta XMODEM_BLK                ; First expected block number
001217r 2  9C 17 03       stz XFER_REMAIN
00121Ar 2  9C 18 03       stz XFER_REMAIN + 1
00121Dr 2  A9 3C          lda #XMODEM_STARTRETRY
00121Fr 2  85 38          sta XMODEM_RETRY
001221r 2                 ; Print status message so user can start the terminal send
001221r 2  A2 00          ldx #0
001223r 2               @PrintMsg:
001223r 2  BD rr rr       lda XModemStrReceive,x
001226r 2  F0 06          beq @PrintDone
001228r 2  20 rr rr       jsr Chrout
00122Br 2  E8             inx
00122Cr 2  80 F5          bra @PrintMsg
00122Er 2               @PrintDone:
00122Er 2  20 rr rr       jsr XModemPurge               ; Drain stale bytes
001231r 2                 ; Send initial NAK to start transfer
001231r 2  A9 15          lda #XMODEM_NAK
001233r 2  20 rr rr       jsr SerialChrout
001236r 2               @RecvWait:
001236r 2  20 rr rr       jsr XModemGetByte
001239r 2  B0 0E          bcs @RecvTimeout
00123Br 2  C9 01          cmp #XMODEM_SOH
00123Dr 2  F0 3E          beq @RecvBlock
00123Fr 2  C9 04          cmp #XMODEM_EOT
001241r 2  F0 11          beq @RecvEOT
001243r 2  C9 18          cmp #XMODEM_CAN
001245r 2  F0 1F          beq @RecvFail
001247r 2  80 ED          bra @RecvWait                 ; Ignore unknown bytes
001249r 2               
001249r 2               @RecvTimeout:
001249r 2  C6 38          dec XMODEM_RETRY
00124Br 2  F0 19          beq @RecvFail
00124Dr 2  A9 15          lda #XMODEM_NAK
00124Fr 2  20 rr rr       jsr SerialChrout
001252r 2  80 E2          bra @RecvWait
001254r 2               
001254r 2               @RecvEOT:
001254r 2  A9 06          lda #XMODEM_ACK
001256r 2  20 rr rr       jsr SerialChrout
001259r 2                 ; Re-enable serial RX IRQ; ScRts takes the pin back over from here
001259r 2  A9 09          lda #SC_CMD_RTS_LOW
00125Br 2  8D 02 90       sta SC_CMD
00125Er 2  AD 19 03       lda XFER_IO_SAVE
001261r 2  8D 06 03       sta IO_MODE
001264r 2  18             clc                           ; Success
001265r 2  60             rts
001266r 2               
001266r 2               @RecvFail:
001266r 2  A9 18          lda #XMODEM_CAN
001268r 2  20 rr rr       jsr SerialChrout
00126Br 2  A9 18          lda #XMODEM_CAN
00126Dr 2  20 rr rr       jsr SerialChrout
001270r 2                 ; Re-enable serial RX IRQ; ScRts takes the pin back over from here
001270r 2  A9 09          lda #SC_CMD_RTS_LOW
001272r 2  8D 02 90       sta SC_CMD
001275r 2  AD 19 03       lda XFER_IO_SAVE
001278r 2  8D 06 03       sta IO_MODE
00127Br 2  38             sec                           ; Failure
00127Cr 2  60             rts
00127Dr 2               
00127Dr 2               @RecvBlock:
00127Dr 2                 ; Reset retry counter on SOH received
00127Dr 2  A9 0A          lda #XMODEM_MAXRETRY
00127Fr 2  85 38          sta XMODEM_RETRY
001281r 2                 ; Read block number
001281r 2  20 rr rr       jsr XModemGetByte
001284r 2  B0 6B          bcs @RecvNAK
001286r 2  85 39          sta XMODEM_RCVBLK
001288r 2                 ; Read complement
001288r 2  20 rr rr       jsr XModemGetByte
00128Br 2  B0 64          bcs @RecvNAK
00128Dr 2                 ; Verify block# + complement = $FF
00128Dr 2  18             clc
00128Er 2  65 39          adc XMODEM_RCVBLK
001290r 2  C9 FF          cmp #$FF
001292r 2  D0 5D          bne @RecvNAK
001294r 2                 ; Receive 128 data bytes into (XFER_PTR), accumulate checksum
001294r 2  64 37          stz XMODEM_CHK
001296r 2  A0 00          ldy #$00
001298r 2               @RecvData:
001298r 2  20 rr rr       jsr XModemGetByte             ; A = byte (X/Y preserved)
00129Br 2  B0 54          bcs @RecvNAK
00129Dr 2  91 2A          sta (XFER_PTR),y              ; Write to destination at offset Y
00129Fr 2  18             clc
0012A0r 2  65 37          adc XMODEM_CHK
0012A2r 2  85 37          sta XMODEM_CHK
0012A4r 2  C8             iny
0012A5r 2  C0 80          cpy #XMODEM_BLKSZ
0012A7r 2  D0 EF          bne @RecvData
0012A9r 2                 ; Read and verify checksum
0012A9r 2  20 rr rr       jsr XModemGetByte
0012ACr 2  B0 43          bcs @RecvNAK
0012AEr 2  C5 37          cmp XMODEM_CHK
0012B0r 2  D0 3F          bne @RecvNAK
0012B2r 2                 ; Verify block number matches expected
0012B2r 2  A5 39          lda XMODEM_RCVBLK
0012B4r 2  C5 36          cmp XMODEM_BLK
0012B6r 2  D0 28          bne @RecvDupChk
0012B8r 2                 ; Good block — advance pointer by 128
0012B8r 2  18             clc
0012B9r 2  A5 2A          lda XFER_PTR
0012BBr 2  69 80          adc #XMODEM_BLKSZ
0012BDr 2  85 2A          sta XFER_PTR
0012BFr 2  A5 2B          lda XFER_PTR + 1
0012C1r 2  69 00          adc #$00
0012C3r 2  85 2B          sta XFER_PTR + 1
0012C5r 2                 ; Update total bytes received
0012C5r 2  18             clc
0012C6r 2  AD 17 03       lda XFER_REMAIN
0012C9r 2  69 80          adc #XMODEM_BLKSZ
0012CBr 2  8D 17 03       sta XFER_REMAIN
0012CEr 2  AD 18 03       lda XFER_REMAIN + 1
0012D1r 2  69 00          adc #$00
0012D3r 2  8D 18 03       sta XFER_REMAIN + 1
0012D6r 2                 ; Increment expected block number (wraps 255→0)
0012D6r 2  E6 36          inc XMODEM_BLK
0012D8r 2                 ; ACK the block
0012D8r 2  A9 06          lda #XMODEM_ACK
0012DAr 2  20 rr rr       jsr SerialChrout
0012DDr 2  4C rr rr       jmp @RecvWait
0012E0r 2               
0012E0r 2               @RecvDupChk:
0012E0r 2                 ; Check if this is a retransmit of the previous block (lost ACK)
0012E0r 2  A5 36          lda XMODEM_BLK
0012E2r 2  38             sec
0012E3r 2  E9 01          sbc #$01
0012E5r 2  C5 39          cmp XMODEM_RCVBLK
0012E7r 2  D0 08          bne @RecvNAK                  ; Not a dup — NAK
0012E9r 2                 ; Duplicate — re-ACK without advancing
0012E9r 2  A9 06          lda #XMODEM_ACK
0012EBr 2  20 rr rr       jsr SerialChrout
0012EEr 2  4C rr rr       jmp @RecvWait
0012F1r 2               
0012F1r 2               @RecvNAK:
0012F1r 2  20 rr rr       jsr XModemPurge               ; Drain any remaining bytes
0012F4r 2  A9 15          lda #XMODEM_NAK
0012F6r 2  20 rr rr       jsr SerialChrout
0012F9r 2  4C rr rr       jmp @RecvWait
0012FCr 2               
0012FCr 2               ; --- XModem Save (Send) ---
0012FCr 2               
0012FCr 2               ; XModemSaveImpl — Send data via standard XModem protocol
0012FCr 2               ; Input: XFER_PTR = source address, XFER_REMAIN = byte count (set by caller)
0012FCr 2               ; Output: Carry clear = success, Carry set = transfer failed
0012FCr 2               ; Modifies: Flags, A, X, Y
0012FCr 2               XModemSaveImpl:
0012FCr 2                 ; Save and switch IO_MODE to serial
0012FCr 2  AD 06 03       lda IO_MODE
0012FFr 2  8D 19 03       sta XFER_IO_SAVE
001302r 2  A9 01          lda #$01
001304r 2  8D 06 03       sta IO_MODE
001307r 2                 ; Disable serial RX IRQ — XModem polls SC_STATUS directly
001307r 2  A9 0B          lda #SC_CMD_XMODEM            ; Bit 1 set = RX IRQ disabled, RTSB low, DTR
001309r 2  8D 02 90       sta SC_CMD
00130Cr 2                 ; Initialize
00130Cr 2  A9 01          lda #$01
00130Er 2  85 36          sta XMODEM_BLK                ; First block number
001310r 2  A9 3C          lda #XMODEM_STARTRETRY
001312r 2  85 38          sta XMODEM_RETRY
001314r 2                 ; Print status message so user can start the terminal receive
001314r 2  A2 00          ldx #0
001316r 2               @PrintMsg:
001316r 2  BD rr rr       lda XModemStrSend,x
001319r 2  F0 06          beq @PrintDone
00131Br 2  20 rr rr       jsr Chrout
00131Er 2  E8             inx
00131Fr 2  80 F5          bra @PrintMsg
001321r 2               @PrintDone:
001321r 2  20 rr rr       jsr XModemPurge               ; Drain stale bytes
001324r 2                 ; Wait for initial NAK (or 'C' for CRC mode) from receiver
001324r 2               @SendWaitNAK:
001324r 2  20 rr rr       jsr XModemGetByte
001327r 2  B0 11          bcs @SendInitTO
001329r 2  C9 15          cmp #XMODEM_NAK
00132Br 2  F0 16          beq @SendLoop
00132Dr 2  C9 43          cmp #'C'                      ; CRC mode request — treat as NAK (send checksum packets)
00132Fr 2  F0 12          beq @SendLoop
001331r 2  C9 18          cmp #XMODEM_CAN
001333r 2  D0 03          bne :+
001335r 2  4C rr rr       jmp @SendFail
001338r 2  80 EA        : bra @SendWaitNAK
00133Ar 2               
00133Ar 2               @SendInitTO:
00133Ar 2  C6 38          dec XMODEM_RETRY
00133Cr 2  D0 03          bne :+
00133Er 2  4C rr rr       jmp @SendFail
001341r 2  80 E1        : bra @SendWaitNAK
001343r 2               
001343r 2               @SendLoop:
001343r 2                 ; Check if any data remains to send
001343r 2  AD 17 03       lda XFER_REMAIN
001346r 2  0D 18 03       ora XFER_REMAIN + 1
001349r 2  D0 03          bne :+
00134Br 2  4C rr rr       jmp @SendEOT                  ; All data sent
00134Er 2               :
00134Er 2                 ; Reset retry counter for this block
00134Er 2  A9 0A          lda #XMODEM_MAXRETRY
001350r 2  85 38          sta XMODEM_RETRY
001352r 2               @SendBlock:
001352r 2                 ; Save XFER_PTR and XFER_REMAIN on stack for retry
001352r 2  A5 2B          lda XFER_PTR + 1
001354r 2  48             pha
001355r 2  A5 2A          lda XFER_PTR
001357r 2  48             pha
001358r 2  AD 18 03       lda XFER_REMAIN + 1
00135Br 2  48             pha
00135Cr 2  AD 17 03       lda XFER_REMAIN
00135Fr 2  48             pha
001360r 2                 ; Send header: SOH, block#, ~block#
001360r 2  A9 01          lda #XMODEM_SOH
001362r 2  20 rr rr       jsr SerialChrout
001365r 2  A5 36          lda XMODEM_BLK
001367r 2  20 rr rr       jsr SerialChrout
00136Ar 2  49 FF          eor #$FF
00136Cr 2  20 rr rr       jsr SerialChrout
00136Fr 2                 ; Send 128 data bytes, computing checksum
00136Fr 2  64 37          stz XMODEM_CHK
001371r 2  A0 00          ldy #$00                      ; Y=0 for (XFER_PTR),y indirect addressing
001373r 2  A2 80          ldx #XMODEM_BLKSZ             ; X = byte counter (128 down to 0)
001375r 2               @SendData:
001375r 2  AD 17 03       lda XFER_REMAIN
001378r 2  0D 18 03       ora XFER_REMAIN + 1
00137Br 2  F0 20          beq @SendPad                  ; No more real data — pad remainder
00137Dr 2  B1 2A          lda (XFER_PTR),y              ; Read source byte
00137Fr 2  20 rr rr       jsr SerialChrout              ; Send it (A preserved by SerialChrout)
001382r 2  18             clc
001383r 2  65 37          adc XMODEM_CHK
001385r 2  85 37          sta XMODEM_CHK
001387r 2                 ; Advance source pointer
001387r 2  E6 2A          inc XFER_PTR
001389r 2  D0 02          bne @SendNoPg
00138Br 2  E6 2B          inc XFER_PTR + 1
00138Dr 2               @SendNoPg:
00138Dr 2                 ; Decrement remaining byte count
00138Dr 2  AD 17 03       lda XFER_REMAIN
001390r 2  D0 03          bne @SendDecLo
001392r 2  CE 18 03       dec XFER_REMAIN + 1
001395r 2               @SendDecLo:
001395r 2  CE 17 03       dec XFER_REMAIN
001398r 2  CA             dex
001399r 2  D0 DA          bne @SendData
00139Br 2  80 0D          bra @SendChk
00139Dr 2               @SendPad:
00139Dr 2                 ; Pad remaining block bytes with SUB ($1A)
00139Dr 2  A9 1A          lda #XMODEM_SUB
00139Fr 2  20 rr rr       jsr SerialChrout
0013A2r 2  18             clc
0013A3r 2  65 37          adc XMODEM_CHK
0013A5r 2  85 37          sta XMODEM_CHK
0013A7r 2  CA             dex
0013A8r 2  D0 F3          bne @SendPad
0013AAr 2               @SendChk:
0013AAr 2                 ; Send checksum byte
0013AAr 2  A5 37          lda XMODEM_CHK
0013ACr 2  20 rr rr       jsr SerialChrout
0013AFr 2                 ; Wait for ACK/NAK response
0013AFr 2  20 rr rr       jsr XModemGetByte
0013B2r 2  B0 08          bcs @SendRetry                ; Timeout — retry
0013B4r 2  C9 06          cmp #XMODEM_ACK
0013B6r 2  F0 19          beq @SendBlockOK
0013B8r 2  C9 18          cmp #XMODEM_CAN
0013BAr 2  F0 1E          beq @SendCancel
0013BCr 2                 ; NAK or unknown — retry
0013BCr 2               @SendRetry:
0013BCr 2                 ; Restore XFER_PTR and XFER_REMAIN from stack
0013BCr 2  68             pla
0013BDr 2  8D 17 03       sta XFER_REMAIN
0013C0r 2  68             pla
0013C1r 2  8D 18 03       sta XFER_REMAIN + 1
0013C4r 2  68             pla
0013C5r 2  85 2A          sta XFER_PTR
0013C7r 2  68             pla
0013C8r 2  85 2B          sta XFER_PTR + 1
0013CAr 2  C6 38          dec XMODEM_RETRY
0013CCr 2  F0 10          beq @SendFail
0013CEr 2  4C rr rr       jmp @SendBlock
0013D1r 2               
0013D1r 2               @SendBlockOK:
0013D1r 2                 ; Discard saved state from stack (4 bytes)
0013D1r 2  68             pla
0013D2r 2  68             pla
0013D3r 2  68             pla
0013D4r 2  68             pla
0013D5r 2                 ; Advance to next block
0013D5r 2  E6 36          inc XMODEM_BLK
0013D7r 2  4C rr rr       jmp @SendLoop
0013DAr 2               
0013DAr 2               @SendCancel:
0013DAr 2                 ; Discard saved state from stack
0013DAr 2  68             pla
0013DBr 2  68             pla
0013DCr 2  68             pla
0013DDr 2  68             pla
0013DEr 2               @SendFail:
0013DEr 2                 ; Re-enable serial RX IRQ; ScRts takes the pin back over from here
0013DEr 2  A9 09          lda #SC_CMD_RTS_LOW
0013E0r 2  8D 02 90       sta SC_CMD
0013E3r 2  AD 19 03       lda XFER_IO_SAVE
0013E6r 2  8D 06 03       sta IO_MODE
0013E9r 2  38             sec                           ; Failure
0013EAr 2  60             rts
0013EBr 2               
0013EBr 2               @SendEOT:
0013EBr 2                 ; All data sent — send EOT
0013EBr 2  A9 04          lda #XMODEM_EOT
0013EDr 2  20 rr rr       jsr SerialChrout
0013F0r 2                 ; Wait for ACK (best-effort; don't fail if timeout)
0013F0r 2  20 rr rr       jsr XModemGetByte
0013F3r 2                 ; Re-enable serial RX IRQ; ScRts takes the pin back over from here
0013F3r 2  A9 09          lda #SC_CMD_RTS_LOW
0013F5r 2  8D 02 90       sta SC_CMD
0013F8r 2  AD 19 03       lda XFER_IO_SAVE
0013FBr 2  8D 06 03       sta IO_MODE
0013FEr 2  18             clc                           ; Success
0013FFr 2  60             rts
001400r 2               
001400r 2               ; XModem status strings
001400r 2               XModemStrReceive:
001400r 2  58 4D 4F 44    .byte "XMODEM RX READY", $0D, $0A, 0
001404r 2  45 4D 20 52  
001408r 2  58 20 52 45  
001412r 2               XModemStrSend:
001412r 2  58 4D 4F 44    .byte "XMODEM TX READY", $0D, $0A, 0
001416r 2  45 4D 20 54  
00141Ar 2  58 20 52 45  
001424r 2               
001424r 2               ; NMI Handler
001424r 2               Nmi:
001424r 2  40             rti
001425r 2               
001425r 2               ; BRK Handler — saves full CPU state, reports it, and warm-starts BASIC
001425r 2               ; On entry from @IrqBrk: A/X/Y are the user's original values (restored by IRQ handler).
001425r 2               ; The CPU's hardware push left P/PCL/PCH on the stack.
001425r 2               ; Prints, on the console IO_MODE names:
001425r 2               ;   BREAK $nn AT $xxxx
001425r 2               ;   A=xx X=xx Y=xx P=xx S=xx
001425r 2               ; xxxx is the BRK opcode's address (BRK_PC - 2), nn the byte after it, and S
001425r 2               ; the stack pointer before the BRK (BRK_SP + 3).  A video console that a
001425r 2               ; program has taken out of the Text console is put back first.  BRK_PTR stays
001425r 2               ; hookable; a cartridge with no BASIC at $C000 must point it elsewhere.
001425r 2               Break:
001425r 2  8D 13 03       sta BRK_A                     ; Save user's A register
001428r 2  8E 14 03       stx BRK_X                     ; Save user's X register
00142Br 2  8C 15 03       sty BRK_Y                     ; Save user's Y register
00142Er 2  BA             tsx                           ; Get current SP
00142Fr 2  8E 16 03       stx BRK_SP                   ; Save SP (points below P/PCL/PCH on stack)
001432r 2  68             pla                           ; Pull saved P
001433r 2  8D 10 03       sta BRK_P
001436r 2  68             pla                           ; Pull saved PCL (PC+2)
001437r 2  8D 11 03       sta BRK_PCL
00143Ar 2  68             pla                           ; Pull saved PCH
00143Br 2  8D 12 03       sta BRK_PCH
00143Er 2  A2 FF          ldx #$FF                      ; BasEntry resets the stack anyway, and a BRK
001440r 2  9A             txs                           ;   reached by running off a full one has no
001441r 2                                               ;   room left to print the report with
001441r 2  2C 0D 03       bit HW_PRESENT                ; Video is bit 7 — see VideoClear
001444r 2  10 0D          bpl @BreakReport
001446r 2  AD 93 03       lda VID_MODE
001449r 2  C9 01          cmp #$01
00144Br 2  F0 06          beq @BreakReport              ; The Text console is intact
00144Dr 2  20 rr rr       jsr InitVideoImpl             ; A program moved the card on: bring the
001450r 2  20 rr rr       jsr VideoClearNow             ;   console back to print on
001453r 2               @BreakReport:
001453r 2  20 rr rr       jsr PrintCRLF
001456r 2  A9 rr          lda #<KMsgBreak               ; "BREAK $"
001458r 2  A0 rr          ldy #>KMsgBreak
00145Ar 2  20 rr rr       jsr PrintStr
00145Dr 2  AD 11 03       lda BRK_PCL                   ; The opcode's address, BRK_PC - 2
001460r 2  38             sec
001461r 2  E9 02          sbc #2
001463r 2  85 02          sta STR_PTR
001465r 2  AA             tax
001466r 2  AD 12 03       lda BRK_PCH
001469r 2  E9 00          sbc #0
00146Br 2  85 03          sta STR_PTR + 1
00146Dr 2  48             pha                           ; Its high byte, then its low byte, for later
00146Er 2  DA             phx
00146Fr 2  A0 01          ldy #1
001471r 2  B1 02          lda (STR_PTR),y               ; The byte after the BRK
001473r 2  20 rr rr       jsr KPrintHexByte
001476r 2  A9 rr          lda #<KMsgAt                  ; " AT $"
001478r 2  A0 rr          ldy #>KMsgAt
00147Ar 2  20 rr rr       jsr PrintStr
00147Dr 2  68             pla
00147Er 2  AA             tax
00147Fr 2  68             pla
001480r 2  20 rr rr       jsr KPrintHexByte
001483r 2  8A             txa
001484r 2  20 rr rr       jsr KPrintHexByte
001487r 2  20 rr rr       jsr PrintCRLF
00148Ar 2  A2 00          ldx #0                        ; A=xx X=xx Y=xx P=xx S=xx
00148Cr 2               @BreakReg:
00148Cr 2  8A             txa
00148Dr 2  F0 05          beq @BreakRegName
00148Fr 2  A9 20          lda #' '
001491r 2  20 rr rr       jsr Chrout
001494r 2               @BreakRegName:
001494r 2  BD rr rr       lda KBreakRegName,x
001497r 2  20 rr rr       jsr Chrout
00149Ar 2  A9 3D          lda #'='
00149Cr 2  20 rr rr       jsr Chrout
00149Fr 2  BC rr rr       ldy KBreakRegOffset,x
0014A2r 2  B9 10 03       lda BRK_P,y
0014A5r 2  E0 04          cpx #4                        ; S: the stack pointer before the BRK pushed
0014A7r 2  D0 02          bne @BreakRegHex              ;   PCH, PCL and P
0014A9r 2  69 02          adc #2                        ; Carry is set: + 3
0014ABr 2               @BreakRegHex:
0014ABr 2  20 rr rr       jsr KPrintHexByte
0014AEr 2  E8             inx
0014AFr 2  E0 05          cpx #5
0014B1r 2  D0 D9          bne @BreakReg
0014B3r 2  20 rr rr       jsr PrintCRLF
0014B6r 2  4C rr rr       jmp BasEntry                  ; Warm start: the program is kept
0014B9r 2               KMsgBreak:
0014B9r 2  42 52 45 41    .byte "BREAK $", 0
0014BDr 2  4B 20 24 00  
0014C1r 2               KMsgAt:
0014C1r 2  20 41 54 20    .byte " AT $", 0
0014C5r 2  24 00        
0014C7r 2               KBreakRegName:
0014C7r 2  41 58 59 50    .byte "AXYPS"
0014CBr 2  53           
0014CCr 2               KBreakRegOffset:                ; From BRK_P
0014CCr 2  03 04 05 00    .byte BRK_A - BRK_P, BRK_X - BRK_P, BRK_Y - BRK_P, 0, BRK_SP - BRK_P
0014D0r 2  06           
0014D1r 2               
0014D1r 2               ; KPrintHexByte — Print A as two hex digits through Chrout
0014D1r 2               ; Preserves: X, Y
0014D1r 2               ; Modifies: Flags, A
0014D1r 2               KPrintHexByte:
0014D1r 2  48             pha
0014D2r 2  4A             lsr a
0014D3r 2  4A             lsr a
0014D4r 2  4A             lsr a
0014D5r 2  4A             lsr a
0014D6r 2  20 rr rr       jsr @KHexDigit
0014D9r 2  68             pla
0014DAr 2  29 0F          and #$0F
0014DCr 2               @KHexDigit:
0014DCr 2  C9 0A          cmp #10
0014DEr 2  90 02          bcc @KHexDec
0014E0r 2  69 06          adc #6                        ; Carry is set: 'A' - '0' - 10
0014E2r 2               @KHexDec:
0014E2r 2  69 30          adc #'0'
0014E4r 2  4C rr rr       jmp Chrout
0014E7r 2               
0014E7r 2               ; IRQ Handler
0014E7r 2               Irq:
0014E7r 2  48             pha
0014E8r 2  5A             phy
0014E9r 2  DA             phx
0014EAr 2  BA             tsx                           ; Get stack pointer to check saved status register
0014EBr 2  BD 04 01       lda $104,x                    ; Load saved P (SP+4: past X, Y, A we pushed)
0014EEr 2  29 10          and #$10                      ; Test B flag — set by BRK, clear by hardware IRQ
0014F0r 2  D0 3E          bne @IrqBrk                   ; Branch if this was a BRK instruction
0014F2r 2               @IrqSc:
0014F2r 2  AD 0D 03       lda HW_PRESENT
0014F5r 2  29 10          and #HW_SC
0014F7r 2  F0 10          beq @IrqCheckKB               ; Serial not present — skip
0014F9r 2  AD 01 90       lda SC_STATUS
0014FCr 2  29 80          and #SC_STATUS_IRQ            ; Check if serial data caused the interrupt
0014FEr 2  F0 09          beq @IrqCheckKB               ; If not, check keyboard
001500r 2  AD 00 90       lda SC_DATA                   ; Read the data from serial register
001503r 2  20 rr rr       jsr WriteBuffer               ; Store to the input buffer
001506r 2  20 rr rr       jsr ScRts                     ; One more unread byte — RTS may go up
001509r 2                                               ; Fall through to check keyboard — always clear VIA flags
001509r 2               @IrqCheckKB:
001509r 2  AD 0D 03       lda HW_PRESENT
00150Cr 2  29 20          and #HW_GPIO
00150Er 2  F0 1C          beq @IrqExit                  ; GPIO not present — skip
001510r 2  AD 0D 94       lda GPIO_IFR
001513r 2  29 10          and #GPIO_INT_CB1             ; Check if CB1 (matrix keyboard data ready) caused the interrupt
001515r 2  F0 08          beq @IrqCheckPS2              ; If not, check PS/2 keyboard
001517r 2  AD 00 94       lda GPIO_PORTB                ; Read ASCII byte from matrix keyboard (also clears CB1 IFR flag)
00151Ar 2  20 rr rr       jsr WriteBuffer               ; Store to the input buffer
00151Dr 2  80 0D          bra @IrqExit
00151Fr 2               @IrqCheckPS2:
00151Fr 2  AD 0D 94       lda GPIO_IFR
001522r 2  29 02          and #GPIO_INT_CA1             ; Check if CA1 (PS/2 keyboard data ready) caused the interrupt
001524r 2  F0 06          beq @IrqExit                  ; If not, exit
001526r 2  AD 01 94       lda GPIO_PORTA                ; Read ASCII byte from PS/2 keyboard (also clears CA1 IFR flag)
001529r 2  20 rr rr       jsr WriteBuffer               ; Store to the input buffer
00152Cr 2               @IrqExit:
00152Cr 2  FA             plx
00152Dr 2  7A             ply
00152Er 2  68             pla
00152Fr 2  40             rti
001530r 2               @IrqBrk:
001530r 2  FA             plx                           ; Restore saved registers
001531r 2  7A             ply
001532r 2  68             pla
001533r 2  58             cli                           ; Re-enable interrupts — abandoning interrupt context
001534r 2  6C 02 03       jmp (BRK_PTR)                 ; BRK — dispatch with P/PCL/PCH still on stack
001537r 2               
001537r 2               ; NMI Vector
001537r 2               NmiVec:
001537r 2  6C 04 03       jmp (NMI_PTR)                 ; Indirect jump through NMI pointer to the NMI handler
00153Ar 2               
00153Ar 2               ; Reset Vector
00153Ar 2               ResetVec:
00153Ar 2  4C rr rr       jmp Reset                     ; Initialize the system
00153Dr 2               
00153Dr 2               ; IRQ Vector
00153Dr 2               IrqVec:
00153Dr 2  6C 00 03       jmp (IRQ_PTR)                 ; Indirect jump through IRQ pointer to the IRQ handler
001540r 2               
001540r 1               .segment "BASIC"
000000r 1               .include "BASIC.asm"
000000r 2               ; =============================================================================
000000r 2               ; BASIC v2.0  —  5-Byte Floating-Point MSBASIC-Compatible Interpreter
000000r 2               ;                for AC6502 Homebrew Computer
000000r 2               ;
000000r 2               ;   ROM Region  :  $C000-$FEFF  (16,128 bytes / $3F00)
000000r 2               ;   Segment     :  BASIC
000000r 2               ;   Entry point :  BasEntry  (first byte of segment = $C000)
000000r 2               ;   Assembler   :  ca65  (cc65 toolchain)
000000r 2               ;   Linker cfg  :  BIOS.cfg
000000r 2               ;
000000r 2               ;   Coding style :  Match the rest of the BIOS project.
000000r 2               ;                   * Routine / data labels : PascalCase  (e.g. BasEntry,
000000r 2               ;                     FAdd, NormalizeFac1, Lbl367F).
000000r 2               ;                   * Constants / equates    : UPPER_SNAKE_CASE
000000r 2               ;                     (e.g. BAS_TXTPTR, TOK_PRINT, ERR_SYNTAX).
000000r 2               ;                   * Local labels           : @camelCase or @PascalCase.
000000r 2               ;                   * Opcodes are lowercase.
000000r 2               ;
000000r 2               ;   Reference source tree:  msbasic-master/  (read-only; NOT linked).
000000r 2               ; =============================================================================
000000r 2               
000000r 2                       .segment "BASIC"
000000r 2               
000000r 2                       .macpack longbranch     ; jeq/jne/etc. used by ported MSBASIC FP code
000000r 3               .macro  jeq     Target
000000r 3                       .if     .match(Target, 0)
000000r 3                       bne     *+5
000000r 3                       jmp     Target
000000r 3                       .elseif .def(Target) .and .const((*-2)-(Target)) .and ((*+2)-(Target) <= 127)
000000r 3                               beq     Target
000000r 3                       .else
000000r 3                               bne     *+5
000000r 3                               jmp     Target
000000r 3                       .endif
000000r 3               .endmacro
000000r 3               .macro  jne     Target
000000r 3                       .if     .match(Target, 0)
000000r 3                               beq     *+5
000000r 3                               jmp     Target
000000r 3                       .elseif .def(Target) .and .const((*-2)-(Target)) .and ((*+2)-(Target) <= 127)
000000r 3                               bne     Target
000000r 3                       .else
000000r 3                               beq     *+5
000000r 3                               jmp     Target
000000r 3                       .endif
000000r 3               .endmacro
000000r 3               .macro  jmi     Target
000000r 3                       .if     .match(Target, 0)
000000r 3                               bpl     *+5
000000r 3                               jmp     Target
000000r 3                       .elseif .def(Target) .and .const((*-2)-(Target)) .and ((*+2)-(Target) <= 127)
000000r 3                               bmi     Target
000000r 3                       .else
000000r 3                               bpl     *+5
000000r 3                               jmp     Target
000000r 3                       .endif
000000r 3               .endmacro
000000r 3               .macro  jpl     Target
000000r 3                       .if     .match(Target, 0)
000000r 3                               bmi     *+5
000000r 3                               jmp     Target
000000r 3                       .elseif .def(Target) .and .const((*-2)-(Target)) .and ((*+2)-(Target) <= 127)
000000r 3                               bpl     Target
000000r 3                       .else
000000r 3                               bmi     *+5
000000r 3                               jmp     Target
000000r 3                       .endif
000000r 3               .endmacro
000000r 3               .macro  jcs     Target
000000r 3                       .if     .match(Target, 0)
000000r 3                               bcc     *+5
000000r 3                               jmp     Target
000000r 3                       .elseif .def(Target) .and .const((*-2)-(Target)) .and ((*+2)-(Target) <= 127)
000000r 3                               bcs     Target
000000r 3                       .else
000000r 3                               bcc     *+5
000000r 3                               jmp     Target
000000r 3                       .endif
000000r 3               .endmacro
000000r 3               .macro  jcc     Target
000000r 3                       .if     .match(Target, 0)
000000r 3                               bcs     *+5
000000r 3                               jmp     Target
000000r 3                       .elseif .def(Target) .and .const((*-2)-(Target)) .and ((*+2)-(Target) <= 127)
000000r 3                               bcc     Target
000000r 3                       .else
000000r 3                               bcs     *+5
000000r 3                               jmp     Target
000000r 3                       .endif
000000r 3               .endmacro
000000r 3               .macro  jvs     Target
000000r 3                       .if     .match(Target, 0)
000000r 3                               bvc     *+5
000000r 3                               jmp     Target
000000r 3                       .elseif .def(Target) .and .const((*-2)-(Target)) .and ((*+2)-(Target) <= 127)
000000r 3                               bvs     Target
000000r 3                       .else
000000r 3                               bvc     *+5
000000r 3                               jmp     Target
000000r 3                       .endif
000000r 3               .endmacro
000000r 3               .macro  jvc     Target
000000r 3                       .if     .match(Target, 0)
000000r 3                               bvs     *+5
000000r 3                               jmp     Target
000000r 3                       .elseif .def(Target) .and .const((*-2)-(Target)) .and ((*+2)-(Target) <= 127)
000000r 3                               bvc     Target
000000r 3                       .else
000000r 3                               bvs     *+5
000000r 3                               jmp     Target
000000r 3                       .endif
000000r 3               .endmacro
000000r 3               
000000r 2               
000000r 2               ; =============================================================================
000000r 2               ;   Z E R O - P A G E   E Q U A T E S
000000r 2               ;
000000r 2               ;   $00-$03   Kernal reserved
000000r 2               ;   $04-$23   BASIC primary workspace
000000r 2               ;   $24-$39   Kernal reserved
000000r 2               ;   $3A-$FF   BASIC spill (FP scratch in later phases)
000000r 2               ; =============================================================================
000000r 2               
000000r 2               BAS_TXTPTR      := $04          ; $04-$05  ChrGet / parse pointer
000000r 2               BAS_CURLINE     := $06          ; $06-$07  Pointer to current executing line
000000r 2               BAS_LINNUM      := $08          ; $08-$09  Parsed line number / scratch (= LINNUM)
000000r 2               
000000r 2               ; ----- Floating-point primary block ($0A-$1B, contiguous) -------------------
000000r 2               ; The MSBASIC float code accesses these via ZP,X with one label as the
000000r 2               ; immediate base (e.g. EXPSGN,X / SHIFTSIGNEXT,X / TMPEXP,X), so this entire
000000r 2               ; block MUST stay contiguous in this exact order.  See msbasic-master/
000000r 2               ; zeropage.s for the reference layout.
000000r 2               BAS_TMPEXP      := $0A          ; $0A      TMPEXP / INDX (alias)
000000r 2               BAS_INDX        := $0A          ; $0A      (alias of TMPEXP per msbasic SMALL)
000000r 2               BAS_EXPON       := $0B          ; $0B      EXPON
000000r 2               BAS_LOWTR       := $0C          ; $0C      LOWTR
000000r 2               BAS_EXPSGN      := $0D          ; $0D      EXPSGN  (== FAC-1 scratch byte)
000000r 2               BAS_FAC         := $0E          ; $0E-$12  FAC  (5 bytes)
000000r 2               BAS_FACSIGN     := $13          ; $13      FACSIGN  (== FAC+5)
000000r 2               BAS_SERLEN      := $14          ; $14      SERLEN
000000r 2               BAS_SHIFTSGN    := $15          ; $15      SHIFTSIGNEXT (== ARG-1 scratch)
000000r 2               BAS_ARG         := $16          ; $16-$1A  ARG  (5 bytes)
000000r 2               BAS_ARGSIGN     := $1B          ; $1B      ARGSIGN  (== ARG+5)
000000r 2               ; ----------------------------------------------------------------------------
000000r 2               
000000r 2               BAS_STRNG1      := $1C          ; $1C-$1D  STRNG1 (= SGNCPR; +1 = FACEXTENSION)
000000r 2               BAS_STRNG2      := $1E          ; $1E-$1F  STRNG2
000000r 2               
000000r 2               BAS_INDEX       := $20          ; $20-$21  General index pointer (line walk + msbasic INDEX)
000000r 2               BAS_DEST        := $22          ; $22-$23  Destination pointer (msbasic DEST)
000000r 2               
000000r 2               ; ----- Spill area: $3A-$67 --------------------------------------------------
000000r 2               BAS_TMP1        := $3A          ; $3A-$3B  General-purpose 16-bit pointer
000000r 2               BAS_TMP2        := $3C          ; $3C-$3D  General-purpose 16-bit pointer
000000r 2               BAS_TMP3        := $3E          ; $3E      Spill scratch byte
000000r 2               BAS_VARPNT      := $3F          ; $3F-$40  Current variable address
000000r 2               BAS_QUOTEFLG    := $41          ; $41      Tokenizer quote-state
000000r 2               BAS_DETOKY      := $42          ; $42      Saved Y across detokenize calls
000000r 2               
000000r 2               ; FP-only scratch registers (single bytes unless noted)
000000r 2               BAS_ARGEXT      := $43          ; ARGEXTENSION
000000r 2               BAS_CHARAC      := $44          ; CHARAC (string-quote/end char tracker)
000000r 2               BAS_CPRMASK     := $45          ; CPRMASK (FComp result mask)
000000r 2               BAS_FORPNT      := $46          ; $46-$47  FORPNT
000000r 2               BAS_RESULT      := $48          ; $48-$4C  RESULT  (5-byte FMult accumulator)
000000r 2               BAS_TEMP1       := $4D          ; $4D-$51  TEMP1  (5-byte FP scratch)
000000r 2               BAS_TEMP2       := $52          ; $52-$56  TEMP2  (5-byte FP scratch)
000000r 2               BAS_TEMP3       := $57          ; $57-$5B  TEMP3  (5-byte FP scratch)
000000r 2               BAS_RNDSEED     := $5C          ; $5C-$60  RNDSEED (5-byte FP value)
000000r 2               BAS_KWPTR       := $61          ; $61-$62  Keyword-table walker pointer
000000r 2               
000000r 2               ; ----- Variable / array / string-heap workspace ($63-$85) -----------------
000000r 2               BAS_DIMFLG      := $63          ; DIM-mode flag (nonzero = called from DIM)
000000r 2               BAS_VALTYP      := $64          ; $64-$65  Value type ($00=numeric, $FF=string)
000000r 2               BAS_EOLPNTR     := $66          ; Array scratch: dim count / pointer
000000r 2               BAS_DATAFLG     := $67          ; GetSpa: GC retry flag
000000r 2               BAS_SUBFLG      := $68          ; PtrGet: $40 from GETARYPT, $80 from DEF FN
000000r 2               BAS_INPUTFLG    := $69          ; INPUT/READ flag
000000r 2               BAS_ENDCHR      := $6A          ; StrLt2 secondary terminator
000000r 2               BAS_TEMPPT      := $6B          ; Top-of-temp-string-stack pointer
000000r 2               BAS_LASTPT      := $6C          ; $6C-$6D  Last temp descriptor allocated
000000r 2               BAS_TEMPST      := $6E          ; $6E-$76  Temp descriptor stack (3 * 3 bytes)
000000r 2               BAS_HIGHDS      := $77          ; $77-$78  Bltu dest end+1
000000r 2               BAS_HIGHTR      := $79          ; $79-$7A  Bltu source end+1
000000r 2               BAS_VARNAM      := $7B          ; $7B-$7C  Variable name pair (with type bits)
000000r 2               BAS_DSCPTR      := $7D          ; $7D-$7E  String descriptor pointer
000000r 2               BAS_DSCLEN      := $7F          ; $7F-$80  String descriptor length / GC scratch
000000r 2               BAS_FNCNAM      := $81          ; $81-$82  GC: highest-string descriptor ptr
000000r 2               BAS_Z52         := $83          ; GC scratch byte
000000r 2               BAS_FRESPC      := $84          ; $84-$85  Free-string-space pointer
000000r 2               ; ----------------------------------------------------------------------------
000000r 2               
000000r 2               ; ---------------------------------------------------------------------------
000000r 2               ; Symbol aliases used by the inlined MSBASIC FP code.  These let the ported
000000r 2               ; routines keep their original names without a global rename pass.
000000r 2               ; ---------------------------------------------------------------------------
000000r 2               FAC             := BAS_FAC
000000r 2               FAC_LAST        := BAS_FAC + 4
000000r 2               FACSIGN         := BAS_FACSIGN
000000r 2               ARG             := BAS_ARG
000000r 2               ARG_LAST        := BAS_ARG + 4
000000r 2               ARGSIGN         := BAS_ARGSIGN
000000r 2               INDEX           := BAS_INDEX
000000r 2               DEST            := BAS_DEST
000000r 2               STRNG1          := BAS_STRNG1
000000r 2               STRNG2          := BAS_STRNG2
000000r 2               SGNCPR          := BAS_STRNG1            ; aliased as in msbasic zeropage.s
000000r 2               FACEXTENSION    := BAS_STRNG1 + 1        ; aliased as in msbasic zeropage.s
000000r 2               TXTPTR          := BAS_TXTPTR
000000r 2               LINNUM          := BAS_LINNUM
000000r 2               CURLIN          := BAS_CURLIN            ; non-ZP ($0369) — only used by InPrt
000000r 2               VARPNT          := BAS_VARPNT
000000r 2               ARGEXTENSION    := BAS_ARGEXT
000000r 2               EXPON           := BAS_EXPON
000000r 2               EXPSGN          := BAS_EXPSGN
000000r 2               LOWTR           := BAS_LOWTR
000000r 2               INDX            := BAS_INDX
000000r 2               TMPEXP          := BAS_TMPEXP
000000r 2               SERLEN          := BAS_SERLEN
000000r 2               SHIFTSIGNEXT    := BAS_SHIFTSGN
000000r 2               CHARAC          := BAS_CHARAC
000000r 2               CPRMASK         := BAS_CPRMASK
000000r 2               FORPNT          := BAS_FORPNT
000000r 2               RESULT          := BAS_RESULT
000000r 2               RESULT_LAST     := BAS_RESULT + 4
000000r 2               TEMP1           := BAS_TEMP1
000000r 2               TEMP2           := BAS_TEMP2
000000r 2               TEMP3           := BAS_TEMP3
000000r 2               RNDSEED         := BAS_RNDSEED
000000r 2               
000000r 2               ; ----- Aliases used by ported msbasic var/array/string code ----------------
000000r 2               DIMFLG          := BAS_DIMFLG
000000r 2               VALTYP          := BAS_VALTYP
000000r 2               EOLPNTR         := BAS_EOLPNTR
000000r 2               DATAFLG         := BAS_DATAFLG
000000r 2               SUBFLG          := BAS_SUBFLG
000000r 2               INPUTFLG        := BAS_INPUTFLG
000000r 2               ENDCHR          := BAS_ENDCHR
000000r 2               TEMPPT          := BAS_TEMPPT
000000r 2               LASTPT          := BAS_LASTPT
000000r 2               TEMPST          := BAS_TEMPST
000000r 2               HIGHDS          := BAS_HIGHDS
000000r 2               HIGHTR          := BAS_HIGHTR
000000r 2               VARNAM          := BAS_VARNAM
000000r 2               DSCPTR          := BAS_DSCPTR
000000r 2               DSCLEN          := BAS_DSCLEN
000000r 2               FNCNAM          := BAS_FNCNAM
000000r 2               Z52             := BAS_Z52
000000r 2               FRESPC          := BAS_FRESPC
000000r 2               
000000r 2               ; ---------------------------------------------------------------------------
000000r 2               ; Constants required by the ported FP code.
000000r 2               ; ---------------------------------------------------------------------------
000000r 2               BYTES_FP        = 5
000000r 2               MANTISSA_BYTES  = 4
000000r 2               MAX_EXPON       = 10
000000r 2               STACK2          = $0100             ; Fout output buffer base (bottom of stack page)
000000r 2               
000000r 2               ; Variable / array layout constants (CONFIG_2 / CBM2-class equivalents).
000000r 2               BYTES_PER_VARIABLE = 7              ; 2 name + 5 value (numeric or descriptor)
000000r 2               BYTES_PER_ELEMENT  = 5              ; numeric array element size
000000r 2               
000000r 2               ; ---------------------------------------------------------------------------
000000r 2               ; Aliases for the runtime pointers that live in $035D+ (defined in BIOS.inc).
000000r 2               ; The msbasic var/array/string code references them by these short names.
000000r 2               ; ---------------------------------------------------------------------------
000000r 2               TXTTAB          := BAS_TXTTAB
000000r 2               VARTAB          := BAS_VARTAB
000000r 2               ARYTAB          := BAS_ARYTAB
000000r 2               STREND          := BAS_STREND
000000r 2               FRETOP          := BAS_FRETOP
000000r 2               MEMSIZ          := BAS_MEMSIZ
000000r 2               
000000r 2               ; ERR_OVERFLOW / ERR_DIVZERO already defined below; alias zerodiv:
000000r 2               ERR_ZERODIV     = 6                 ; matches ERR_DIVZERO
000000r 2               
000000r 2               ; Fin parses these as numeric-prefix tokens.  Final token assignments are
000000r 2               ; wired up when the expression evaluator goes live; until then $00 is fine
000000r 2               ; (will not appear in tokenised input).
000000r 2               TOKEN_PLUS      = $00
000000r 2               TOKEN_MINUS     = $00
000000r 2               
000000r 2               ; Rnd(0) source: 6 stable but variable bytes from kernel vars (IRQ_PTR/BRK_PTR
000000r 2               ; etc.).  Just needs to exist — used only when Rnd is called with arg 0.
000000r 2               ENTROPY         = $0300
000000r 2               
000000r 2               ; =============================================================================
000000r 2               ;   R A M   L A Y O U T   ( B A S I C   W O R K S P A C E )
000000r 2               ;
000000r 2               ;   $0400-$04FF   Input line buffer (256 bytes)
000000r 2               ;   $0500-$05FF   Tokenized line scratch (256 bytes)
000000r 2               ;
000000r 2               ;   GOSUB / FOR stacks live elsewhere; $0500-$05FF doubles as the
000000r 2               ;   tokenization scratch buffer.  $0600-$07FF overlaps FS_SECTOR_BUF and
000000r 2               ;   is left untouched here.
000000r 2               ; =============================================================================
000000r 2               
000000r 2               BAS_LINBUF      := $0400        ; Raw input line  (NUL-terminated)
000000r 2               BAS_TOKBUF      := $0500        ; Tokenized scratch buffer (NUL-terminated)
000000r 2               
000000r 2               BAS_LINBUF_MAX  = 200           ; Max accepted input length (bytes)
000000r 2               BAS_TOKBUF_MAX  = 250           ; Max tokenized payload bytes
000000r 2               
000000r 2               ; =============================================================================
000000r 2               ;   P R O G R A M   S T O R A G E
000000r 2               ;
000000r 2               ;   Lines at $0800+ : [next-lo][next-hi][num-lo][num-hi][tokens...][$00]
000000r 2               ;   End-of-program  : a "next-pointer" of $0000.
000000r 2               ; =============================================================================
000000r 2               
000000r 2               BAS_PRG_START   = $0800
000000r 2               
000000r 2               ; =============================================================================
000000r 2               ;   T O K E N   E Q U A T E S
000000r 2               ;
000000r 2               ;   Tokens are assigned sequentially starting at $80.  KEEP THE TABLE BELOW
000000r 2               ;   IN SYNC WITH THESE EQUATES.  If you reorder or insert keywords, renumber.
000000r 2               ; =============================================================================
000000r 2               
000000r 2               TOK_BASE        = $80
000000r 2               
000000r 2               TOK_END         = $80
000000r 2               TOK_FOR         = $81
000000r 2               TOK_NEXT        = $82
000000r 2               TOK_DATA        = $83
000000r 2               TOK_INPUT       = $84
000000r 2               TOK_DIM         = $85
000000r 2               TOK_READ        = $86
000000r 2               TOK_LET         = $87
000000r 2               TOK_GOTO        = $88
000000r 2               TOK_RUN         = $89
000000r 2               TOK_IF          = $8A
000000r 2               TOK_RESTORE     = $8B
000000r 2               TOK_GOSUB       = $8C
000000r 2               TOK_RETURN      = $8D
000000r 2               TOK_REM         = $8E
000000r 2               TOK_STOP        = $8F
000000r 2               TOK_ON          = $90
000000r 2               TOK_WAIT        = $91
000000r 2               TOK_LOAD        = $92
000000r 2               TOK_SAVE        = $93
000000r 2               TOK_DEF         = $94
000000r 2               TOK_POKE        = $95
000000r 2               TOK_PRINT       = $96
000000r 2               TOK_CONT        = $97
000000r 2               TOK_LIST        = $98
000000r 2               TOK_CLR         = $99
000000r 2               TOK_NEW         = $9A
000000r 2               TOK_TAB         = $9B
000000r 2               TOK_TO          = $9C
000000r 2               TOK_FN          = $9D
000000r 2               TOK_SPC         = $9E
000000r 2               TOK_THEN        = $9F
000000r 2               TOK_NOT         = $A0
000000r 2               TOK_STEP        = $A1
000000r 2               TOK_AND         = $A2
000000r 2               TOK_OR          = $A3
000000r 2               TOK_ELSE        = $A4
000000r 2               TOK_SYS         = $A5
000000r 2               TOK_DIR         = $A6
000000r 2               TOK_DEL         = $A7
000000r 2               TOK_CLS         = $A8
000000r 2               TOK_LOCATE      = $A9
000000r 2               TOK_COLOR       = $AA
000000r 2               TOK_SOUND       = $AB
000000r 2               TOK_VOL         = $AC
000000r 2               TOK_TIME        = $AD
000000r 2               TOK_DATE        = $AE
000000r 2               TOK_SETTIME     = $AF
000000r 2               TOK_SETDATE     = $B0
000000r 2               TOK_NVRAM       = $B1
000000r 2               TOK_PAUSE       = $B2
000000r 2               TOK_BANK        = $B3
000000r 2               TOK_SCREEN      = $B4           ; BRK in 1.x
000000r 2               TOK_MEM         = $B5
000000r 2               TOK_SGN         = $B6
000000r 2               TOK_INT         = $B7
000000r 2               TOK_ABS         = $B8
000000r 2               TOK_FRE         = $B9
000000r 2               TOK_POS         = $BA
000000r 2               TOK_SQR         = $BB
000000r 2               TOK_RND         = $BC
000000r 2               TOK_LOG         = $BD
000000r 2               TOK_EXP         = $BE
000000r 2               TOK_COS         = $BF
000000r 2               TOK_SIN         = $C0
000000r 2               TOK_TAN         = $C1
000000r 2               TOK_ATN         = $C2
000000r 2               TOK_PEEK        = $C3
000000r 2               TOK_LEN         = $C4
000000r 2               TOK_STRSTR      = $C5           ; STR$
000000r 2               TOK_VAL         = $C6
000000r 2               TOK_ASC         = $C7
000000r 2               TOK_CHRSTR      = $C8           ; CHR$
000000r 2               TOK_LEFTSTR     = $C9           ; LEFT$
000000r 2               TOK_RIGHTSTR    = $CA           ; RIGHT$
000000r 2               TOK_MIDSTR      = $CB           ; MID$
000000r 2               TOK_JOY         = $CC
000000r 2               TOK_INKEY       = $CD
000000r 2               TOK_HEX         = $CE
000000r 2               TOK_MIN         = $CF
000000r 2               TOK_MAX         = $D0
000000r 2               TOK_DISK        = $D1           ; select current CF disk bank
000000r 2               TOK_BLOAD       = $D2           ; binary load to address
000000r 2               TOK_BSAVE       = $D3           ; binary save from address
000000r 2               TOK_FORMAT      = $D4           ; erase current disk directory
000000r 2               ; 2.0: the PICOVDP and the save slots.  Statements run on from FORMAT, so one
000000r 2               ; BasExtAddrTbl covers $D1-$DF; the functions follow them.
000000r 2               TOK_VPOKE       = $D5
000000r 2               TOK_VREG        = $D6
000000r 2               TOK_PALETTE     = $D7
000000r 2               TOK_VSYNC       = $D8
000000r 2               TOK_VLOAD       = $D9
000000r 2               TOK_SPRITE      = $DA
000000r 2               TOK_SCROLL      = $DB
000000r 2               TOK_LAYER       = $DC
000000r 2               TOK_NVSAVE      = $DD
000000r 2               TOK_NVLOAD      = $DE
000000r 2               TOK_NVERASE     = $DF
000000r 2               TOK_VPEEK       = $E0
000000r 2               TOK_VSTAT       = $E1
000000r 2               TOK_NVSTAT      = $E2
000000r 2               TOK_NVFIND      = $E3
000000r 2               
000000r 2               ; =============================================================================
000000r 2               ;   E R R O R   C O D E S
000000r 2               ; =============================================================================
000000r 2               
000000r 2               ERR_SYNTAX      = 0
000000r 2               ERR_OVERFLOW    = 1
000000r 2               ERR_OUTOFMEM    = 2
000000r 2               ERR_UNDEFSTMT   = 3
000000r 2               ERR_BADSUBSCR   = 4
000000r 2               ERR_REDIM       = 5
000000r 2               ERR_DIVZERO     = 6
000000r 2               ERR_ILLDIRECT   = 7
000000r 2               ERR_TYPEMISM    = 8
000000r 2               ERR_LONGSTR     = 9
000000r 2               ERR_FORMULA     = 10
000000r 2               ERR_ILLQUAN     = 11
000000r 2               ERR_RG          = 12            ; RETURN without GOSUB
000000r 2               ERR_NF          = 13            ; NEXT without FOR
000000r 2               ERR_OD          = 14            ; OUT OF DATA
000000r 2               ERR_NODEV       = 15
000000r 2               ERR_CANTCONT    = 16
000000r 2               
000000r 2               ; Aliases used by ported msbasic code.
000000r 2               ERR_BADSUBS     = ERR_BADSUBSCR
000000r 2               ERR_REDIMD      = ERR_REDIM
000000r 2               ERR_FRMCPX      = ERR_FORMULA
000000r 2               ERR_MEMFULL     = ERR_OUTOFMEM
000000r 2               ERR_STRLONG     = ERR_LONGSTR
000000r 2               ERR_ILLQTY      = ERR_ILLQUAN
000000r 2               
000000r 2               ; Lowest stack pointer GOSUB may descend to before raising OUT OF MEMORY.
000000r 2               ; Matches msbasic's GETSTK arithmetic for a GOSUB frame: 3*2 bytes of frame
000000r 2               ; plus a $3E-byte margin left for the interpreter's own JSR nesting (FrmEvl
000000r 2               ; recursion in particular) once the subroutine is running.  Frames cost about
000000r 2               ; 8 bytes apiece with those returns interleaved, so this permits roughly 23
000000r 2               ; levels -- the same working depth as Commodore BASIC.
000000r 2               GOSUB_STACK_MIN = $44
000000r 2               
000000r 2               ; =============================================================================
000000r 2               ;   B A S E N T R Y   -   $C000
000000r 2               ;
000000r 2               ;   First byte of segment.  Reached from:
000000r 2               ;     * Kernal Reset, which clears BAS_WARM, so every reset is a cold start
000000r 2               ;     * Kernal Break, after a BRK instruction (warm re-entry)
000000r 2               ;     * Wozmon's C000R (warm re-entry)
000000r 2               ;
000000r 2               ;   Cold-vs-warm detection: BAS_WARM holds $A5 once cold init has run.
000000r 2               ;   Re-entry skips the header and goes straight to the OK prompt.
000000r 2               ; =============================================================================
000000r 2               
000000r 2               BasEntry:
000000r 2  A2 FF                ldx     #$FF                    ; reset stack on (re)entry
000002r 2  9A                   txs
000003r 2  8E 75 03             stx     BAS_STKBASE             ; nothing suspended: the READY loop's
000006r 2                                                       ;   baseline is the empty stack
000006r 2  D8                   cld
000007r 2               
000007r 2  AD 6F 03             lda     BAS_WARM
00000Ar 2  C9 A5                cmp     #$A5
00000Cr 2  F0 08                beq     @Warm
00000Er 2               
00000Er 2  20 rr rr             jsr     BasColdInit
000011r 2  20 rr rr             jsr     BasBanner
000014r 2  80 2A                bra     BasReadyLoop
000016r 2               
000016r 2               @Warm:
000016r 2                       ; Warm restart - skip the header; the OK printer will lead with CRLF.
000016r 2                       ; Whatever was running is abandoned, as after an error: back to direct
000016r 2                       ; mode, with nothing for CONT to resume (it tests OLDTEXT's high byte).
000016r 2  A9 FF                lda     #$FF
000018r 2  8D 69 03             sta     BAS_CURLIN
00001Br 2  8D 6A 03             sta     BAS_CURLIN+1
00001Er 2  9C 6E 03             stz     BAS_OLDTEXT+1
000021r 2                       ; A loader outside BASIC may have dropped a new image at $0800 since we
000021r 2                       ; were last here, and said how long it is in PRG_IMAGE_END (see
000021r 2                       ; ProgramEnd).  Adopt it: the old variables describe a program that no
000021r 2                       ; longer exists, so ARYTAB/STREND follow VARTAB exactly as they would on
000021r 2                       ; a fresh LOAD.
000021r 2  AD 8E 03             lda     PRG_IMAGE_END
000024r 2  0D 8F 03             ora     PRG_IMAGE_END+1
000027r 2  F0 17                beq     BasReadyLoop
000029r 2  20 rr rr             jsr     ProgramEnd
00002Cr 2  8D 5F 03             sta     BAS_VARTAB
00002Fr 2  8C 60 03             sty     BAS_VARTAB+1
000032r 2  A2 01                ldx     #1
000034r 2               @adopt:
000034r 2  BD 5F 03             lda     BAS_VARTAB,x
000037r 2  9D 61 03             sta     BAS_ARYTAB,x
00003Ar 2  9D 63 03             sta     BAS_STREND,x
00003Dr 2  CA                   dex
00003Er 2  10 F4                bpl     @adopt
000040r 2               
000040r 2               ; -----------------------------------------------------------------------------
000040r 2               ; BasReadyLoop - REPL: print OK, read a line, dispatch.
000040r 2               ; -----------------------------------------------------------------------------
000040r 2               BasReadyLoop:
000040r 2  20 rr rr             jsr     BasTextConsole          ; the prompt needs the Text console
000043r 2  20 rr rr             jsr     BasPrintOK
000046r 2               @nextline:
000046r 2  20 rr rr             jsr     BasReadLine             ; fills BAS_LINBUF, NUL-terminated
000049r 2  20 rr rr             jsr     BasProcessLine
00004Cr 2  80 F8                bra     @nextline
00004Er 2               
00004Er 2               ; =============================================================================
00004Er 2               ;   B a s C o l d I n i t
00004Er 2               ; =============================================================================
00004Er 2               ; Initialise BASIC runtime variables.  Called once on first entry.
00004Er 2               ; =============================================================================
00004Er 2               BasColdInit:
00004Er 2                       ; ---------------------------------------------------------------------
00004Er 2                       ; Zero the BASIC-owned zero-page workspace first.  On a cold boot RAM
00004Er 2                       ; holds random power-up values, and the inlined MSBASIC math/parse code
00004Er 2                       ; treats several scratch cells as invariant-zero (e.g. SHIFTSIGNEXT,
00004Er 2                       ; FACEXTENSION, ARGEXTENSION) — they are only written on certain code
00004Er 2                       ; paths and assumed already 0 otherwise.  A random value in any of them
00004Er 2                       ; corrupts results; this is what produced the bogus "84405.0911 BYTES
00004Er 2                       ; FREE" banner on real hardware.  Clearing the whole region up front
00004Er 2                       ; eliminates this entire class of uninitialised-read bugs.  The two
00004Er 2                       ; ranges are the BASIC primary workspace ($04-$23) and the FP / var /
00004Er 2                       ; array / string spill ($3A-$85); $24-$39 is Kernal-reserved and left
00004Er 2                       ; untouched.  Specific non-zero values (CURLIN, TEMPPT, RND seed, etc.)
00004Er 2                       ; are written further down, after this clear.
00004Er 2  A9 00                lda     #0
000050r 2  A2 04                ldx     #BAS_TXTPTR             ; $04..$23
000052r 2               @ClrZpLo:
000052r 2  95 00                sta     ZP,x
000054r 2  E8                   inx
000055r 2  E0 24                cpx     #BAS_DEST+2
000057r 2  D0 F9                bne     @ClrZpLo
000059r 2  A2 3A                ldx     #BAS_TMP1               ; $3A..$85
00005Br 2               @ClrZpHi:
00005Br 2  95 00                sta     ZP,x
00005Dr 2  E8                   inx
00005Er 2  E0 86                cpx     #BAS_FRESPC+2
000060r 2  D0 F9                bne     @ClrZpHi
000062r 2               
000062r 2                       ; TXTTAB / MEMSIZ are constants for our memory map.
000062r 2  A9 00                lda     #<BAS_PRG_START
000064r 2  8D 5D 03             sta     BAS_TXTTAB
000067r 2  A9 08                lda     #>BAS_PRG_START
000069r 2  8D 5E 03             sta     BAS_TXTTAB+1
00006Cr 2               
00006Cr 2  A9 00                lda     #<$8000
00006Er 2  8D 67 03             sta     BAS_MEMSIZ
000071r 2  A9 80                lda     #>$8000
000073r 2  8D 68 03             sta     BAS_MEMSIZ+1
000076r 2               
000076r 2                       ; Where does the program already sitting at $0800 end?  The Kernal owns
000076r 2                       ; this: it prefers a byte count recorded by a loader outside BASIC (so a
000076r 2                       ; .prg it placed keeps its machine code), falls back to a chain
000076r 2                       ; walk, and installs an empty program if there is nothing usable.
000076r 2  20 rr rr             jsr     ProgramEnd
000079r 2  8D 5F 03             sta     BAS_VARTAB
00007Cr 2  8C 60 03             sty     BAS_VARTAB+1
00007Fr 2               
00007Fr 2                       ; ARYTAB = STREND = VARTAB; FRETOP = MEMSIZ.
00007Fr 2  AD 5F 03             lda     BAS_VARTAB
000082r 2  8D 61 03             sta     BAS_ARYTAB
000085r 2  8D 63 03             sta     BAS_STREND
000088r 2  AD 60 03             lda     BAS_VARTAB+1
00008Br 2  8D 62 03             sta     BAS_ARYTAB+1
00008Er 2  8D 64 03             sta     BAS_STREND+1
000091r 2  AD 67 03             lda     BAS_MEMSIZ
000094r 2  8D 65 03             sta     BAS_FRETOP
000097r 2  AD 68 03             lda     BAS_MEMSIZ+1
00009Ar 2  8D 66 03             sta     BAS_FRETOP+1
00009Dr 2               
00009Dr 2                       ; CURLIN = $FFFF (direct mode marker).
00009Dr 2  A9 FF                lda     #$FF
00009Fr 2  8D 69 03             sta     BAS_CURLIN
0000A2r 2  8D 6A 03             sta     BAS_CURLIN+1
0000A5r 2               
0000A5r 2                       ; Clear CONT state and pending-key.
0000A5r 2  9C 6B 03             stz     BAS_OLDLIN
0000A8r 2  9C 6C 03             stz     BAS_OLDLIN+1
0000ABr 2  9C 6D 03             stz     BAS_OLDTEXT
0000AEr 2  9C 6E 03             stz     BAS_OLDTEXT+1
0000B1r 2  9C 1A 03             stz     BAS_DATAPTR
0000B4r 2  9C 1B 03             stz     BAS_DATAPTR+1
0000B7r 2  9C 1C 03             stz     BAS_STOPLINE
0000BAr 2  9C 1D 03             stz     BAS_STOPLINE+1
0000BDr 2  9C 1E 03             stz     BAS_STOPTXT
0000C0r 2  9C 1F 03             stz     BAS_STOPTXT+1
0000C3r 2  9C 0E 03             stz     BAS_PENDKEY
0000C6r 2  9C 70 03             stz     BAS_POSX                ; PRINT column counter (non-ZP)
0000C9r 2               
0000C9r 2                       ; ZP runtime flags (QUOTEFLG, DIMFLG, VALTYP, DATAFLG, SUBFLG,
0000C9r 2                       ; INPUTFLG, SHIFTSIGNEXT, ...) are already zeroed by the cold-init
0000C9r 2                       ; clear loop above; only non-zero / non-ZP state is set here.
0000C9r 2               
0000C9r 2                       ; Temp-string descriptor stack: TEMPPT = TEMPST.
0000C9r 2  A9 6E                lda     #BAS_TEMPST
0000CBr 2  85 6B                sta     BAS_TEMPPT
0000CDr 2               
0000CDr 2                       ; Initialise Rnd seed from the embedded constant.
0000CDr 2  A2 04                ldx     #4
0000CFr 2               @SeedCopy:
0000CFr 2  BD rr rr             lda     RndSeedInit,x
0000D2r 2  95 5C                sta     RNDSEED,x
0000D4r 2  CA                   dex
0000D5r 2  10 F8                bpl     @SeedCopy
0000D7r 2               
0000D7r 2                       ; Mark warm-start magic.
0000D7r 2  A9 A5                lda     #$A5
0000D9r 2  8D 6F 03             sta     BAS_WARM
0000DCr 2  60                   rts
0000DDr 2               
0000DDr 2               ; =============================================================================
0000DDr 2               ;   B a s B a n n e r
0000DDr 2               ; =============================================================================
0000DDr 2               BasBanner:
0000DDr 2  20 rr rr             jsr     VideoClear              ; a fresh screen (does nothing without video)
0000E0r 2  20 rr rr             jsr     BasPrintCRLF
0000E3r 2  20 rr rr             jsr     BasLogo                 ; on a video console only
0000E6r 2  A9 rr                lda     #<MsgHeader
0000E8r 2  A0 rr                ldy     #>MsgHeader
0000EAr 2  20 rr rr             jsr     BasPrintStr
0000EDr 2  A9 rr                lda     #<MsgBasicV2
0000EFr 2  A0 rr                ldy     #>MsgBasicV2
0000F1r 2  20 rr rr             jsr     BasPrintStr
0000F4r 2                       ; Print "BASIC v2.0 <n> BYTES FREE" line.
0000F4r 2  38                   sec
0000F5r 2  AD 67 03             lda     BAS_MEMSIZ
0000F8r 2  ED 5F 03             sbc     BAS_VARTAB
0000FBr 2  A8                   tay
0000FCr 2  AD 68 03             lda     BAS_MEMSIZ+1
0000FFr 2  ED 60 03             sbc     BAS_VARTAB+1
000102r 2  20 rr rr             jsr     GivAyf
000105r 2                       ; Print the byte count: Fout always emits a leading sign character
000105r 2                       ; (' ' for positive, '-' for negative).  For the header we skip that
000105r 2                       ; leading space, so one space, MsgBasicV2's, separates the number
000105r 2                       ; from "BASIC v2.0".
000105r 2  20 rr rr             jsr     Fout                    ; (Y,A) -> NUL-terminated buffer
000108r 2  85 20                sta     INDEX
00010Ar 2  84 21                sty     INDEX+1
00010Cr 2  A0 00                ldy     #0
00010Er 2  B1 20                lda     (INDEX),y
000110r 2  C9 20                cmp     #' '
000112r 2  D0 01                bne     @bnLoop
000114r 2  C8                   iny                             ; skip the positive-sign space
000115r 2               @bnLoop:
000115r 2  B1 20                lda     (INDEX),y
000117r 2  F0 06                beq     @bnDone
000119r 2  20 rr rr             jsr     PrintCh
00011Cr 2  C8                   iny
00011Dr 2  D0 F6                bne     @bnLoop
00011Fr 2               @bnDone:
00011Fr 2  A9 rr                lda     #<MsgBytesFreeNL
000121r 2  A0 rr                ldy     #>MsgBytesFreeNL
000123r 2  20 rr rr             jsr     BasPrintStr
000126r 2                       ; The fitted cards, in HW_PRESENT's bit order, one space between names.
000126r 2                       ; Either RAM card prints RAM, so RAM_L is folded into RAM_H's bit and
000126r 2                       ; the seven that remain are shifted out in step with HwNames.
000126r 2  AD 0D 03             lda     HW_PRESENT
000129r 2  4A                   lsr     a                       ; C = RAM_L; bit 0 is now RAM_H
00012Ar 2  90 02                bcc     @hwStart
00012Cr 2  09 01                ora     #$01
00012Er 2               @hwStart:
00012Er 2  A2 00                ldx     #0                      ; X = index into HwNames
000130r 2  A0 00                ldy     #0                      ; Y = 0 until a name has been printed
000132r 2               @hwBit:
000132r 2  4A                   lsr     a                       ; C = this card
000133r 2  48                   pha
000134r 2  90 15                bcc     @hwSkip
000136r 2  98                   tya
000137r 2  F0 05                beq     @hwName
000139r 2  A9 20                lda     #' '
00013Br 2  20 rr rr             jsr     Chrout                  ; Chrout keeps X and Y
00013Er 2               @hwName:
00013Er 2  A0 01                ldy     #1
000140r 2               @hwChar:
000140r 2  E8                   inx
000141r 2  BD rr rr             lda     HwNames-1,x
000144r 2  F0 0B                beq     @hwNext
000146r 2  20 rr rr             jsr     Chrout
000149r 2  80 F5                bra     @hwChar
00014Br 2               @hwSkip:
00014Br 2  E8                   inx
00014Cr 2  BD rr rr             lda     HwNames-1,x
00014Fr 2  D0 FA                bne     @hwSkip
000151r 2               @hwNext:
000151r 2  68                   pla                             ; the cards not yet shifted out
000152r 2  D0 DE                bne     @hwBit
000154r 2  4C rr rr             jmp     BasPrintCRLF
000157r 2               
000157r 2               HwNames:
000157r 2  52 41 4D 00          .byte   "RAM",0,"RTC",0,"CF",0,"SER",0,"VIA",0,"SID",0,"VDP",0
00015Br 2  52 54 43 00  
00015Fr 2  43 46 00 53  
000172r 2               
000172r 2               ; =============================================================================
000172r 2               ;   B a s L o g o
000172r 2               ; =============================================================================
000172r 2               ; The colour "AC6502" above the header, on a video console only: four rows of
000172r 2               ; half-block letters and digits, 23 columns centred in 40, each row in its own
000172r 2               ; colour from palette row 0 on the pen's background, then a blank line.  The
000172r 2               ; pen is put back afterwards.
000172r 2               ;
000172r 2               ; LogoRle, a row at a time: a foreground colour (1-15), then runs of
000172r 2               ; (character index << 6) | count (count 1-63), then $00 to end the row.  A
000172r 2               ; colour of $00 ends the table.  The indices are LogoChars'.
000172r 2               BasLogo:
000172r 2  AD 06 03             lda     IO_MODE
000175r 2  4A                   lsr     a                       ; bit 0: 1 = serial
000176r 2  B0 4A                bcs     @done
000178r 2  2C 0D 03             bit     HW_PRESENT              ; HW_VID is bit 7
00017Br 2  10 45                bpl     @done
00017Dr 2  AD 91 03             lda     VID_PEN
000180r 2  48                   pha
000181r 2  A2 00                ldx     #0
000183r 2               @row:
000183r 2  BD rr rr             lda     LogoRle,x
000186r 2  F0 33                beq     @end
000188r 2  E8                   inx
000189r 2  0A                   asl     a                       ; the band's colour as foreground
00018Ar 2  0A                   asl     a
00018Br 2  0A                   asl     a
00018Cr 2  0A                   asl     a
00018Dr 2  85 20                sta     INDEX
00018Fr 2  68                   pla
000190r 2  48                   pha
000191r 2  29 0F                and     #$0F                    ; on the pen's background
000193r 2  05 20                ora     INDEX
000195r 2  20 rr rr             jsr     VideoSetColor           ; keeps X and Y
000198r 2               @run:
000198r 2  BD rr rr             lda     LogoRle,x
00019Br 2  E8                   inx
00019Cr 2  A8                   tay
00019Dr 2  F0 17                beq     @eol
00019Fr 2  29 3F                and     #$3F
0001A1r 2  85 20                sta     INDEX                   ; the count
0001A3r 2  98                   tya
0001A4r 2  2A                   rol     a                       ; b7:6 round into b1:0
0001A5r 2  2A                   rol     a
0001A6r 2  2A                   rol     a
0001A7r 2  29 03                and     #$03
0001A9r 2  A8                   tay
0001AAr 2  B9 rr rr             lda     LogoChars,y
0001ADr 2               @char:
0001ADr 2  20 rr rr             jsr     VideoChroutRaw          ; keeps A, X and Y
0001B0r 2  C6 20                dec     INDEX
0001B2r 2  D0 F9                bne     @char
0001B4r 2  80 E2                bra     @run
0001B6r 2               @eol:
0001B6r 2  20 rr rr             jsr     BasPrintCRLF            ; Chrout keeps X
0001B9r 2  80 C8                bra     @row
0001BBr 2               @end:
0001BBr 2  68                   pla
0001BCr 2  20 rr rr             jsr     VideoSetColor
0001BFr 2  4C rr rr             jmp     BasPrintCRLF
0001C2r 2               @done:
0001C2r 2  60                   rts
0001C3r 2               
0001C3r 2               LogoChars:
0001C3r 2  20 DB DC DF          .byte   ' ', $DB, $DC, $DF      ; space, full block, lower half, upper half
0001C7r 2               LogoRle:
0001C7r 2  06 08 41 C1          .byte   $06,$08,$41,$C1,$41,$01,$41,$C2,$01,$41,$C2,$01,$41,$C2,$01,$41,$C1,$41,$01,$C2,$41,$00 ; █▀█ █▀▀ █▀▀ █▀▀ █▀█ ▀▀█  dark red
0001CBr 2  41 01 41 C2  
0001CFr 2  01 41 C2 01  
0001DDr 2  08 08 41 81          .byte   $08,$08,$41,$81,$41,$01,$41,$03,$41,$82,$01,$41,$82,$01,$41,$01,$41,$01,$82,$41,$00     ; █▄█ █   █▄▄ █▄▄ █ █ ▄▄█  medium red
0001E1r 2  41 01 41 03  
0001E5r 2  41 82 01 41  
0001F2r 2  0A 08 41 01          .byte   $0A,$08,$41,$01,$41,$01,$41,$03,$41,$01,$41,$03,$41,$01,$41,$01,$41,$01,$41,$00         ; █ █ █   █ █   █ █ █ █    dark yellow
0001F6r 2  41 01 41 03  
0001FAr 2  41 01 41 03  
000206r 2  02 08 41 01          .byte   $02,$08,$41,$01,$41,$01,$41,$82,$01,$41,$81,$41,$01,$82,$41,$01,$41,$81,$41,$01,$41,$82,$00 ; █ █ █▄▄ █▄█ ▄▄█ █▄█ █▄▄  medium green
00020Ar 2  41 01 41 82  
00020Er 2  01 41 81 41  
00021Dr 2  00                   .byte   $00
00021Er 2               
00021Er 2               ; =============================================================================
00021Er 2               ;   B a s P r i n t O K
00021Er 2               ; =============================================================================
00021Er 2               BasPrintOK:
00021Er 2  20 rr rr             jsr     BasPrintCRLF
000221r 2  A9 rr                lda     #<MsgOK
000223r 2  A0 rr                ldy     #>MsgOK
000225r 2  4C rr rr             jmp     BasPrintStr
000228r 2               
000228r 2               ; =============================================================================
000228r 2               ;   B a s P r i n t S t r  /  B a s P r i n t C R L F
000228r 2               ; =============================================================================
000228r 2               ; These were promoted to the KERNAL jump table as PrintStr ($A090) and
000228r 2               ; PrintCRLF ($A093) so cartridges can reuse them and the KERNAL no longer
000228r 2               ; depends on BASIC-segment code.  Keep the old BASIC names as aliases so the
000228r 2               ; existing call sites (and A=lo/Y=hi convention) are unchanged.
000228r 2               BasPrintStr     := PrintStr
000228r 2               BasPrintCRLF    := PrintCRLF
000228r 2               
000228r 2               ; =============================================================================
000228r 2               ;   B a s R e a d L i n e
000228r 2               ; =============================================================================
000228r 2               ; Read a line of input into BAS_LINBUF, NUL-terminated.  Echoes characters
000228r 2               ; manually (does not use Chrin's auto-echo).  Supports CR, BS ($08), ESC
000228r 2               ; ($1B = cancel and restart line).  Caps stored length at BAS_LINBUF_MAX
000228r 2               ; (extra characters are silently dropped from the buffer but still echoed
000228r 2               ; -- acceptable truncation behavior).
000228r 2               ;
000228r 2               ; Output : BAS_LINBUF holds the raw line, terminated with $00.
000228r 2               ; =============================================================================
000228r 2               BasReadLine:
000228r 2  A0 00                ldy     #0
00022Ar 2               @Loop:
00022Ar 2  20 rr rr             jsr     BasReadKey              ; A = next key, blocking
00022Dr 2  C9 0D                cmp     #$0D
00022Fr 2  F0 30                beq     @Done
000231r 2  C9 08                cmp     #$08
000233r 2  F0 19                beq     @Backspace
000235r 2  C9 1B                cmp     #$1B
000237r 2  F0 21                beq     @Cancel
000239r 2  C9 20                cmp     #$20                    ; reject control codes below space
00023Br 2  90 ED                bcc     @Loop
00023Dr 2  C9 7F                cmp     #$7F                    ; reject DEL and 8-bit
00023Fr 2  B0 E9                bcs     @Loop
000241r 2                       ; Printable - store and echo.
000241r 2  C0 C8                cpy     #BAS_LINBUF_MAX
000243r 2  B0 E5                bcs     @Loop                   ; full - drop quietly
000245r 2  99 00 04             sta     BAS_LINBUF,y
000248r 2  C8                   iny
000249r 2  20 rr rr             jsr     Chrout
00024Cr 2  80 DC                bra     @Loop
00024Er 2               
00024Er 2               @Backspace:
00024Er 2  C0 00                cpy     #0
000250r 2  F0 D8                beq     @Loop                   ; nothing to erase
000252r 2  88                   dey
000253r 2  A9 08                lda     #$08                    ; video / serial driver erases on BS
000255r 2  20 rr rr             jsr     Chrout
000258r 2  80 D0                bra     @Loop
00025Ar 2               
00025Ar 2               @Cancel:
00025Ar 2  20 rr rr             jsr     BasPrintCRLF
00025Dr 2  A0 00                ldy     #0
00025Fr 2  80 C9                bra     @Loop
000261r 2               
000261r 2               @Done:
000261r 2  A9 00                lda     #0
000263r 2  99 00 04             sta     BAS_LINBUF,y
000266r 2  20 rr rr             jsr     BasPrintCRLF
000269r 2  60                   rts
00026Ar 2               
00026Ar 2               ; =============================================================================
00026Ar 2               ;   B a s R e a d K e y
00026Ar 2               ; =============================================================================
00026Ar 2               ; Spin until a key is available in the input buffer; return it in A
00026Ar 2               ; (no echo).
00026Ar 2               ; =============================================================================
00026Ar 2               BasReadKey:
00026Ar 2               @Wait:
00026Ar 2  20 rr rr             jsr     BufferSize
00026Dr 2  F0 FB                beq     @Wait
00026Fr 2  4C rr rr             jmp     ReadBuffer              ; tail-call: returns A=byte
000272r 2               
000272r 2               ; =============================================================================
000272r 2               ;   B a s P r o c e s s L i n e
000272r 2               ; =============================================================================
000272r 2               ; Triage BAS_LINBUF after reading: empty, numbered (insert/replace/delete),
000272r 2               ; or immediate command.
000272r 2               ; =============================================================================
000272r 2               BasProcessLine:
000272r 2  A2 00                ldx     #0
000274r 2               @SkipSpaces:
000274r 2  BD 00 04             lda     BAS_LINBUF,x
000277r 2  F0 07                beq     @Empty
000279r 2  C9 20                cmp     #' '
00027Br 2  D0 04                bne     @HasContent
00027Dr 2  E8                   inx
00027Er 2  80 F4                bra     @SkipSpaces
000280r 2               @Empty:
000280r 2  60                   rts                             ; nothing to do; caller will reprompt
000281r 2               
000281r 2               @HasContent:
000281r 2  C9 30                cmp     #'0'
000283r 2  90 1A                bcc     @Immediate
000285r 2  C9 3A                cmp     #'9'+1
000287r 2  B0 16                bcs     @Immediate
000289r 2               
000289r 2               ; --- Numbered line -----------------------------------------------------------
000289r 2  20 rr rr             jsr     BasParseLineNum         ; consumes digits at BAS_LINBUF+X
00028Cr 2                       ; X now points to first non-digit; allow exactly one optional space.
00028Cr 2  BD 00 04             lda     BAS_LINBUF,x
00028Fr 2  C9 20                cmp     #' '
000291r 2  D0 01                bne     @TokenizeRest
000293r 2  E8                   inx
000294r 2               @TokenizeRest:
000294r 2  20 rr rr             jsr     BasCrunch               ; tokenize from BAS_LINBUF+X to BAS_TOKBUF
000297r 2  B0 03                bcs     @StoreLine              ; carry set = success
000299r 2  4C rr rr             jmp     BasErrSyntax
00029Cr 2               
00029Cr 2               @StoreLine:
00029Cr 2  4C rr rr             jmp     BasStoreLine            ; insert/replace/delete by line number
00029Fr 2               
00029Fr 2               @Immediate:
00029Fr 2                       ; Immediate (no line number) - tokenize whole line and dispatch.
00029Fr 2  A2 00                ldx     #0
0002A1r 2  20 rr rr             jsr     BasCrunch
0002A4r 2  B0 03                bcs     @ImmDispatch
0002A6r 2  4C rr rr             jmp     BasErrSyntax
0002A9r 2               @ImmDispatch:
0002A9r 2  20 rr rr             jsr     BasDispatchImmediate
0002ACr 2  4C rr rr             jmp     BasPrintOK              ; MS BASIC: OK only after immediate
0002AFr 2               
0002AFr 2               ; =============================================================================
0002AFr 2               ;   B a s P a r s e L i n e N u m
0002AFr 2               ; =============================================================================
0002AFr 2               ; Parse decimal digits at BAS_LINBUF,X into BAS_LINNUM (16-bit).
0002AFr 2               ; X advances past the digits.  Saturates at $FFFF on overflow.
0002AFr 2               ; =============================================================================
0002AFr 2               BasParseLineNum:
0002AFr 2  64 08                stz     BAS_LINNUM
0002B1r 2  64 09                stz     BAS_LINNUM+1
0002B3r 2               @Loop:
0002B3r 2  BD 00 04             lda     BAS_LINBUF,x
0002B6r 2  C9 30                cmp     #'0'
0002B8r 2  90 35                bcc     @Done
0002BAr 2  C9 3A                cmp     #'9'+1
0002BCr 2  B0 31                bcs     @Done
0002BEr 2                       ; Multiply LINNUM by 10.
0002BEr 2  48                   pha
0002BFr 2  06 08                asl     BAS_LINNUM              ; *2
0002C1r 2  26 09                rol     BAS_LINNUM+1
0002C3r 2  A5 08                lda     BAS_LINNUM
0002C5r 2  85 3A                sta     BAS_TMP1
0002C7r 2  A5 09                lda     BAS_LINNUM+1
0002C9r 2  85 3B                sta     BAS_TMP1+1
0002CBr 2  06 08                asl     BAS_LINNUM              ; *4
0002CDr 2  26 09                rol     BAS_LINNUM+1
0002CFr 2  06 08                asl     BAS_LINNUM              ; *8
0002D1r 2  26 09                rol     BAS_LINNUM+1
0002D3r 2  18                   clc                             ; *8 + *2 = *10
0002D4r 2  A5 08                lda     BAS_LINNUM
0002D6r 2  65 3A                adc     BAS_TMP1
0002D8r 2  85 08                sta     BAS_LINNUM
0002DAr 2  A5 09                lda     BAS_LINNUM+1
0002DCr 2  65 3B                adc     BAS_TMP1+1
0002DEr 2  85 09                sta     BAS_LINNUM+1
0002E0r 2                       ; Add digit value.
0002E0r 2  68                   pla
0002E1r 2  29 0F                and     #$0F
0002E3r 2  18                   clc
0002E4r 2  65 08                adc     BAS_LINNUM
0002E6r 2  85 08                sta     BAS_LINNUM
0002E8r 2  90 02                bcc     @NoCarry
0002EAr 2  E6 09                inc     BAS_LINNUM+1
0002ECr 2               @NoCarry:
0002ECr 2  E8                   inx
0002EDr 2  80 C4                bra     @Loop
0002EFr 2               @Done:
0002EFr 2  60                   rts
0002F0r 2               
0002F0r 2               ; =============================================================================
0002F0r 2               ;   B a s C r u n c h
0002F0r 2               ; =============================================================================
0002F0r 2               ; Tokenize BAS_LINBUF starting at offset X into BAS_TOKBUF.
0002F0r 2               ;
0002F0r 2               ; Tokenization rules:
0002F0r 2               ;   - Outside quoted strings, lowercase a-z are folded to uppercase.
0002F0r 2               ;   - Outside quoted strings, alphabetic runs are matched against the
0002F0r 2               ;     keyword table; on a match the token byte is emitted in place of the
0002F0r 2               ;     keyword characters.
0002F0r 2               ;   - Inside double quotes, characters are copied verbatim until the
0002F0r 2               ;     closing quote (or end of line).
0002F0r 2               ;   - After a REM token, the rest of the line is copied verbatim.
0002F0r 2               ;   - Disallowed punctuation (@, &, [, ], {, }, |, \, `, ~) raises
0002F0r 2               ;     ?SYNTAX ERROR via carry-clear return.
0002F0r 2               ;
0002F0r 2               ; Output : BAS_TOKBUF holds the tokenized line, NUL-terminated.
0002F0r 2               ; Returns: carry SET on success, carry CLEAR on syntax error.
0002F0r 2               ; Clobbers: A, X, Y, BAS_TMP1/TMP2/TMP3.
0002F0r 2               ; =============================================================================
0002F0r 2               BasCrunch:
0002F0r 2                       ; X = src index, Y = dst index
0002F0r 2  A0 00                ldy     #0
0002F2r 2  64 41                stz     BAS_QUOTEFLG
0002F4r 2               @Scan:
0002F4r 2  C0 FA                cpy     #BAS_TOKBUF_MAX
0002F6r 2  B0 0A                bcs     @Overflow
0002F8r 2  BD 00 04             lda     BAS_LINBUF,x
0002FBr 2  D0 07                bne     @NotEnd
0002FDr 2                       ; End of input.
0002FDr 2  99 00 05             sta     BAS_TOKBUF,y            ; A=0
000300r 2  38                   sec
000301r 2  60                   rts
000302r 2               @Overflow:
000302r 2                       ; Tokenized line too long; treat as syntax error.
000302r 2  18                   clc
000303r 2  60                   rts
000304r 2               
000304r 2               @NotEnd:
000304r 2  C9 22                cmp     #'"'
000306r 2  F0 56                beq     @Quote
000308r 2                       ; Lowercase to uppercase outside quotes.
000308r 2  C9 61                cmp     #'a'
00030Ar 2  90 06                bcc     @CheckAlpha
00030Cr 2  C9 7B                cmp     #'z'+1
00030Er 2  B0 02                bcs     @CheckAlpha
000310r 2  29 DF                and     #$DF
000312r 2               @CheckAlpha:
000312r 2                       ; Alphabetic? Try keyword match.
000312r 2  C9 41                cmp     #'A'
000314r 2  90 3A                bcc     @NotAlpha
000316r 2  C9 5B                cmp     #'Z'+1
000318r 2  B0 36                bcs     @NotAlpha
00031Ar 2                       ; Alpha - try matching a keyword starting at BAS_LINBUF,x.
00031Ar 2  20 rr rr             jsr     BasMatchKeyword         ; returns C set (A=token, X advanced) or C clear
00031Dr 2  90 1D                bcc     @CopyAlpha
00031Fr 2                       ; Match: emit token byte.
00031Fr 2  99 00 05             sta     BAS_TOKBUF,y
000322r 2  C8                   iny
000323r 2  C9 8E                cmp     #TOK_REM
000325r 2  D0 CD                bne     @Scan
000327r 2                       ; After REM: copy the remainder verbatim.
000327r 2               @RemCopy:
000327r 2  C0 FA                cpy     #BAS_TOKBUF_MAX
000329r 2  B0 D7                bcs     @Overflow
00032Br 2  BD 00 04             lda     BAS_LINBUF,x
00032Er 2  F0 07                beq     @TermAndExit
000330r 2  99 00 05             sta     BAS_TOKBUF,y
000333r 2  C8                   iny
000334r 2  E8                   inx
000335r 2  80 F0                bra     @RemCopy
000337r 2               @TermAndExit:
000337r 2  99 00 05             sta     BAS_TOKBUF,y            ; A=0
00033Ar 2  38                   sec
00033Br 2  60                   rts
00033Cr 2               
00033Cr 2               @CopyAlpha:
00033Cr 2                       ; No keyword match - copy a single alpha char (re-uppercase here, since
00033Cr 2                       ; BasMatchKeyword returns the original LINBUF byte).
00033Cr 2  BD 00 04             lda     BAS_LINBUF,x
00033Fr 2  C9 61                cmp     #'a'
000341r 2  90 06                bcc     @CASto
000343r 2  C9 7B                cmp     #'z'+1
000345r 2  B0 02                bcs     @CASto
000347r 2  29 DF                and     #$DF
000349r 2               @CASto:
000349r 2  99 00 05             sta     BAS_TOKBUF,y
00034Cr 2  C8                   iny
00034Dr 2  E8                   inx
00034Er 2  80 A4                bra     @Scan
000350r 2               
000350r 2               @NotAlpha:
000350r 2                       ; Punctuation / digit / space.  Validate against the disallowed set.
000350r 2  20 rr rr             jsr     BasValidPunct
000353r 2  90 07                bcc     @SyntaxFail
000355r 2  99 00 05             sta     BAS_TOKBUF,y
000358r 2  C8                   iny
000359r 2  E8                   inx
00035Ar 2  80 98                bra     @Scan
00035Cr 2               @SyntaxFail:
00035Cr 2  18                   clc
00035Dr 2  60                   rts
00035Er 2               
00035Er 2               @Quote:
00035Er 2                       ; Copy opening quote, then everything up to closing quote (or end).
00035Er 2  99 00 05             sta     BAS_TOKBUF,y
000361r 2  C8                   iny
000362r 2  E8                   inx
000363r 2               @QuoteLoop:
000363r 2  C0 FA                cpy     #BAS_TOKBUF_MAX
000365r 2  B0 9B                bcs     @Overflow
000367r 2  BD 00 04             lda     BAS_LINBUF,x
00036Ar 2  F0 CB                beq     @TermAndExit
00036Cr 2  99 00 05             sta     BAS_TOKBUF,y
00036Fr 2  C8                   iny
000370r 2  E8                   inx
000371r 2  C9 22                cmp     #'"'
000373r 2  D0 EE                bne     @QuoteLoop
000375r 2  4C rr rr             jmp     @Scan
000378r 2               
000378r 2               ; =============================================================================
000378r 2               ;   B a s V a l i d P u n c t
000378r 2               ; =============================================================================
000378r 2               ; Verify A is an acceptable non-keyword character.
000378r 2               ; Carry SET = OK, carry CLEAR = illegal.
000378r 2               ; Allowed: anything in $20-$7E EXCEPT @, &, [, ], {, }, |, \, `, ~.
000378r 2               ; =============================================================================
000378r 2               BasValidPunct:
000378r 2  C9 40                cmp     #'@'
00037Ar 2  F0 26                beq     @Bad
00037Cr 2  C9 26                cmp     #'&'
00037Er 2  F0 22                beq     @Bad
000380r 2  C9 5B                cmp     #'['
000382r 2  F0 1E                beq     @Bad
000384r 2  C9 5D                cmp     #']'
000386r 2  F0 1A                beq     @Bad
000388r 2  C9 7B                cmp     #'{'
00038Ar 2  F0 16                beq     @Bad
00038Cr 2  C9 7D                cmp     #'}'
00038Er 2  F0 12                beq     @Bad
000390r 2  C9 7C                cmp     #'|'
000392r 2  F0 0E                beq     @Bad
000394r 2  C9 5C                cmp     #'\'
000396r 2  F0 0A                beq     @Bad
000398r 2  C9 60                cmp     #'`'
00039Ar 2  F0 06                beq     @Bad
00039Cr 2  C9 7E                cmp     #'~'
00039Er 2  F0 02                beq     @Bad
0003A0r 2  38                   sec
0003A1r 2  60                   rts
0003A2r 2               @Bad:
0003A2r 2  18                   clc
0003A3r 2  60                   rts
0003A4r 2               
0003A4r 2               ; =============================================================================
0003A4r 2               ;   B a s M a t c h K e y w o r d
0003A4r 2               ; =============================================================================
0003A4r 2               ; Try to match a keyword from KeywordTbl starting at BAS_LINBUF,X.
0003A4r 2               ;
0003A4r 2               ; On match  : carry SET, A = token byte, X advanced past the matched
0003A4r 2               ;             keyword characters in BAS_LINBUF.
0003A4r 2               ; On miss   : carry CLEAR, X unchanged, A = original character at LINBUF,X.
0003A4r 2               ;
0003A4r 2               ; Match algorithm:
0003A4r 2               ;   - Walk KeywordTbl, comparing characters (folding LINBUF lowercase to
0003A4r 2               ;     uppercase) to each keyword in turn.  A keyword's last byte has bit 7
0003A4r 2               ;     set; the byte after the table's final keyword is $00.
0003A4r 2               ;   - Token value = TOK_BASE + (index of keyword in table).
0003A4r 2               ;   - The LONGEST match wins, not the first one found.  Taking the first would
0003A4r 2               ;     make a keyword unreachable whenever an earlier one is a prefix of it:
0003A4r 2               ;     FOR ($81) comes before FORMAT ($D4), so FORMAT crunched to FOR + "MAT"
0003A4r 2               ;     and the statement could not be typed at all.  Scanning to the end of the
0003A4r 2               ;     table costs a little time on each keyword, and buys a tokenizer whose
0003A4r 2               ;     result does not depend on the table's order.
0003A4r 2               ; =============================================================================
0003A4r 2               BasMatchKeyword:
0003A4r 2                       ; Save initial X for rollback on miss; preserve caller's Y (BasCrunch
0003A4r 2                       ; uses Y as the TOKBUF destination index).
0003A4r 2  86 3E                stx     BAS_TMP3
0003A6r 2  5A                   phy
0003A7r 2                       ; Walk the keyword table via a 16-bit ZP pointer (BAS_KWPTR), since
0003A7r 2                       ; the table is larger than 256 bytes.  Y is held at 0 throughout and
0003A7r 2                       ; we advance BAS_KWPTR byte-by-byte instead of relying on Y.
0003A7r 2  A9 rr                lda     #<KeywordTbl
0003A9r 2  85 61                sta     BAS_KWPTR
0003ABr 2  A9 rr                lda     #>KeywordTbl
0003ADr 2  85 62                sta     BAS_KWPTR+1
0003AFr 2  A9 80                lda     #TOK_BASE
0003B1r 2  85 3A                sta     BAS_TMP1                ; current candidate token
0003B3r 2                       ; Best match so far, both zero until one is found: BAS_TMP1+1 is its
0003B3r 2                       ; token (no token is $00) and BAS_TMP2+1 the input index just past it.
0003B3r 2                       ; Both are the spare halves of pointers this routine only uses a byte
0003B3r 2                       ; of, and neither outlives the call.
0003B3r 2  64 3B                stz     BAS_TMP1+1
0003B5r 2  64 3D                stz     BAS_TMP2+1
0003B7r 2  A0 00                ldy     #0
0003B9r 2               @KeywordLoop:
0003B9r 2                       ; Restore X to start of input keyword.
0003B9r 2  A6 3E                ldx     BAS_TMP3
0003BBr 2               @CharLoop:
0003BBr 2  B1 61                lda     (BAS_KWPTR),y           ; Y == 0
0003BDr 2  F0 5D                beq     @NoMatch                ; reached table terminator
0003BFr 2  48                   pha
0003C0r 2  29 7F                and     #$7F
0003C2r 2  85 3C                sta     BAS_TMP2                ; expected char (uppercase)
0003C4r 2                       ; Read input char and uppercase it.
0003C4r 2  BD 00 04             lda     BAS_LINBUF,x
0003C7r 2  C9 61                cmp     #'a'
0003C9r 2  90 06                bcc     @InpCmp
0003CBr 2  C9 7B                cmp     #'z'+1
0003CDr 2  B0 02                bcs     @InpCmp
0003CFr 2  29 DF                and     #$DF
0003D1r 2               @InpCmp:
0003D1r 2  C5 3C                cmp     BAS_TMP2
0003D3r 2  D0 0C                bne     @CharMismatch
0003D5r 2  68                   pla                             ; restore raw table byte
0003D6r 2                       ; Match - is this the last char of the keyword?
0003D6r 2  30 1C                bmi     @WholeMatch             ; bit 7 set -> full keyword matched
0003D8r 2                       ; Advance both pointers and continue.
0003D8r 2  E6 61                inc     BAS_KWPTR
0003DAr 2  D0 02                bne     @CharNoCarry
0003DCr 2  E6 62                inc     BAS_KWPTR+1
0003DEr 2               @CharNoCarry:
0003DEr 2  E8                   inx
0003DFr 2  80 DA                bra     @CharLoop
0003E1r 2               
0003E1r 2               @CharMismatch:
0003E1r 2  68                   pla
0003E2r 2                       ; Skip ahead to start of next keyword in table.  Walk byte-by-byte
0003E2r 2                       ; until we consume a byte with bit 7 set (last char of this keyword)
0003E2r 2                       ; or hit the $00 terminator.
0003E2r 2               @SkipKeyword:
0003E2r 2  B1 61                lda     (BAS_KWPTR),y           ; Y == 0
0003E4r 2  F0 36                beq     @NoMatch                ; hit table terminator
0003E6r 2  E6 61                inc     BAS_KWPTR
0003E8r 2  D0 02                bne     @SkipNoCarry
0003EAr 2  E6 62                inc     BAS_KWPTR+1
0003ECr 2               @SkipNoCarry:
0003ECr 2  C9 80                cmp     #$80                    ; carry set iff loaded byte >= $80
0003EEr 2  90 F2                bcc     @SkipKeyword
0003F0r 2                       ; Fall through: byte had bit 7 set => end of keyword.
0003F0r 2               @AdvanceTok:
0003F0r 2  E6 3A                inc     BAS_TMP1
0003F2r 2  80 C5                bra     @KeywordLoop
0003F4r 2               
0003F4r 2               @WholeMatch:
0003F4r 2                       ; X points at the LAST matched char in input; advance past it.
0003F4r 2  E8                   inx
0003F5r 2                       ; A candidate, not an answer: a keyword further down the table may match
0003F5r 2                       ; more of the input.  Keep it only if it does, and carry on scanning.
0003F5r 2  E4 3D                cpx     BAS_TMP2+1
0003F7r 2  90 06                bcc     @Extendable             ; a longer match is already held
0003F9r 2  86 3D                stx     BAS_TMP2+1
0003FBr 2  A5 3A                lda     BAS_TMP1
0003FDr 2  85 3B                sta     BAS_TMP1+1
0003FFr 2               @Extendable:
0003FFr 2                       ; Only a letter or '$' appears in a keyword, so unless the input
0003FFr 2                       ; continues with one, nothing longer can match and the rest of the
0003FFr 2                       ; table is not worth walking.  This is what keeps ordinary typing at
0003FFr 2                       ; the speed it had when the first match won outright: at 19200 baud the
0003FFr 2                       ; crunch of one line runs while the next is arriving, and a slower one
0003FFr 2                       ; drops characters out of the input buffer.
0003FFr 2  A6 3D                ldx     BAS_TMP2+1
000401r 2  BD 00 04             lda     BAS_LINBUF,x
000404r 2  C9 24                cmp     #'$'
000406r 2  F0 DA                beq     @SkipKeyword
000408r 2  C9 61                cmp     #'a'
00040Ar 2  90 06                bcc     @ExtAlpha
00040Cr 2  C9 7B                cmp     #'z'+1
00040Er 2  B0 02                bcs     @ExtAlpha
000410r 2  29 DF                and     #$DF
000412r 2               @ExtAlpha:
000412r 2  C9 41                cmp     #'A'
000414r 2  90 0A                bcc     @TakeBest
000416r 2  C9 5B                cmp     #'Z'+1
000418r 2  B0 06                bcs     @TakeBest
00041Ar 2  80 C6                bra     @SkipKeyword
00041Cr 2               
00041Cr 2               @NoMatch:
00041Cr 2                       ; End of the table.  Anything found along the way is the longest there
00041Cr 2                       ; is, since nothing after it matched at all.
00041Cr 2  A5 3B                lda     BAS_TMP1+1
00041Er 2  F0 07                beq     @NoneAtAll
000420r 2               @TakeBest:
000420r 2  A6 3D                ldx     BAS_TMP2+1              ; input index past the longest match
000422r 2  A5 3B                lda     BAS_TMP1+1
000424r 2  7A                   ply                             ; restore caller's Y
000425r 2  38                   sec
000426r 2  60                   rts
000427r 2               @NoneAtAll:
000427r 2  A6 3E                ldx     BAS_TMP3                ; restore caller's X
000429r 2  7A                   ply                             ; restore caller's Y
00042Ar 2  BD 00 04             lda     BAS_LINBUF,x
00042Dr 2  18                   clc
00042Er 2  60                   rts
00042Fr 2               
00042Fr 2               ; =============================================================================
00042Fr 2               ;   B a s S t o r e L i n e
00042Fr 2               ; =============================================================================
00042Fr 2               ; Insert or replace BAS_LINNUM in the program with the tokenized payload in
00042Fr 2               ; BAS_TOKBUF.  If BAS_TOKBUF is empty, delete the existing line.
00042Fr 2               ;
00042Fr 2               ; Algorithm:
00042Fr 2               ;   1. Find existing line number (or insertion point).
00042Fr 2               ;   2. If exact match, delete that line (close the gap, decrement VARTAB).
00042Fr 2               ;   3. If payload non-empty, splice in [next][num][payload][$00].
00042Fr 2               ;   4. Relink all next-pointers.
00042Fr 2               ; =============================================================================
00042Fr 2               BasStoreLine:
00042Fr 2                       ; Locate insertion point.  BAS_INDEX <- pointer; carry set = exact match.
00042Fr 2  20 rr rr             jsr     BasFindLine
000432r 2               
000432r 2  90 03                bcc     @NoExisting
000434r 2                       ; Line exists - delete it first.
000434r 2  20 rr rr             jsr     BasDeleteAtIndex
000437r 2               @NoExisting:
000437r 2                       ; If tokbuf is empty, we're done (delete-only operation).
000437r 2  AD 00 05             lda     BAS_TOKBUF
00043Ar 2  D0 04                bne     @InsertNew
00043Cr 2  20 rr rr             jsr     BasRelink
00043Fr 2  60                   rts
000440r 2               
000440r 2               @InsertNew:
000440r 2  20 rr rr             jsr     BasInsertAtIndex
000443r 2  90 04                bcc     @NoMem
000445r 2  20 rr rr             jsr     BasRelink
000448r 2  60                   rts
000449r 2               @NoMem:
000449r 2  A9 02                lda     #ERR_OUTOFMEM
00044Br 2  4C rr rr             jmp     BasError
00044Er 2               
00044Er 2               ; =============================================================================
00044Er 2               ;   B a s F i n d L i n e
00044Er 2               ; =============================================================================
00044Er 2               ; Locate BAS_LINNUM in the program list.
00044Er 2               ;
00044Er 2               ; On entry : BAS_LINNUM = target line number.
00044Er 2               ; On exit  : BAS_INDEX = pointer to start of either the matching line or the
00044Er 2               ;            first line whose number > target (or end-marker).
00044Er 2               ;            Carry SET if exact match, CLEAR otherwise.
00044Er 2               ; =============================================================================
00044Er 2               BasFindLine:
00044Er 2  AD 5D 03             lda     BAS_TXTTAB
000451r 2  85 20                sta     BAS_INDEX
000453r 2  AD 5E 03             lda     BAS_TXTTAB+1
000456r 2  85 21                sta     BAS_INDEX+1
000458r 2               @Loop:
000458r 2  A0 01                ldy     #1
00045Ar 2  B1 20                lda     (BAS_INDEX),y
00045Cr 2  F0 25                beq     @NotFound               ; end-marker (next-hi = 0)
00045Er 2               
00045Er 2                       ; Compare line numbers: (INDEX+2/+3) vs LINNUM.
00045Er 2  A0 03                ldy     #3
000460r 2  B1 20                lda     (BAS_INDEX),y
000462r 2  C5 09                cmp     BAS_LINNUM+1
000464r 2  90 0D                bcc     @Advance                ; line < target
000466r 2  D0 1B                bne     @TooHigh                ; line > target -> insertion point
000468r 2  88                   dey
000469r 2  B1 20                lda     (BAS_INDEX),y
00046Br 2  C5 08                cmp     BAS_LINNUM
00046Dr 2  90 04                bcc     @Advance
00046Fr 2  D0 12                bne     @TooHigh
000471r 2                       ; Exact match.
000471r 2  38                   sec
000472r 2  60                   rts
000473r 2               
000473r 2               @Advance:
000473r 2                       ; Follow next-pointer.
000473r 2  A0 00                ldy     #0
000475r 2  B1 20                lda     (BAS_INDEX),y
000477r 2  48                   pha
000478r 2  A0 01                ldy     #1
00047Ar 2  B1 20                lda     (BAS_INDEX),y
00047Cr 2  85 21                sta     BAS_INDEX+1
00047Er 2  68                   pla
00047Fr 2  85 20                sta     BAS_INDEX
000481r 2  80 D5                bra     @Loop
000483r 2               
000483r 2               @NotFound:
000483r 2               @TooHigh:
000483r 2  18                   clc
000484r 2  60                   rts
000485r 2               
000485r 2               ; =============================================================================
000485r 2               ;   B a s D e l e t e A t I n d e x
000485r 2               ; =============================================================================
000485r 2               ; Delete the line whose start is at BAS_INDEX.
000485r 2               ; Closes the gap by copying [next-line .. VARTAB-1] down to (BAS_INDEX...)
000485r 2               ; and decrements VARTAB by the deleted size.
000485r 2               ; =============================================================================
000485r 2               BasDeleteAtIndex:
000485r 2                       ; BAS_TMP1 = next-line address (read from current line's next ptr).
000485r 2  A0 00                ldy     #0
000487r 2  B1 20                lda     (BAS_INDEX),y
000489r 2  85 3A                sta     BAS_TMP1
00048Br 2  C8                   iny
00048Cr 2  B1 20                lda     (BAS_INDEX),y
00048Er 2  85 3B                sta     BAS_TMP1+1
000490r 2               
000490r 2                       ; gap-size = TMP1 - INDEX  (positive)
000490r 2                       ; Copy from TMP1 to INDEX, byte by byte, until TMP1 reaches VARTAB.
000490r 2                       ; BAS_DEST = INDEX (write cursor); BAS_TMP2 = src cursor (= TMP1).
000490r 2  A5 20                lda     BAS_INDEX
000492r 2  85 22                sta     BAS_DEST
000494r 2  A5 21                lda     BAS_INDEX+1
000496r 2  85 23                sta     BAS_DEST+1
000498r 2               
000498r 2               @CopyLoop:
000498r 2                       ; Done when TMP1 == VARTAB.
000498r 2  A5 3A                lda     BAS_TMP1
00049Ar 2  CD 5F 03             cmp     BAS_VARTAB
00049Dr 2  A5 3B                lda     BAS_TMP1+1
00049Fr 2  ED 60 03             sbc     BAS_VARTAB+1
0004A2r 2  B0 14                bcs     @CopyDone
0004A4r 2               
0004A4r 2  A0 00                ldy     #0
0004A6r 2  B1 3A                lda     (BAS_TMP1),y
0004A8r 2  91 22                sta     (BAS_DEST),y
0004AAr 2               
0004AAr 2  E6 3A                inc     BAS_TMP1
0004ACr 2  D0 02                bne     @IncDest
0004AEr 2  E6 3B                inc     BAS_TMP1+1
0004B0r 2               @IncDest:
0004B0r 2  E6 22                inc     BAS_DEST
0004B2r 2  D0 E4                bne     @CopyLoop
0004B4r 2  E6 23                inc     BAS_DEST+1
0004B6r 2  80 E0                bra     @CopyLoop
0004B8r 2               
0004B8r 2               @CopyDone:
0004B8r 2                       ; VARTAB = DEST.
0004B8r 2  A5 22                lda     BAS_DEST
0004BAr 2  8D 5F 03             sta     BAS_VARTAB
0004BDr 2  A5 23                lda     BAS_DEST+1
0004BFr 2  8D 60 03             sta     BAS_VARTAB+1
0004C2r 2                       ; Mirror to ARYTAB/STREND (vars/arrays empty after edit; keep them
0004C2r 2                       ; tracking VARTAB).
0004C2r 2  8D 62 03             sta     BAS_ARYTAB+1
0004C5r 2  8D 64 03             sta     BAS_STREND+1
0004C8r 2  AD 5F 03             lda     BAS_VARTAB
0004CBr 2  8D 61 03             sta     BAS_ARYTAB
0004CEr 2  8D 63 03             sta     BAS_STREND
0004D1r 2  60                   rts
0004D2r 2               
0004D2r 2               ; =============================================================================
0004D2r 2               ;   B a s I n s e r t A t I n d e x
0004D2r 2               ; =============================================================================
0004D2r 2               ; Splice a new line ([next-placeholder][num-lo][num-hi][payload][$00]) in
0004D2r 2               ; at BAS_INDEX, shifting following bytes upward.
0004D2r 2               ;
0004D2r 2               ; On entry : BAS_INDEX = insertion address, BAS_LINNUM = line number,
0004D2r 2               ;            BAS_TOKBUF = NUL-terminated payload (non-empty).
0004D2r 2               ; On exit  : Carry SET on success, CLEAR if not enough memory.
0004D2r 2               ;            VARTAB / ARYTAB / STREND advanced to new end-of-program.
0004D2r 2               ;
0004D2r 2               ; This is why a .prg's BASIC stub cannot be edited: the shift moves everything
0004D2r 2               ; up to VARTAB, and the new pointers come from the chain alone, so attached
0004D2r 2               ; machine code is both relocated and dropped from VARTAB's view.  Its addresses
0004D2r 2               ; are absolute, so it would break either way — the C64 has the same constraint.
0004D2r 2               ; =============================================================================
0004D2r 2               BasInsertAtIndex:
0004D2r 2                       ; Compute payload length L (excluding NUL): scan TOKBUF.
0004D2r 2  A0 00                ldy     #0
0004D4r 2               @LenScan:
0004D4r 2  B9 00 05             lda     BAS_TOKBUF,y
0004D7r 2  F0 03                beq     @LenDone
0004D9r 2  C8                   iny
0004DAr 2  D0 F8                bne     @LenScan
0004DCr 2               @LenDone:
0004DCr 2                       ; Total line size = 4 (header) + L + 1 (terminator) = L + 5.
0004DCr 2                       ; Store size in BAS_TMP3 (assumes <= 250+5 = 255, fits in one byte).
0004DCr 2  98                   tya
0004DDr 2  18                   clc
0004DEr 2  69 05                adc     #5
0004E0r 2  85 3E                sta     BAS_TMP3                ; line size in bytes (<=255)
0004E2r 2               
0004E2r 2                       ; Memory check: VARTAB + size <= MEMSIZ.
0004E2r 2  18                   clc
0004E3r 2  AD 5F 03             lda     BAS_VARTAB
0004E6r 2  65 3E                adc     BAS_TMP3
0004E8r 2  85 3A                sta     BAS_TMP1
0004EAr 2  AD 60 03             lda     BAS_VARTAB+1
0004EDr 2  69 00                adc     #0
0004EFr 2  85 3B                sta     BAS_TMP1+1
0004F1r 2  A5 3A                lda     BAS_TMP1
0004F3r 2  CD 67 03             cmp     BAS_MEMSIZ
0004F6r 2  A5 3B                lda     BAS_TMP1+1
0004F8r 2  ED 68 03             sbc     BAS_MEMSIZ+1
0004FBr 2  90 02                bcc     @SizeOK
0004FDr 2  18                   clc                             ; out of memory
0004FEr 2  60                   rts
0004FFr 2               @SizeOK:
0004FFr 2                       ; Shift bytes [INDEX .. VARTAB-1] up by TMP3.
0004FFr 2                       ; Copy from high-to-low to avoid overlap clobber.
0004FFr 2                       ; src  = VARTAB-1
0004FFr 2                       ; dst  = VARTAB-1 + TMP3
0004FFr 2  AD 5F 03             lda     BAS_VARTAB
000502r 2  38                   sec
000503r 2  E9 01                sbc     #1
000505r 2  85 3A                sta     BAS_TMP1                ; src
000507r 2  AD 60 03             lda     BAS_VARTAB+1
00050Ar 2  E9 00                sbc     #0
00050Cr 2  85 3B                sta     BAS_TMP1+1
00050Er 2  18                   clc
00050Fr 2  A5 3A                lda     BAS_TMP1
000511r 2  65 3E                adc     BAS_TMP3
000513r 2  85 22                sta     BAS_DEST                ; dst
000515r 2  A5 3B                lda     BAS_TMP1+1
000517r 2  69 00                adc     #0
000519r 2  85 23                sta     BAS_DEST+1
00051Br 2               @Shift:
00051Br 2                       ; Stop when TMP1 < INDEX (i.e. INDEX-1 reached -> done).
00051Br 2  A5 3A                lda     BAS_TMP1
00051Dr 2  C5 20                cmp     BAS_INDEX
00051Fr 2  A5 3B                lda     BAS_TMP1+1
000521r 2  E5 21                sbc     BAS_INDEX+1
000523r 2  90 18                bcc     @ShiftDone
000525r 2               
000525r 2  A0 00                ldy     #0
000527r 2  B1 3A                lda     (BAS_TMP1),y
000529r 2  91 22                sta     (BAS_DEST),y
00052Br 2               
00052Br 2                       ; dec TMP1
00052Br 2  A5 3A                lda     BAS_TMP1
00052Dr 2  D0 02                bne     @T1NoBorrow
00052Fr 2  C6 3B                dec     BAS_TMP1+1
000531r 2               @T1NoBorrow:
000531r 2  C6 3A                dec     BAS_TMP1
000533r 2                       ; dec DEST
000533r 2  A5 22                lda     BAS_DEST
000535r 2  D0 02                bne     @DNoBorrow
000537r 2  C6 23                dec     BAS_DEST+1
000539r 2               @DNoBorrow:
000539r 2  C6 22                dec     BAS_DEST
00053Br 2  80 DE                bra     @Shift
00053Dr 2               
00053Dr 2               @ShiftDone:
00053Dr 2                       ; Write new line header at BAS_INDEX.
00053Dr 2  A0 00                ldy     #0
00053Fr 2  A9 FF                lda     #$FF                    ; placeholder next-ptr (Relink fixes)
000541r 2  91 20                sta     (BAS_INDEX),y
000543r 2  C8                   iny
000544r 2  91 20                sta     (BAS_INDEX),y
000546r 2  C8                   iny
000547r 2  A5 08                lda     BAS_LINNUM
000549r 2  91 20                sta     (BAS_INDEX),y
00054Br 2  C8                   iny
00054Cr 2  A5 09                lda     BAS_LINNUM+1
00054Er 2  91 20                sta     (BAS_INDEX),y
000550r 2  C8                   iny
000551r 2               
000551r 2                       ; Copy payload from BAS_TOKBUF (NUL terminator included).
000551r 2  A2 00                ldx     #0
000553r 2               @PayloadCopy:
000553r 2  BD 00 05             lda     BAS_TOKBUF,x
000556r 2  91 20                sta     (BAS_INDEX),y
000558r 2  F0 04                beq     @PayloadDone
00055Ar 2  E8                   inx
00055Br 2  C8                   iny
00055Cr 2  80 F5                bra     @PayloadCopy
00055Er 2               @PayloadDone:
00055Er 2                       ; Update VARTAB.
00055Er 2  18                   clc
00055Fr 2  AD 5F 03             lda     BAS_VARTAB
000562r 2  65 3E                adc     BAS_TMP3
000564r 2  8D 5F 03             sta     BAS_VARTAB
000567r 2  AD 60 03             lda     BAS_VARTAB+1
00056Ar 2  69 00                adc     #0
00056Cr 2  8D 60 03             sta     BAS_VARTAB+1
00056Fr 2                       ; Mirror to ARYTAB/STREND.
00056Fr 2  AD 5F 03             lda     BAS_VARTAB
000572r 2  8D 61 03             sta     BAS_ARYTAB
000575r 2  8D 63 03             sta     BAS_STREND
000578r 2  AD 60 03             lda     BAS_VARTAB+1
00057Br 2  8D 62 03             sta     BAS_ARYTAB+1
00057Er 2  8D 64 03             sta     BAS_STREND+1
000581r 2               
000581r 2  38                   sec
000582r 2  60                   rts
000583r 2               
000583r 2               ; =============================================================================
000583r 2               ;   B a s R e l i n k
000583r 2               ; =============================================================================
000583r 2               ; Walk the program list and rewrite every next-pointer to the address of
000583r 2               ; the following line (computed by scanning forward to the line's NUL
000583r 2               ; terminator).  Stops when a next-pointer's high byte is already 0
000583r 2               ; (the [00][00] end-marker, which is left untouched).
000583r 2               ; =============================================================================
000583r 2               BasRelink:
000583r 2  AD 5D 03             lda     BAS_TXTTAB
000586r 2  85 20                sta     BAS_INDEX
000588r 2  AD 5E 03             lda     BAS_TXTTAB+1
00058Br 2  85 21                sta     BAS_INDEX+1
00058Dr 2               @Loop:
00058Dr 2  A0 01                ldy     #1
00058Fr 2  B1 20                lda     (BAS_INDEX),y
000591r 2  F0 2B                beq     @Done                   ; end-marker reached
000593r 2               
000593r 2                       ; Find the NUL terminator at INDEX + Y for some Y >= 4.
000593r 2  A0 04                ldy     #4
000595r 2               @Scan:
000595r 2  B1 20                lda     (BAS_INDEX),y
000597r 2  F0 03                beq     @Found
000599r 2  C8                   iny
00059Ar 2  D0 F9                bne     @Scan
00059Cr 2               @Found:
00059Cr 2  C8                   iny                             ; one past NUL = next line address
00059Dr 2                       ; next = INDEX + Y
00059Dr 2  98                   tya
00059Er 2  18                   clc
00059Fr 2  65 20                adc     BAS_INDEX
0005A1r 2  85 3A                sta     BAS_TMP1
0005A3r 2  A5 21                lda     BAS_INDEX+1
0005A5r 2  69 00                adc     #0
0005A7r 2  85 3B                sta     BAS_TMP1+1
0005A9r 2               
0005A9r 2                       ; Write new next-pointer at (INDEX),0/1.
0005A9r 2  A0 00                ldy     #0
0005ABr 2  A5 3A                lda     BAS_TMP1
0005ADr 2  91 20                sta     (BAS_INDEX),y
0005AFr 2  C8                   iny
0005B0r 2  A5 3B                lda     BAS_TMP1+1
0005B2r 2  91 20                sta     (BAS_INDEX),y
0005B4r 2               
0005B4r 2                       ; Advance INDEX = TMP1.
0005B4r 2  A5 3A                lda     BAS_TMP1
0005B6r 2  85 20                sta     BAS_INDEX
0005B8r 2  A5 3B                lda     BAS_TMP1+1
0005BAr 2  85 21                sta     BAS_INDEX+1
0005BCr 2  80 CF                bra     @Loop
0005BEr 2               @Done:
0005BEr 2  60                   rts
0005BFr 2               
0005BFr 2               ; =============================================================================
0005BFr 2               ;   B a s D i s p a t c h I m m e d i a t e
0005BFr 2               ; =============================================================================
0005BFr 2               ; Execute a tokenized line (BAS_TOKBUF) in immediate mode by entering the
0005BFr 2               ; statement loop (BasNewstt) with TXTPTR pointing one byte before the first
0005BFr 2               ; tokenized byte.  Re-anchors the CPU stack so that FOR / GOSUB frames
0005BFr 2               ; stored on the stack can be located by the scanners.
0005BFr 2               ; =============================================================================
0005BFr 2               BasDispatchImmediate:
0005BFr 2                       ; Write a ':' sentinel just before BAS_TOKBUF so NEWSTT's initial
0005BFr 2                       ; (TXTPTR),y read takes the @nextStmt path and CHRGETs the first token.
0005BFr 2  A9 3A                lda     #':'
0005C1r 2  8D FF 04             sta     BAS_TOKBUF-1
0005C4r 2  A9 FF                lda     #<(BAS_TOKBUF-1)
0005C6r 2  85 04                sta     TXTPTR
0005C8r 2  A9 04                lda     #>(BAS_TOKBUF-1)
0005CAr 2  85 05                sta     TXTPTR+1
0005CCr 2  9C 70 03             stz     BAS_POSX
0005CFr 2                       ; Direct mode: CURLIN = $FFFF (msbasic convention).
0005CFr 2  A9 FF                lda     #$FF
0005D1r 2  8D 69 03             sta     BAS_CURLIN
0005D4r 2  8D 6A 03             sta     BAS_CURLIN+1
0005D7r 2                       ; Re-anchor the CPU stack to the baseline, so the FOR / GOSUB frame
0005D7r 2                       ; scanners start from a known depth and nothing a previous direct line
0005D7r 2                       ; abandoned is still lying there.  The baseline is $FF with no program
0005D7r 2                       ; suspended, and the broken program's statement boundary after a
0005D7r 2                       ; STOP/END/Ctrl+C -- so its frames sit above this line's stack and are
0005D7r 2                       ; still there when CONT hands the program back.
0005D7r 2  AE 75 03             ldx     BAS_STKBASE
0005DAr 2  9A                   txs
0005DBr 2  4C rr rr             jmp     BasNewstt
0005DEr 2               
0005DEr 2               ; =============================================================================
0005DEr 2               ;   B a s C m d N e w
0005DEr 2               ; =============================================================================
0005DEr 2               ; Reset program storage to empty: write [00][00] at $0800 and reset the
0005DEr 2               ; runtime pointers.
0005DEr 2               ; =============================================================================
0005DEr 2               BasCmdNew:
0005DEr 2  9C 00 08             stz     BAS_PRG_START
0005E1r 2  9C 01 08             stz     BAS_PRG_START+1
0005E4r 2  A9 02                lda     #<(BAS_PRG_START+2)
0005E6r 2  8D 5F 03             sta     BAS_VARTAB
0005E9r 2  8D 61 03             sta     BAS_ARYTAB
0005ECr 2  8D 63 03             sta     BAS_STREND
0005EFr 2  A9 08                lda     #>(BAS_PRG_START+2)
0005F1r 2  8D 60 03             sta     BAS_VARTAB+1
0005F4r 2  8D 62 03             sta     BAS_ARYTAB+1
0005F7r 2  8D 64 03             sta     BAS_STREND+1
0005FAr 2  AD 67 03             lda     BAS_MEMSIZ
0005FDr 2  8D 65 03             sta     BAS_FRETOP
000600r 2  AD 68 03             lda     BAS_MEMSIZ+1
000603r 2  8D 66 03             sta     BAS_FRETOP+1
000606r 2                       ; And fall into CLR, as msbasic's SCRTCH does: the program that CONT
000606r 2                       ; would have resumed into has just been erased, so the saved position
000606r 2                       ; and the frames behind it have to go with it.
000606r 2  4C rr rr             jmp     BasCmdClr
000609r 2               
000609r 2               ; =============================================================================
000609r 2               ;   B a s C m d L i s t
000609r 2               ; =============================================================================
000609r 2               ; Print every stored line in order.  Each line: decimal line number, single
000609r 2               ; space, detokenized payload, CRLF.
000609r 2               ; =============================================================================
000609r 2               BasCmdList:
000609r 2  AD 5D 03             lda     BAS_TXTTAB
00060Cr 2  85 20                sta     BAS_INDEX
00060Er 2  AD 5E 03             lda     BAS_TXTTAB+1
000611r 2  85 21                sta     BAS_INDEX+1
000613r 2               @LineLoop:
000613r 2  A0 01                ldy     #1
000615r 2  B1 20                lda     (BAS_INDEX),y
000617r 2  F0 3D                beq     @Done                   ; end-marker
000619r 2                       ; Print line number.
000619r 2  A0 02                ldy     #2
00061Br 2  B1 20                lda     (BAS_INDEX),y
00061Dr 2  85 08                sta     BAS_LINNUM
00061Fr 2  C8                   iny
000620r 2  B1 20                lda     (BAS_INDEX),y
000622r 2  85 09                sta     BAS_LINNUM+1
000624r 2  20 rr rr             jsr     BasPrintLineNum
000627r 2  A9 20                lda     #' '
000629r 2  20 rr rr             jsr     Chrout
00062Cr 2               
00062Cr 2                       ; Detokenize from offset 4 to the NUL terminator.
00062Cr 2  A0 04                ldy     #4
00062Er 2               @DetokLoop:
00062Er 2  B1 20                lda     (BAS_INDEX),y
000630r 2  F0 12                beq     @LineEnd
000632r 2  30 06                bmi     @Token
000634r 2  20 rr rr             jsr     Chrout
000637r 2  C8                   iny
000638r 2  80 F4                bra     @DetokLoop
00063Ar 2               @Token:
00063Ar 2  84 42                sty     BAS_DETOKY
00063Cr 2  20 rr rr             jsr     BasPrintKeyword         ; preserves nothing useful
00063Fr 2  A4 42                ldy     BAS_DETOKY
000641r 2  C8                   iny
000642r 2  80 EA                bra     @DetokLoop
000644r 2               @LineEnd:
000644r 2  20 rr rr             jsr     BasPrintCRLF
000647r 2                       ; Advance INDEX via next-pointer.
000647r 2  A0 00                ldy     #0
000649r 2  B1 20                lda     (BAS_INDEX),y
00064Br 2  48                   pha
00064Cr 2  C8                   iny
00064Dr 2  B1 20                lda     (BAS_INDEX),y
00064Fr 2  85 21                sta     BAS_INDEX+1
000651r 2  68                   pla
000652r 2  85 20                sta     BAS_INDEX
000654r 2  80 BD                bra     @LineLoop
000656r 2               @Done:
000656r 2  60                   rts
000657r 2               
000657r 2               ; =============================================================================
000657r 2               ;   B a s P r i n t L i n e N u m
000657r 2               ; =============================================================================
000657r 2               ; Print BAS_LINNUM (16-bit unsigned) as decimal (no leading zeros, no sign).
000657r 2               ; Thin shim over the KERNAL PrintDecU16 ($A096); the decimal-print core now
000657r 2               ; lives once in the KERNAL (shared with FsPrintSize).
000657r 2               ; Clobbers : A, X, Y, FS_FILE_SIZE, FS_DIR_IDX.
000657r 2               ; =============================================================================
000657r 2               BasPrintLineNum:
000657r 2  A5 08                lda     BAS_LINNUM
000659r 2  A6 09                ldx     BAS_LINNUM+1
00065Br 2  4C rr rr             jmp     PrintDecU16
00065Er 2               
00065Er 2               ; =============================================================================
00065Er 2               ;   B a s C m d P r i n t
00065Er 2               ; =============================================================================
00065Er 2               ; Immediate-mode PRINT.  X on entry = offset into BAS_TOKBUF where the
00065Er 2               ; PRINT token sits.  Items separated by ';' (no separator) or ',' (advance
00065Er 2               ; to next 14-column print zone).  Trailing ';' or ',' suppresses CRLF.
00065Er 2               ;
00065Er 2               ; Special-cased token: HEX(n) -> emit "$XXXX" hex form (does not call
00065Er 2               ; FrmEvl; consumes the token + parens here).
00065Er 2               ; =============================================================================
00065Er 2               BasCmdPrint:
00065Er 2                       ; TXTPTR is positioned with ChrGot returning TOK_PRINT.  Advance
00065Er 2                       ; past the token; col counter is reset by the dispatcher's outer loop.
00065Er 2  20 rr rr             jsr     ChrGet                  ; consume PRINT token
000661r 2               
000661r 2               BasPrLoop:
000661r 2  20 rr rr             jsr     ChrGot
000664r 2  D0 03 4C rr          jeq     BasPrEndNl
000668r 2  rr           
000669r 2  C9 3A                cmp     #':'
00066Br 2  D0 03 4C rr          jeq     BasPrEndNl
00066Fr 2  rr           
000670r 2  C9 A4                cmp     #TOK_ELSE
000672r 2  D0 03 4C rr          jeq     BasPrEndNl
000676r 2  rr           
000677r 2  C9 3B                cmp     #';'
000679r 2  D0 03 4C rr          jeq     BasPrSep
00067Dr 2  rr           
00067Er 2  C9 2C                cmp     #','
000680r 2  D0 03 4C rr          jeq     BasPrComma
000684r 2  rr           
000685r 2  C9 CE                cmp     #TOK_HEX
000687r 2  D0 17                bne     @chkTab
000689r 2                       ; HEX(n) in PRINT context: emit "$XXXX".
000689r 2  20 rr rr             jsr     ChrGet                  ; consume HEX
00068Cr 2  20 rr rr             jsr     ChkOpn
00068Fr 2  20 rr rr             jsr     FrmEvl
000692r 2  20 rr rr             jsr     ChkNum
000695r 2  20 rr rr             jsr     ChkCls
000698r 2                       ; Unsigned: AyInt is the signed conversion and rejects anything at or
000698r 2                       ; above 32768, so PRINT HEX() of any address in the top half of the
000698r 2                       ; map -- $8000, the RAM bank window the README documents -- raised
000698r 2                       ; ILLEGAL QUANTITY. A four-digit $xxxx covers 0..65535, and FacToU16
000698r 2                       ; leaves its result in the same FAC+3/FAC+4 PrintHex16 reads.
000698r 2  20 rr rr             jsr     FacToU16
00069Br 2  20 rr rr             jsr     PrintHex16
00069Er 2  80 6A                bra     BasPrAfter
0006A0r 2               @chkTab:
0006A0r 2  C9 9B                cmp     #TOK_TAB
0006A2r 2  D0 2D                bne     @chkSpc
0006A4r 2  20 rr rr             jsr     ChrGet                  ; consume TAB
0006A7r 2  20 rr rr             jsr     ChkOpn
0006AAr 2  20 rr rr             jsr     FrmNum
0006ADr 2  20 rr rr             jsr     ChkCls
0006B0r 2  20 rr rr             jsr     AyInt
0006B3r 2  A5 11                lda     FAC+3                   ; column count must fit in a byte
0006B5r 2  D0 53                bne     BasPrAfter
0006B7r 2  A5 12                lda     FAC+4
0006B9r 2  CD 70 03             cmp     BAS_POSX
0006BCr 2  90 4C                bcc     BasPrAfter              ; already at/past target column
0006BEr 2  38                   sec
0006BFr 2  ED 70 03             sbc     BAS_POSX
0006C2r 2  A8                   tay
0006C3r 2  F0 45                beq     BasPrAfter
0006C5r 2               @tabLoop:
0006C5r 2  5A                   phy
0006C6r 2  A9 20                lda     #' '
0006C8r 2  20 rr rr             jsr     PrintCh
0006CBr 2  7A                   ply
0006CCr 2  88                   dey
0006CDr 2  D0 F6                bne     @tabLoop
0006CFr 2  80 39                bra     BasPrAfter
0006D1r 2               @chkSpc:
0006D1r 2  C9 9E                cmp     #TOK_SPC
0006D3r 2  D0 23                bne     @expr
0006D5r 2  20 rr rr             jsr     ChrGet                  ; consume SPC
0006D8r 2  20 rr rr             jsr     ChkOpn
0006DBr 2  20 rr rr             jsr     FrmNum
0006DEr 2  20 rr rr             jsr     ChkCls
0006E1r 2  20 rr rr             jsr     AyInt
0006E4r 2  A5 11                lda     FAC+3
0006E6r 2  D0 22                bne     BasPrAfter
0006E8r 2  A4 12                ldy     FAC+4
0006EAr 2  F0 1E                beq     BasPrAfter
0006ECr 2               @spcLoop:
0006ECr 2  5A                   phy
0006EDr 2  A9 20                lda     #' '
0006EFr 2  20 rr rr             jsr     PrintCh
0006F2r 2  7A                   ply
0006F3r 2  88                   dey
0006F4r 2  D0 F6                bne     @spcLoop
0006F6r 2  80 12                bra     BasPrAfter
0006F8r 2               @expr:
0006F8r 2  20 rr rr             jsr     FrmEvl
0006FBr 2  24 64                bit     VALTYP
0006FDr 2  30 05                bmi     @prStr
0006FFr 2  20 rr rr             jsr     PrintNum
000702r 2  80 06                bra     BasPrAfter
000704r 2               @prStr:
000704r 2  20 rr rr             jsr     PrintStrFAC
000707r 2  20 rr rr             jsr     FreFac
00070Ar 2               BasPrAfter:
00070Ar 2  20 rr rr             jsr     ChrGot
00070Dr 2  D0 03 4C rr          jeq     BasPrEndNl
000711r 2  rr           
000712r 2  C9 3A                cmp     #':'
000714r 2  D0 03 4C rr          jeq     BasPrEndNl
000718r 2  rr           
000719r 2  C9 A4                cmp     #TOK_ELSE
00071Br 2  D0 03 4C rr          jeq     BasPrEndNl
00071Fr 2  rr           
000720r 2  C9 3B                cmp     #';'
000722r 2  D0 03 4C rr          jeq     BasPrSep
000726r 2  rr           
000727r 2  C9 2C                cmp     #','
000729r 2  D0 03 4C rr          jeq     BasPrComma
00072Dr 2  rr           
00072Er 2  4C rr rr             jmp     SynErr
000731r 2               BasPrSep:
000731r 2  20 rr rr             jsr     ChrGet                  ; consume ;
000734r 2  20 rr rr             jsr     ChrGot
000737r 2  F0 40                beq     BasPrEndNoNl            ; trailing ; -> no CRLF
000739r 2  C9 3A                cmp     #':'
00073Br 2  F0 3C                beq     BasPrEndNoNl
00073Dr 2  4C rr rr             jmp     BasPrLoop
000740r 2               BasPrComma:
000740r 2  20 rr rr             jsr     ChrGet
000743r 2                       ; Pad to next multiple of 14 (MS-BASIC 14-column zone).
000743r 2                       ; col_mod = BAS_POSX mod 14; if 0 already at zone, else emit (14-col_mod) spaces.
000743r 2  AD 70 03             lda     BAS_POSX
000746r 2  85 3A                sta     BAS_TMP1
000748r 2               @modA:
000748r 2  A5 3A                lda     BAS_TMP1
00074Ar 2  C9 0E                cmp     #14
00074Cr 2  90 07                bcc     @modB
00074Er 2  38                   sec
00074Fr 2  E9 0E                sbc     #14
000751r 2  85 3A                sta     BAS_TMP1
000753r 2  80 F3                bra     @modA
000755r 2               @modB:
000755r 2  C9 00                cmp     #0
000757r 2  F0 0D                beq     @padDone
000759r 2               @padSp:
000759r 2  A9 20                lda     #' '
00075Br 2  20 rr rr             jsr     PrintCh
00075Er 2  E6 3A                inc     BAS_TMP1
000760r 2  A5 3A                lda     BAS_TMP1
000762r 2  C9 0E                cmp     #14
000764r 2  D0 F3                bne     @padSp
000766r 2               @padDone:
000766r 2  20 rr rr             jsr     ChrGot
000769r 2  F0 0E                beq     BasPrEndNoNl
00076Br 2  C9 3A                cmp     #':'
00076Dr 2  F0 0A                beq     BasPrEndNoNl
00076Fr 2  4C rr rr             jmp     BasPrLoop
000772r 2               BasPrEndNl:
000772r 2  20 rr rr             jsr     BasPrintCRLF
000775r 2  9C 70 03             stz     BAS_POSX
000778r 2  60                   rts
000779r 2               BasPrEndNoNl:
000779r 2  60                   rts
00077Ar 2               
00077Ar 2               ; ---------------------------------------------------------------------------
00077Ar 2               ; PrintCh -- emit A through Chrout, maintaining BAS_POSX (CR resets it).
00077Ar 2               ; ---------------------------------------------------------------------------
00077Ar 2               PrintCh:
00077Ar 2  C9 0D                cmp     #$0D
00077Cr 2  F0 0C                beq     @cr
00077Er 2  C9 0A                cmp     #$0A
000780r 2  F0 08                beq     @cr
000782r 2  48                   pha
000783r 2  EE 70 03             inc     BAS_POSX
000786r 2  68                   pla
000787r 2  4C rr rr             jmp     Chrout
00078Ar 2               @cr:
00078Ar 2  9C 70 03             stz     BAS_POSX
00078Dr 2  4C rr rr             jmp     Chrout
000790r 2               
000790r 2               ; ---------------------------------------------------------------------------
000790r 2               ; PrintNum -- emit FAC as ASCII via Fout, tracking column.
000790r 2               ; ---------------------------------------------------------------------------
000790r 2               PrintNum:
000790r 2  20 rr rr             jsr     Fout                    ; (Y,A) = NUL-terminated buffer
000793r 2  85 20                sta     INDEX
000795r 2  84 21                sty     INDEX+1
000797r 2  A0 00                ldy     #0
000799r 2               @loop:
000799r 2  B1 20                lda     (INDEX),y
00079Br 2  F0 06                beq     @done
00079Dr 2  20 rr rr             jsr     PrintCh
0007A0r 2  C8                   iny
0007A1r 2  D0 F6                bne     @loop
0007A3r 2               @done:
0007A3r 2  60                   rts
0007A4r 2               
0007A4r 2               ; ---------------------------------------------------------------------------
0007A4r 2               ; PrintStrFAC -- emit string-descriptor at FAC..FAC+2.
0007A4r 2               ; ---------------------------------------------------------------------------
0007A4r 2               PrintStrFAC:
0007A4r 2  A5 0F                lda     FAC+1
0007A6r 2  85 20                sta     INDEX
0007A8r 2  A5 10                lda     FAC+2
0007AAr 2  85 21                sta     INDEX+1
0007ACr 2  A0 00                ldy     #0
0007AEr 2               @loop:
0007AEr 2  C4 0E                cpy     FAC
0007B0r 2  F0 08                beq     @done
0007B2r 2  B1 20                lda     (INDEX),y
0007B4r 2  20 rr rr             jsr     PrintCh
0007B7r 2  C8                   iny
0007B8r 2  80 F4                bra     @loop
0007BAr 2               @done:
0007BAr 2  60                   rts
0007BBr 2               
0007BBr 2               ; ---------------------------------------------------------------------------
0007BBr 2               ; PrintHex16 -- emit FAC+3,FAC+4 (lo,hi) as "$XXXX".
0007BBr 2               ; ---------------------------------------------------------------------------
0007BBr 2               PrintHex16:
0007BBr 2  A9 24                lda     #'$'
0007BDr 2  20 rr rr             jsr     PrintCh
0007C0r 2  A5 11                lda     FAC+3
0007C2r 2  20 rr rr             jsr     PrintHexByte
0007C5r 2  A5 12                lda     FAC+4
0007C7r 2                       ; fall through
0007C7r 2               PrintHexByte:
0007C7r 2  48                   pha
0007C8r 2  4A                   lsr     a
0007C9r 2  4A                   lsr     a
0007CAr 2  4A                   lsr     a
0007CBr 2  4A                   lsr     a
0007CCr 2  20 rr rr             jsr     @nib
0007CFr 2  68                   pla
0007D0r 2  29 0F                and     #$0F
0007D2r 2               @nib:
0007D2r 2  C9 0A                cmp     #10
0007D4r 2  90 02                bcc     @dig
0007D6r 2  69 06                adc     #'A'-'9'-2              ; +'A'-10-1 (carry already set)
0007D8r 2               @dig:
0007D8r 2  69 30                adc     #'0'
0007DAr 2  4C rr rr             jmp     PrintCh
0007DDr 2               
0007DDr 2               ; =============================================================================
0007DDr 2               ;   B a s P r i n t K e y w o r d
0007DDr 2               ; =============================================================================
0007DDr 2               ; Print the keyword whose token byte is in A (bit 7 set).
0007DDr 2               ; Walks the keyword table to find entry (A - TOK_BASE) and prints its chars.
0007DDr 2               ; =============================================================================
0007DDr 2               BasPrintKeyword:
0007DDr 2  38                   sec
0007DEr 2  E9 80                sbc     #TOK_BASE               ; A = index
0007E0r 2  AA                   tax
0007E1r 2                       ; Walk via 16-bit BAS_KWPTR since the table is > 256 bytes.
0007E1r 2  A9 rr                lda     #<KeywordTbl
0007E3r 2  85 61                sta     BAS_KWPTR
0007E5r 2  A9 rr                lda     #>KeywordTbl
0007E7r 2  85 62                sta     BAS_KWPTR+1
0007E9r 2  A0 00                ldy     #0
0007EBr 2               @FindLoop:
0007EBr 2  E0 00                cpx     #0
0007EDr 2  F0 0F                beq     @PrintIt
0007EFr 2                       ; Skip current keyword: walk byte-by-byte until we consume a byte
0007EFr 2                       ; whose bit 7 is set (last char of the keyword).
0007EFr 2               @Skip:
0007EFr 2  B1 61                lda     (BAS_KWPTR),y           ; Y == 0
0007F1r 2  E6 61                inc     BAS_KWPTR
0007F3r 2  D0 02                bne     @SkipNoCarry
0007F5r 2  E6 62                inc     BAS_KWPTR+1
0007F7r 2               @SkipNoCarry:
0007F7r 2  C9 80                cmp     #$80                    ; C set iff loaded byte >= $80
0007F9r 2  90 F4                bcc     @Skip
0007FBr 2               @SkipEnd:
0007FBr 2  CA                   dex
0007FCr 2  80 ED                bra     @FindLoop
0007FEr 2               @PrintIt:
0007FEr 2               @PrintLoop:
0007FEr 2  B1 61                lda     (BAS_KWPTR),y           ; Y == 0
000800r 2  E6 61                inc     BAS_KWPTR
000802r 2  D0 02                bne     @PrintNoCarry
000804r 2  E6 62                inc     BAS_KWPTR+1
000806r 2               @PrintNoCarry:
000806r 2  48                   pha
000807r 2  29 7F                and     #$7F
000809r 2  20 rr rr             jsr     Chrout
00080Cr 2  68                   pla
00080Dr 2  10 EF                bpl     @PrintLoop
00080Fr 2  60                   rts
000810r 2               
000810r 2               ; =============================================================================
000810r 2               ;   E R R O R   H A N D L I N G
000810r 2               ; =============================================================================
000810r 2               
000810r 2               BasErrSyntax:
000810r 2  A9 00                lda     #ERR_SYNTAX
000812r 2                       ; fall through
000812r 2               
000812r 2               ; BasError - print "?<msg> ERROR[ IN nnnn]" and return to the REPL.
000812r 2               ;   Input: A = error code (index into ErrorMessages).
000812r 2               ;   Resets the stack, prints, and jumps to BasReadyLoop.
000812r 2               BasError:
000812r 2  85 3E                sta     BAS_TMP3                ; stash code (stack reset wipes A on stack)
000814r 2  A2 FF                ldx     #$FF
000816r 2  9A                   txs
000817r 2  8E 75 03             stx     BAS_STKBASE
00081Ar 2                       ; An error can strike anywhere -- part-way through an expression, deep
00081Ar 2                       ; in a string function -- so unlike a STOP there is no boundary to
00081Ar 2                       ; unwind to and the FOR/GOSUB frames go with it.  Saying CAN'T CONTINUE
00081Ar 2                       ; is then the honest answer: resuming onto a frame that is no longer
00081Ar 2                       ; there is how ?NEXT WITHOUT FOR turns up two statements later.
00081Ar 2  9C 6E 03             stz     BAS_OLDTEXT+1
00081Dr 2  20 rr rr             jsr     BasTextCRLF
000820r 2  A9 3F                lda     #'?'
000822r 2  20 rr rr             jsr     Chrout
000825r 2  A5 3E                lda     BAS_TMP3
000827r 2                       ; A = error code; print the matching message.
000827r 2  20 rr rr             jsr     BasPrintErrorMsg
00082Ar 2                       ; Append " ERROR" and (if not direct mode) line number.
00082Ar 2  A9 rr                lda     #<MsgErrorWord
00082Cr 2  A0 rr                ldy     #>MsgErrorWord
00082Er 2  20 rr rr             jsr     BasPrintStr
000831r 2  4C rr rr             jmp     BasStopAtLine
000834r 2               
000834r 2               ; BasStopAtLine / BasStopDirect - the tail every "stop and go back to the
000834r 2               ;   prompt" path shares: an error, a STOP, a Ctrl+C break.
000834r 2               ;
000834r 2               ;   BasStopAtLine appends " IN nnnn" when a program is running and says nothing
000834r 2               ;   in direct mode; BasStopDirect skips straight past that, for the caller that
000834r 2               ;   has already decided there is no line to name.  Both then mark direct mode
000834r 2               ;   and bounce to the REPL.
000834r 2               ;
000834r 2               ;   Entered with a jmp, never a jsr - it does not come back, and every caller
000834r 2               ;   has already put the stack pointer where it belongs: an error resets it to
000834r 2               ;   $FF, a STOP or a break winds it back to BAS_STKBASE so the program's FOR
000834r 2               ;   and GOSUB frames are still there for CONT.
000834r 2               BasStopAtLine:
000834r 2  AD 6A 03             lda     BAS_CURLIN+1
000837r 2  C9 FF                cmp     #$FF
000839r 2  F0 14                beq     BasStopDirect
00083Br 2  A9 rr                lda     #<MsgInWord
00083Dr 2  A0 rr                ldy     #>MsgInWord
00083Fr 2  20 rr rr             jsr     BasPrintStr
000842r 2  AD 69 03             lda     BAS_CURLIN
000845r 2  85 08                sta     BAS_LINNUM
000847r 2  AD 6A 03             lda     BAS_CURLIN+1
00084Ar 2  85 09                sta     BAS_LINNUM+1
00084Cr 2  20 rr rr             jsr     BasPrintLineNum
00084Fr 2               BasStopDirect:
00084Fr 2                       ; Mark direct mode and bounce back to REPL.
00084Fr 2  A9 FF                lda     #$FF
000851r 2  8D 69 03             sta     BAS_CURLIN
000854r 2  8D 6A 03             sta     BAS_CURLIN+1
000857r 2  4C rr rr             jmp     BasReadyLoop
00085Ar 2               
00085Ar 2               ; BasTextCRLF - BasTextConsole, then a CRLF: how an error, a STOP and a Ctrl+C
00085Ar 2               ;   break start their message, so it lands on a screen that can show it.
00085Ar 2               BasTextCRLF:
00085Ar 2  20 rr rr             jsr     BasTextConsole
00085Dr 2  4C rr rr             jmp     BasPrintCRLF
000860r 2               
000860r 2               ; BasTextConsole - put the Text console back once a program has stopped.
000860r 2               ;   A program that left the card in another mode (SCREEN 1-3, VREG 13, SPRITE,
000860r 2               ;   SCROLL, LAYER -- anything that took VID_MODE off $01) would otherwise get
000860r 2               ;   its error, its BREAK and the OK prompt written into a name table nobody can
000860r 2               ;   read.  InitVideo + CLS, only then: VPOKE and PALETTE leave VID_MODE alone,
000860r 2               ;   so glyphs a program redefined in Text mode survive END.  No card: nothing.
000860r 2               BasTextConsole:
000860r 2  2C 0D 03             bit     HW_PRESENT              ; Video is bit 7
000863r 2  10 0D                bpl     @done
000865r 2  AD 93 03             lda     VID_MODE
000868r 2  C9 01                cmp     #$01
00086Ar 2  F0 06                beq     @done
00086Cr 2  20 rr rr             jsr     InitVideo
00086Fr 2  4C rr rr             jmp     VideoClear
000872r 2               @done:
000872r 2  60                   rts
000873r 2               
000873r 2               ; BasPrintErrorMsg - print message #A from the error-message table.
000873r 2               ;   Each message is NUL-terminated; the table is a sequence of those.
000873r 2               BasPrintErrorMsg:
000873r 2  AA                   tax
000874r 2  A9 rr                lda     #<ErrorMessages
000876r 2  85 3A                sta     BAS_TMP1
000878r 2  A9 rr                lda     #>ErrorMessages
00087Ar 2  85 3B                sta     BAS_TMP1+1
00087Cr 2               @Skip:
00087Cr 2  E0 00                cpx     #0
00087Er 2  F0 17                beq     @Print
000880r 2                       ; Walk past one message (advance until NUL, then one more).
000880r 2               @SkipLoop:
000880r 2  A0 00                ldy     #0
000882r 2  B1 3A                lda     (BAS_TMP1),y
000884r 2  F0 08                beq     @SkipDone
000886r 2  E6 3A                inc     BAS_TMP1
000888r 2  D0 F6                bne     @SkipLoop
00088Ar 2  E6 3B                inc     BAS_TMP1+1
00088Cr 2  80 F2                bra     @SkipLoop
00088Er 2               @SkipDone:
00088Er 2  E6 3A                inc     BAS_TMP1
000890r 2  D0 02                bne     @SkippedHi
000892r 2  E6 3B                inc     BAS_TMP1+1
000894r 2               @SkippedHi:
000894r 2  CA                   dex
000895r 2  80 E5                bra     @Skip
000897r 2               @Print:
000897r 2  A5 3A                lda     BAS_TMP1
000899r 2  A4 3B                ldy     BAS_TMP1+1
00089Br 2  4C rr rr             jmp     BasPrintStr
00089Er 2               
00089Er 2               
00089Er 2               ; =============================================================================
00089Er 2               ;   F L O A T I N G - P O I N T   R U N T I M E
00089Er 2               ;
00089Er 2               ;   Externals required by the inlined MSBASIC FP code:
00089Er 2               ;     ChrGet   - advance TXTPTR and load next non-space tokenized char
00089Er 2               ;                (used by Fin; never exercised by the FP tests).
00089Er 2               ;     BasErrorVec    - error vector; X = error code
00089Er 2               ;     IqErr    - "?ILLEGAL QUANTITY" entry
00089Er 2               ;     STROUT   - print NUL-terminated string at (A=lo, Y=hi)
00089Er 2               ;     QtIn    - the literal " IN " string (used only by InPrt)
00089Er 2               ; =============================================================================
00089Er 2               
00089Er 2               ; --- ChrGet / ChrGot --------------------------------------------------------
00089Er 2               ; Real implementation (ROM, not ZP self-modifying).  Increments TXTPTR and
00089Er 2               ; returns the next non-space byte at (TXTPTR) in A, with carry CLEAR if the
00089Er 2               ; byte is a digit '0'-'9'.  ChrGot re-reads the current byte without
00089Er 2               ; advancing first.  Both clobber only A and flags.
00089Er 2               ;
00089Er 2               ; Side effects on flags after the routine returns:
00089Er 2               ;   Z=1  if A == $00 or A is a tokenized/keyword byte that wraps to zero
00089Er 2               ;        (used by callers checking end-of-statement).
00089Er 2               ;   C=0  if A is a digit ('0'-'9'); else C=1.
00089Er 2               ;
00089Er 2               ; Implementation matches msbasic-master/chrget.s.
00089Er 2               ChrGet:
00089Er 2  E6 04                inc     TXTPTR
0008A0r 2  D0 02                bne     ChrGot
0008A2r 2  E6 05                inc     TXTPTR+1
0008A4r 2               ChrGot:
0008A4r 2  B2 04                lda     (TXTPTR)
0008A6r 2  C9 3A                cmp     #':'
0008A8r 2  B0 0A                bcs     @out
0008AAr 2  C9 20                cmp     #' '
0008ACr 2  F0 F0                beq     ChrGet
0008AEr 2  38                   sec
0008AFr 2  E9 30                sbc     #'0'
0008B1r 2  38                   sec
0008B2r 2  E9 D0                sbc     #$D0                    ; restore A; sets C=0 iff digit
0008B4r 2               @out:
0008B4r 2  60                   rts
0008B5r 2               
0008B5r 2               ; --- Error trampolines ------------------------------------------------------
0008B5r 2               ; The MSBASIC convention is "ldx #code / jmp ERROR".  Our BasError takes
0008B5r 2               ; the code in A, so translate.
0008B5r 2               BasErrorVec:
0008B5r 2  8A                   txa
0008B6r 2  4C rr rr             jmp     BasError
0008B9r 2               
0008B9r 2               IqErr:
0008B9r 2  A2 0B                ldx     #ERR_ILLQUAN
0008BBr 2  4C rr rr             jmp     BasErrorVec
0008BEr 2               
0008BEr 2               ; --- String output ----------------------------------------------------------
0008BEr 2               ; FP code calls STROUT with (A=lo, Y=hi).  BasPrintStr matches that ABI.
0008BEr 2               STROUT          := BasPrintStr
0008BEr 2               
0008BEr 2               ; --- "IN " literal (referenced by InPrt) ----------------------------------
0008BEr 2               QtIn:
0008BEr 2  20 49 4E 20          .byte   " IN ",0
0008C2r 2  00           
0008C3r 2               
0008C3r 2               ; --- Shared RTS targets used by branches in the FP code --------------------
0008C3r 2               ; The original MSBASIC defines Rts3 in poke.s (which we don't include).
0008C3r 2               ; Provide a single shared RTS landing pad here.
0008C3r 2               Rts3:
0008C3r 2  60                   rts
0008C4r 2               
0008C4r 2               ; =============================================================================
0008C4r 2               ;   F L O A T I N G - P O I N T   R U N T I M E   ( P h a s e   2 )
0008C4r 2               ;
0008C4r 2               ;   Inline-ported from msbasic-master/{float,trig,rnd}.s.  Symbol aliases for
0008C4r 2               ;   FAC, ARG, INDEX, etc. are defined at the top of this file.  External hooks
0008C4r 2               ;   (ChrGet, BasErrorVec, IqErr, STROUT, QtIn) are stubbed below.
0008C4r 2               ; =============================================================================
0008C4r 2               
0008C4r 2               ; ===== from msbasic-master/float.s =====
0008C4r 2               ; (.segment removed - inlined into BASIC)
0008C4r 2               
0008C4r 2               TEMP1X = TEMP1+(5-BYTES_FP)
0008C4r 2               
0008C4r 2               ; ----------------------------------------------------------------------------
0008C4r 2               ; ADD 0.5 TO FAC
0008C4r 2               ; ----------------------------------------------------------------------------
0008C4r 2               FAddH:
0008C4r 2  A9 rr                lda     #<ConHalf
0008C6r 2  A0 rr                ldy     #>ConHalf
0008C8r 2  4C rr rr             jmp     FAdd
0008CBr 2               
0008CBr 2               ; ----------------------------------------------------------------------------
0008CBr 2               ; FAC = (Y,A) - FAC
0008CBr 2               ; ----------------------------------------------------------------------------
0008CBr 2               FSub:
0008CBr 2  20 rr rr             jsr     LoadArgFromYa
0008CEr 2               
0008CEr 2               ; ----------------------------------------------------------------------------
0008CEr 2               ; FAC = ARG - FAC
0008CEr 2               ; ----------------------------------------------------------------------------
0008CEr 2               FSubT:
0008CEr 2  A5 13                lda     FACSIGN
0008D0r 2  49 FF                eor     #$FF
0008D2r 2  85 13                sta     FACSIGN
0008D4r 2  45 1B                eor     ARGSIGN
0008D6r 2  85 1C                sta     SGNCPR
0008D8r 2  A5 0E                lda     FAC
0008DAr 2  4C rr rr             jmp     FAddT
0008DDr 2               
0008DDr 2               ; ----------------------------------------------------------------------------
0008DDr 2               ; Commodore BASIC V2 Easter Egg
0008DDr 2               ; ----------------------------------------------------------------------------
0008DDr 2               
0008DDr 2               ; ----------------------------------------------------------------------------
0008DDr 2               ; SHIFT SMALLER ARGUMENT MORE THAN 7 BITS
0008DDr 2               ; ----------------------------------------------------------------------------
0008DDr 2               FAdd1:
0008DDr 2  20 rr rr             jsr     ShiftRight
0008E0r 2  90 3C                bcc     FAdd3
0008E2r 2               
0008E2r 2               ; ----------------------------------------------------------------------------
0008E2r 2               ; FAC = (Y,A) + FAC
0008E2r 2               ; ----------------------------------------------------------------------------
0008E2r 2               FAdd:
0008E2r 2  20 rr rr             jsr     LoadArgFromYa
0008E5r 2               
0008E5r 2               ; ----------------------------------------------------------------------------
0008E5r 2               ; FAC = ARG + FAC
0008E5r 2               ; ----------------------------------------------------------------------------
0008E5r 2               FAddT:
0008E5r 2  D0 03                bne     Lbl365B
0008E7r 2  4C rr rr             jmp     CopyArgToFac
0008EAr 2               Lbl365B:
0008EAr 2  A6 1D                ldx     FACEXTENSION
0008ECr 2  86 43                stx     ARGEXTENSION
0008EEr 2  A2 16                ldx     #ARG
0008F0r 2  A5 16                lda     ARG
0008F2r 2               FAdd2:
0008F2r 2  A8                   tay
0008F3r 2  F0 CE                beq     Rts3
0008F5r 2  38                   sec
0008F6r 2  E5 0E                sbc     FAC
0008F8r 2  F0 24                beq     FAdd3
0008FAr 2  90 12                bcc     Lbl367F
0008FCr 2  84 0E                sty     FAC
0008FEr 2  A4 1B                ldy     ARGSIGN
000900r 2  84 13                sty     FACSIGN
000902r 2  49 FF                eor     #$FF
000904r 2  69 00                adc     #$00
000906r 2  A0 00                ldy     #$00
000908r 2  84 43                sty     ARGEXTENSION
00090Ar 2  A2 0E                ldx     #FAC
00090Cr 2  D0 04                bne     Lbl3683
00090Er 2               Lbl367F:
00090Er 2  A0 00                ldy     #$00
000910r 2  84 1D                sty     FACEXTENSION
000912r 2               Lbl3683:
000912r 2  C9 F9                cmp     #$F9
000914r 2  30 C7                bmi     FAdd1
000916r 2  A8                   tay
000917r 2  A5 1D                lda     FACEXTENSION
000919r 2  56 01                lsr     1,x
00091Br 2  20 rr rr             jsr     ShiftRight4
00091Er 2               FAdd3:
00091Er 2  24 1C                bit     SGNCPR
000920r 2  10 57                bpl     FAdd4
000922r 2  A0 0E                ldy     #FAC
000924r 2  E0 16                cpx     #ARG
000926r 2  F0 02                beq     Lbl369B
000928r 2  A0 16                ldy     #ARG
00092Ar 2               Lbl369B:
00092Ar 2  38                   sec
00092Br 2  49 FF                eor     #$FF
00092Dr 2  65 43                adc     ARGEXTENSION
00092Fr 2  85 1D                sta     FACEXTENSION
000931r 2  B9 04 00             lda     4,y
000934r 2  F5 04                sbc     4,x
000936r 2  85 12                sta     FAC+4
000938r 2  B9 03 00             lda     3,y
00093Br 2  F5 03                sbc     3,x
00093Dr 2  85 11                sta     FAC+3
00093Fr 2  B9 02 00             lda     2,y
000942r 2  F5 02                sbc     2,x
000944r 2  85 10                sta     FAC+2
000946r 2  B9 01 00             lda     1,y
000949r 2  F5 01                sbc     1,x
00094Br 2  85 0F                sta     FAC+1
00094Dr 2               
00094Dr 2               ; ----------------------------------------------------------------------------
00094Dr 2               ; NORMALIZE VALUE IN FAC
00094Dr 2               ; ----------------------------------------------------------------------------
00094Dr 2               NormalizeFac1:
00094Dr 2  B0 03                bcs     NormalizeFac2
00094Fr 2  20 rr rr             jsr     ComplementFac
000952r 2               NormalizeFac2:
000952r 2  A0 00                ldy     #$00
000954r 2  98                   tya
000955r 2  18                   clc
000956r 2               Lbl36C7:
000956r 2  A6 0F                ldx     FAC+1
000958r 2  D0 4A                bne     NormalizeFac4
00095Ar 2  A6 10                ldx     FAC+2
00095Cr 2  86 0F                stx     FAC+1
00095Er 2  A6 11                ldx     FAC+3
000960r 2  86 10                stx     FAC+2
000962r 2  A6 12                ldx     FAC+4
000964r 2  86 11                stx     FAC+3
000966r 2  A6 1D                ldx     FACEXTENSION
000968r 2  86 12                stx     FAC+4
00096Ar 2  84 1D                sty     FACEXTENSION
00096Cr 2  69 08                adc     #$08
00096Er 2  C9 20                cmp     #MANTISSA_BYTES*8
000970r 2  D0 E4                bne     Lbl36C7
000972r 2               
000972r 2               ; ----------------------------------------------------------------------------
000972r 2               ; SET FAC = 0
000972r 2               ; (ONLY NECESSARY TO Zero EXPONENT AND Sign CELLS)
000972r 2               ; ----------------------------------------------------------------------------
000972r 2               ZeroFac:
000972r 2  A9 00                lda     #$00
000974r 2               StaInFacSignAndExp:
000974r 2  85 0E                sta     FAC
000976r 2               StaInFacSign:
000976r 2  85 13                sta     FACSIGN
000978r 2  60                   rts
000979r 2               
000979r 2               ; ----------------------------------------------------------------------------
000979r 2               ; ADD MANTISSAS OF FAC AND ARG INTO FAC
000979r 2               ; ----------------------------------------------------------------------------
000979r 2               FAdd4:
000979r 2  65 43                adc     ARGEXTENSION
00097Br 2  85 1D                sta     FACEXTENSION
00097Dr 2  A5 12                lda     FAC+4
00097Fr 2  65 1A                adc     ARG+4
000981r 2  85 12                sta     FAC+4
000983r 2  A5 11                lda     FAC+3
000985r 2  65 19                adc     ARG+3
000987r 2  85 11                sta     FAC+3
000989r 2  A5 10                lda     FAC+2
00098Br 2  65 18                adc     ARG+2
00098Dr 2  85 10                sta     FAC+2
00098Fr 2  A5 0F                lda     FAC+1
000991r 2  65 17                adc     ARG+1
000993r 2  85 0F                sta     FAC+1
000995r 2  4C rr rr             jmp     NormalizeFac5
000998r 2               
000998r 2               ; ----------------------------------------------------------------------------
000998r 2               ; FINISH NORMALIZING FAC
000998r 2               ; ----------------------------------------------------------------------------
000998r 2               NormalizeFac3:
000998r 2  69 01                adc     #$01
00099Ar 2  06 1D                asl     FACEXTENSION
00099Cr 2  26 12                rol     FAC+4
00099Er 2  26 11                rol     FAC+3
0009A0r 2  26 10                rol     FAC+2
0009A2r 2  26 0F                rol     FAC+1
0009A4r 2               NormalizeFac4:
0009A4r 2  10 F2                bpl     NormalizeFac3
0009A6r 2  38                   sec
0009A7r 2  E5 0E                sbc     FAC
0009A9r 2  B0 C7                bcs     ZeroFac
0009ABr 2  49 FF                eor     #$FF
0009ADr 2  69 01                adc     #$01
0009AFr 2  85 0E                sta     FAC
0009B1r 2               NormalizeFac5:
0009B1r 2  90 0E                bcc     Lbl3764
0009B3r 2               NormalizeFac6:
0009B3r 2  E6 0E                inc     FAC
0009B5r 2  F0 42                beq     Overflow
0009B7r 2  66 0F                ror     FAC+1
0009B9r 2  66 10                ror     FAC+2
0009BBr 2  66 11                ror     FAC+3
0009BDr 2  66 12                ror     FAC+4
0009BFr 2  66 1D                ror     FACEXTENSION
0009C1r 2               Lbl3764:
0009C1r 2  60                   rts
0009C2r 2               
0009C2r 2               ; ----------------------------------------------------------------------------
0009C2r 2               ; 2'S COMPLEMENT OF FAC
0009C2r 2               ; ----------------------------------------------------------------------------
0009C2r 2               ComplementFac:
0009C2r 2  A5 13                lda     FACSIGN
0009C4r 2  49 FF                eor     #$FF
0009C6r 2  85 13                sta     FACSIGN
0009C8r 2               
0009C8r 2               ; ----------------------------------------------------------------------------
0009C8r 2               ; 2'S COMPLEMENT OF FAC MANTISSA ONLY
0009C8r 2               ; ----------------------------------------------------------------------------
0009C8r 2               ComplementFacMantissa:
0009C8r 2  A5 0F                lda     FAC+1
0009CAr 2  49 FF                eor     #$FF
0009CCr 2  85 0F                sta     FAC+1
0009CEr 2  A5 10                lda     FAC+2
0009D0r 2  49 FF                eor     #$FF
0009D2r 2  85 10                sta     FAC+2
0009D4r 2  A5 11                lda     FAC+3
0009D6r 2  49 FF                eor     #$FF
0009D8r 2  85 11                sta     FAC+3
0009DAr 2  A5 12                lda     FAC+4
0009DCr 2  49 FF                eor     #$FF
0009DEr 2  85 12                sta     FAC+4
0009E0r 2  A5 1D                lda     FACEXTENSION
0009E2r 2  49 FF                eor     #$FF
0009E4r 2  85 1D                sta     FACEXTENSION
0009E6r 2  E6 1D                inc     FACEXTENSION
0009E8r 2  D0 0E                bne     Rts12
0009EAr 2               
0009EAr 2               ; ----------------------------------------------------------------------------
0009EAr 2               ; INCREMENT FAC MANTISSA
0009EAr 2               ; ----------------------------------------------------------------------------
0009EAr 2               IncrementFacMantissa:
0009EAr 2  E6 12                inc     FAC+4
0009ECr 2  D0 0A                bne     Rts12
0009EEr 2  E6 11                inc     FAC+3
0009F0r 2  D0 06                bne     Rts12
0009F2r 2  E6 10                inc     FAC+2
0009F4r 2  D0 02                bne     Rts12
0009F6r 2  E6 0F                inc     FAC+1
0009F8r 2               Rts12:
0009F8r 2  60                   rts
0009F9r 2               Overflow:
0009F9r 2  A2 01                ldx     #ERR_OVERFLOW
0009FBr 2  4C rr rr             jmp     BasErrorVec
0009FEr 2               
0009FEr 2               ; ----------------------------------------------------------------------------
0009FEr 2               ; SHIFT 1,X THRU 5,X RIGHT
0009FEr 2               ; (A) = NEGATIVE OF SHIFT COUNT
0009FEr 2               ; (X) = POINTER TO BYTES TO BE SHIFTED
0009FEr 2               ;
0009FEr 2               ; RETURN WITH (Y)=0, CARRY=0, EXTENSION BITS IN A-REG
0009FEr 2               ; ----------------------------------------------------------------------------
0009FEr 2               ShiftRight1:
0009FEr 2  A2 47                ldx     #RESULT-1
000A00r 2               ShiftRight2:
000A00r 2  B4 04                ldy     4,x
000A02r 2  84 1D                sty     FACEXTENSION
000A04r 2  B4 03                ldy     3,x
000A06r 2  94 04                sty     4,x
000A08r 2  B4 02                ldy     2,x
000A0Ar 2  94 03                sty     3,x
000A0Cr 2  B4 01                ldy     1,x
000A0Er 2  94 02                sty     2,x
000A10r 2  A4 15                ldy     SHIFTSIGNEXT
000A12r 2  94 01                sty     1,x
000A14r 2               
000A14r 2               ; ----------------------------------------------------------------------------
000A14r 2               ; MAIN ENTRY TO RIGHT SHIFT SUBROUTINE
000A14r 2               ; ----------------------------------------------------------------------------
000A14r 2               ShiftRight:
000A14r 2  69 08                adc     #$08
000A16r 2  30 E8                bmi     ShiftRight2
000A18r 2  F0 E6                beq     ShiftRight2
000A1Ar 2  E9 08                sbc     #$08
000A1Cr 2  A8                   tay
000A1Dr 2  A5 1D                lda     FACEXTENSION
000A1Fr 2  B0 14                bcs     ShiftRight5
000A21r 2               LblB588:
000A21r 2  16 01                asl     1,x
000A23r 2  90 02                bcc     LblB58E
000A25r 2  F6 01                inc     1,x
000A27r 2               LblB58E:
000A27r 2  76 01                ror     1,x
000A29r 2  76 01                ror     1,x
000A2Br 2               
000A2Br 2               ; ----------------------------------------------------------------------------
000A2Br 2               ; ENTER HERE FOR SHORT SHIFTS WITH NO Sign EXTENSION
000A2Br 2               ; ----------------------------------------------------------------------------
000A2Br 2               ShiftRight4:
000A2Br 2  76 02                ror     2,x
000A2Dr 2  76 03                ror     3,x
000A2Fr 2  76 04                ror     4,x
000A31r 2  6A                   ror     a
000A32r 2  C8                   iny
000A33r 2  D0 EC                bne     LblB588
000A35r 2               ShiftRight5:
000A35r 2  18                   clc
000A36r 2  60                   rts
000A37r 2               
000A37r 2               ; ----------------------------------------------------------------------------
000A37r 2               ConOne:
000A37r 2  81 00 00 00          .byte   $81,$00,$00,$00,$00
000A3Br 2  00           
000A3Cr 2               PolyLog:
000A3Cr 2  03                   .byte   $03
000A3Dr 2  7F 5E 56 CB  		.byte   $7F,$5E,$56,$CB,$79
000A41r 2  79           
000A42r 2  80 13 9B 0B  		.byte   $80,$13,$9B,$0B,$64
000A46r 2  64           
000A47r 2  80 76 38 93  		.byte   $80,$76,$38,$93,$16
000A4Br 2  16           
000A4Cr 2  82 38 AA 3B          .byte   $82,$38,$AA,$3B,$20
000A50r 2  20           
000A51r 2               ConSqrHalf:
000A51r 2  80 35 04 F3          .byte   $80,$35,$04,$F3,$34
000A55r 2  34           
000A56r 2               ConSqrTwo:
000A56r 2  81 35 04 F3          .byte   $81,$35,$04,$F3,$34
000A5Ar 2  34           
000A5Br 2               ConNegHalf:
000A5Br 2  80 80 00 00          .byte   $80,$80,$00,$00,$00
000A5Fr 2  00           
000A60r 2               ConLogTwo:
000A60r 2  80 31 72 17          .byte   $80,$31,$72,$17,$F8
000A64r 2  F8           
000A65r 2               
000A65r 2               ; ----------------------------------------------------------------------------
000A65r 2               ; "LOG" FUNCTION
000A65r 2               ; ----------------------------------------------------------------------------
000A65r 2               Log:
000A65r 2  20 rr rr             jsr     Sign
000A68r 2  F0 02                beq     Giq
000A6Ar 2  10 03                bpl     Log2
000A6Cr 2               Giq:
000A6Cr 2  4C rr rr             jmp     IqErr
000A6Fr 2               Log2:
000A6Fr 2  A5 0E                lda     FAC
000A71r 2  E9 7F                sbc     #$7F
000A73r 2  48                   pha
000A74r 2  A9 80                lda     #$80
000A76r 2  85 0E                sta     FAC
000A78r 2  A9 rr                lda     #<ConSqrHalf
000A7Ar 2  A0 rr                ldy     #>ConSqrHalf
000A7Cr 2  20 rr rr             jsr     FAdd
000A7Fr 2  A9 rr                lda     #<ConSqrTwo
000A81r 2  A0 rr                ldy     #>ConSqrTwo
000A83r 2  20 rr rr             jsr     FDiv
000A86r 2  A9 rr                lda     #<ConOne
000A88r 2  A0 rr                ldy     #>ConOne
000A8Ar 2  20 rr rr             jsr     FSub
000A8Dr 2  A9 rr                lda     #<PolyLog
000A8Fr 2  A0 rr                ldy     #>PolyLog
000A91r 2  20 rr rr             jsr     PolynomialOdd
000A94r 2  A9 rr                lda     #<ConNegHalf
000A96r 2  A0 rr                ldy     #>ConNegHalf
000A98r 2  20 rr rr             jsr     FAdd
000A9Br 2  68                   pla
000A9Cr 2  20 rr rr             jsr     AddAcc
000A9Fr 2  A9 rr                lda     #<ConLogTwo
000AA1r 2  A0 rr                ldy     #>ConLogTwo
000AA3r 2               
000AA3r 2               ; ----------------------------------------------------------------------------
000AA3r 2               ; FAC = (Y,A) * FAC
000AA3r 2               ; ----------------------------------------------------------------------------
000AA3r 2               FMult:
000AA3r 2  20 rr rr             jsr     LoadArgFromYa
000AA6r 2               
000AA6r 2               ; ----------------------------------------------------------------------------
000AA6r 2               ; FAC = ARG * FAC
000AA6r 2               ; ----------------------------------------------------------------------------
000AA6r 2               FMultT:
000AA6r 2  D0 03 4C rr          jeq     Lbl3903
000AAAr 2  rr           
000AABr 2  20 rr rr             jsr     AddExponents
000AAEr 2  A9 00                lda     #$00
000AB0r 2  85 48                sta     RESULT
000AB2r 2  85 49                sta     RESULT+1
000AB4r 2  85 4A                sta     RESULT+2
000AB6r 2  85 4B                sta     RESULT+3
000AB8r 2  A5 1D                lda     FACEXTENSION
000ABAr 2  20 rr rr             jsr     Multiply1
000ABDr 2  A5 12                lda     FAC+4
000ABFr 2  20 rr rr             jsr     Multiply1
000AC2r 2  A5 11                lda     FAC+3
000AC4r 2  20 rr rr             jsr     Multiply1
000AC7r 2  A5 10                lda     FAC+2
000AC9r 2  20 rr rr             jsr     Multiply1
000ACCr 2  A5 0F                lda     FAC+1
000ACEr 2  20 rr rr             jsr     Multiply2
000AD1r 2  4C rr rr             jmp     CopyResultIntoFac
000AD4r 2               
000AD4r 2               ; ----------------------------------------------------------------------------
000AD4r 2               ; MULTIPLY ARG BY (A) INTO RESULT
000AD4r 2               ; ----------------------------------------------------------------------------
000AD4r 2               Multiply1:
000AD4r 2  D0 03                bne     Multiply2
000AD6r 2  4C rr rr             jmp     ShiftRight1
000AD9r 2               Multiply2:
000AD9r 2  4A                   lsr     a
000ADAr 2  09 80                ora     #$80
000ADCr 2               Lbl38A7:
000ADCr 2  A8                   tay
000ADDr 2  90 19                bcc     Lbl38C3
000ADFr 2  18                   clc
000AE0r 2  A5 4B                lda     RESULT+3
000AE2r 2  65 1A                adc     ARG+4
000AE4r 2  85 4B                sta     RESULT+3
000AE6r 2  A5 4A                lda     RESULT+2
000AE8r 2  65 19                adc     ARG+3
000AEAr 2  85 4A                sta     RESULT+2
000AECr 2  A5 49                lda     RESULT+1
000AEEr 2  65 18                adc     ARG+2
000AF0r 2  85 49                sta     RESULT+1
000AF2r 2  A5 48                lda     RESULT
000AF4r 2  65 17                adc     ARG+1
000AF6r 2  85 48                sta     RESULT
000AF8r 2               Lbl38C3:
000AF8r 2  66 48                ror     RESULT
000AFAr 2  66 49                ror     RESULT+1
000AFCr 2  66 4A                ror     RESULT+2
000AFEr 2  66 4B                ror     RESULT+3
000B00r 2  66 1D                ror     FACEXTENSION
000B02r 2  98                   tya
000B03r 2  4A                   lsr     a
000B04r 2  D0 D6                bne     Lbl38A7
000B06r 2               Lbl3903:
000B06r 2  60                   rts
000B07r 2               
000B07r 2               ; ----------------------------------------------------------------------------
000B07r 2               ; UNPACK NUMBER AT (Y,A) INTO ARG
000B07r 2               ; ----------------------------------------------------------------------------
000B07r 2               LoadArgFromYa:
000B07r 2  85 20                sta     INDEX
000B09r 2  84 21                sty     INDEX+1
000B0Br 2  A0 04                ldy     #BYTES_FP-1
000B0Dr 2  B1 20                lda     (INDEX),y
000B0Fr 2  85 1A                sta     ARG+4
000B11r 2  88                   dey
000B12r 2  B1 20                lda     (INDEX),y
000B14r 2  85 19                sta     ARG+3
000B16r 2  88                   dey
000B17r 2  B1 20                lda     (INDEX),y
000B19r 2  85 18                sta     ARG+2
000B1Br 2  88                   dey
000B1Cr 2  B1 20                lda     (INDEX),y
000B1Er 2  85 1B                sta     ARGSIGN
000B20r 2  45 13                eor     FACSIGN
000B22r 2  85 1C                sta     SGNCPR
000B24r 2  A5 1B                lda     ARGSIGN
000B26r 2  09 80                ora     #$80
000B28r 2  85 17                sta     ARG+1
000B2Ar 2  88                   dey
000B2Br 2  B1 20                lda     (INDEX),y
000B2Dr 2  85 16                sta     ARG
000B2Fr 2  A5 0E                lda     FAC
000B31r 2  60                   rts
000B32r 2               
000B32r 2               ; ----------------------------------------------------------------------------
000B32r 2               ; ADD EXPONENTS OF ARG AND FAC
000B32r 2               ; (CALLED BY FMult AND FDiv)
000B32r 2               ;
000B32r 2               ; ALSO CHECK FOR Overflow, AND SET RESULT Sign
000B32r 2               ; ----------------------------------------------------------------------------
000B32r 2               AddExponents:
000B32r 2  A5 16                lda     ARG
000B34r 2               AddExponents1:
000B34r 2  F0 1F                beq     Zero
000B36r 2  18                   clc
000B37r 2  65 0E                adc     FAC
000B39r 2  90 04                bcc     Lbl393C
000B3Br 2  30 1D                bmi     Jov
000B3Dr 2  18                   clc
000B3Er 2  2C                   .byte   $2C
000B3Fr 2               Lbl393C:
000B3Fr 2  10 14                bpl     Zero
000B41r 2  69 80                adc     #$80
000B43r 2  85 0E                sta     FAC
000B45r 2  D0 03                bne     Lbl3947
000B47r 2  4C rr rr             jmp     StaInFacSign
000B4Ar 2               Lbl3947:
000B4Ar 2  A5 1C                lda     SGNCPR
000B4Cr 2  85 13                sta     FACSIGN
000B4Er 2  60                   rts
000B4Fr 2               
000B4Fr 2               ; ----------------------------------------------------------------------------
000B4Fr 2               ; IF (FAC) IS POSITIVE, GIVE "OVERFLOW" ERROR
000B4Fr 2               ; IF (FAC) IS NEGATIVE, SET FAC=0, POP ONE RETURN, AND RTS
000B4Fr 2               ; CALLED FROM "EXP" FUNCTION
000B4Fr 2               ; ----------------------------------------------------------------------------
000B4Fr 2               OutOfRng:
000B4Fr 2  A5 13                lda     FACSIGN
000B51r 2  49 FF                eor     #$FF
000B53r 2  30 05                bmi     Jov
000B55r 2               
000B55r 2               ; ----------------------------------------------------------------------------
000B55r 2               ; POP RETURN ADDRESS AND SET FAC=0
000B55r 2               ; ----------------------------------------------------------------------------
000B55r 2               Zero:
000B55r 2  68                   pla
000B56r 2  68                   pla
000B57r 2  4C rr rr             jmp     ZeroFac
000B5Ar 2               Jov:
000B5Ar 2  4C rr rr             jmp     Overflow
000B5Dr 2               
000B5Dr 2               ; ----------------------------------------------------------------------------
000B5Dr 2               ; MULTIPLY FAC BY 10
000B5Dr 2               ; ----------------------------------------------------------------------------
000B5Dr 2               Mul10:
000B5Dr 2  20 rr rr             jsr     CopyFacToArgRounded
000B60r 2  AA                   tax
000B61r 2  F0 10                beq     Lbl3970
000B63r 2  18                   clc
000B64r 2  69 02                adc     #$02
000B66r 2  B0 F2                bcs     Jov
000B68r 2               LblD9BF:
000B68r 2  A2 00                ldx     #$00
000B6Ar 2  86 1C                stx     SGNCPR
000B6Cr 2  20 rr rr             jsr     FAdd2
000B6Fr 2  E6 0E                inc     FAC
000B71r 2  F0 E7                beq     Jov
000B73r 2               Lbl3970:
000B73r 2  60                   rts
000B74r 2               
000B74r 2               ; ----------------------------------------------------------------------------
000B74r 2               Conten:
000B74r 2  84 20 00 00          .byte   $84,$20,$00,$00,$00
000B78r 2  00           
000B79r 2               
000B79r 2               ; ----------------------------------------------------------------------------
000B79r 2               ; DIVIDE FAC BY 10
000B79r 2               ; ----------------------------------------------------------------------------
000B79r 2               Div10:
000B79r 2  20 rr rr             jsr     CopyFacToArgRounded
000B7Cr 2  A9 rr                lda     #<Conten
000B7Er 2  A0 rr                ldy     #>Conten
000B80r 2  A2 00                ldx     #$00
000B82r 2               
000B82r 2               ; ----------------------------------------------------------------------------
000B82r 2               ; FAC = ARG / (Y,A)
000B82r 2               ; ----------------------------------------------------------------------------
000B82r 2               Div:
000B82r 2  86 1C                stx     SGNCPR
000B84r 2  20 rr rr             jsr     LoadFacFromYa
000B87r 2  4C rr rr             jmp     FDivT
000B8Ar 2               
000B8Ar 2               ; ----------------------------------------------------------------------------
000B8Ar 2               ; FAC = (Y,A) / FAC
000B8Ar 2               ; ----------------------------------------------------------------------------
000B8Ar 2               FDiv:
000B8Ar 2  20 rr rr             jsr     LoadArgFromYa
000B8Dr 2               
000B8Dr 2               ; ----------------------------------------------------------------------------
000B8Dr 2               ; FAC = ARG / FAC
000B8Dr 2               ; ----------------------------------------------------------------------------
000B8Dr 2               FDivT:
000B8Dr 2  F0 76                beq     Lbl3A02
000B8Fr 2  20 rr rr             jsr     RoundFac
000B92r 2  A9 00                lda     #$00
000B94r 2  38                   sec
000B95r 2  E5 0E                sbc     FAC
000B97r 2  85 0E                sta     FAC
000B99r 2  20 rr rr             jsr     AddExponents
000B9Cr 2  E6 0E                inc     FAC
000B9Er 2  F0 BA                beq     Jov
000BA0r 2  A2 FC                ldx     #<-MANTISSA_BYTES
000BA2r 2  A9 01                lda     #$01
000BA4r 2               Lbl39A1:
000BA4r 2  A4 17                ldy     ARG+1
000BA6r 2  C4 0F                cpy     FAC+1
000BA8r 2  D0 10                bne     Lbl39B7
000BAAr 2  A4 18                ldy     ARG+2
000BACr 2  C4 10                cpy     FAC+2
000BAEr 2  D0 0A                bne     Lbl39B7
000BB0r 2  A4 19                ldy     ARG+3
000BB2r 2  C4 11                cpy     FAC+3
000BB4r 2  D0 04                bne     Lbl39B7
000BB6r 2  A4 1A                ldy     ARG+4
000BB8r 2  C4 12                cpy     FAC+4
000BBAr 2               Lbl39B7:
000BBAr 2  08                   php
000BBBr 2  2A                   rol     a
000BBCr 2  90 09                bcc     Lbl39C4
000BBEr 2  E8                   inx
000BBFr 2  95 4B                sta     RESULT_LAST-1,x
000BC1r 2  F0 32                beq     Lbl39F2
000BC3r 2  10 34                bpl     Lbl39F6
000BC5r 2  A9 01                lda     #$01
000BC7r 2               Lbl39C4:
000BC7r 2  28                   plp
000BC8r 2  B0 0E                bcs     Lbl39D5
000BCAr 2               Lbl39C7:
000BCAr 2  06 1A                asl     ARG_LAST
000BCCr 2  26 19                rol     ARG+3
000BCEr 2  26 18                rol     ARG+2
000BD0r 2  26 17                rol     ARG+1
000BD2r 2  B0 E6                bcs     Lbl39B7
000BD4r 2  30 CE                bmi     Lbl39A1
000BD6r 2  10 E2                bpl     Lbl39B7
000BD8r 2               Lbl39D5:
000BD8r 2  A8                   tay
000BD9r 2  A5 1A                lda     ARG+4
000BDBr 2  E5 12                sbc     FAC+4
000BDDr 2  85 1A                sta     ARG+4
000BDFr 2  A5 19                lda     ARG+3
000BE1r 2  E5 11                sbc     FAC+3
000BE3r 2  85 19                sta     ARG+3
000BE5r 2  A5 18                lda     ARG+2
000BE7r 2  E5 10                sbc     FAC+2
000BE9r 2  85 18                sta     ARG+2
000BEBr 2  A5 17                lda     ARG+1
000BEDr 2  E5 0F                sbc     FAC+1
000BEFr 2  85 17                sta     ARG+1
000BF1r 2  98                   tya
000BF2r 2  4C rr rr             jmp     Lbl39C7
000BF5r 2               Lbl39F2:
000BF5r 2  A9 40                lda     #$40
000BF7r 2  D0 CE                bne     Lbl39C4
000BF9r 2               Lbl39F6:
000BF9r 2  0A                   asl     a
000BFAr 2  0A                   asl     a
000BFBr 2  0A                   asl     a
000BFCr 2  0A                   asl     a
000BFDr 2  0A                   asl     a
000BFEr 2  0A                   asl     a
000BFFr 2  85 1D                sta     FACEXTENSION
000C01r 2  28                   plp
000C02r 2  4C rr rr             jmp     CopyResultIntoFac
000C05r 2               Lbl3A02:
000C05r 2  A2 06                ldx     #ERR_ZERODIV
000C07r 2  4C rr rr             jmp     BasErrorVec
000C0Ar 2               
000C0Ar 2               ; ----------------------------------------------------------------------------
000C0Ar 2               ; COPY RESULT INTO FAC MANTISSA, AND NORMALIZE
000C0Ar 2               ; ----------------------------------------------------------------------------
000C0Ar 2               CopyResultIntoFac:
000C0Ar 2  A5 48                lda     RESULT
000C0Cr 2  85 0F                sta     FAC+1
000C0Er 2  A5 49                lda     RESULT+1
000C10r 2  85 10                sta     FAC+2
000C12r 2  A5 4A                lda     RESULT+2
000C14r 2  85 11                sta     FAC+3
000C16r 2  A5 4B                lda     RESULT+3
000C18r 2  85 12                sta     FAC+4
000C1Ar 2  4C rr rr             jmp     NormalizeFac2
000C1Dr 2               
000C1Dr 2               ; ----------------------------------------------------------------------------
000C1Dr 2               ; UNPACK (Y,A) INTO FAC
000C1Dr 2               ; ----------------------------------------------------------------------------
000C1Dr 2               LoadFacFromYa:
000C1Dr 2  85 20                sta     INDEX
000C1Fr 2  84 21                sty     INDEX+1
000C21r 2  A0 04                ldy     #MANTISSA_BYTES
000C23r 2  B1 20                lda     (INDEX),y
000C25r 2  85 12                sta     FAC+4
000C27r 2  88                   dey
000C28r 2  B1 20                lda     (INDEX),y
000C2Ar 2  85 11                sta     FAC+3
000C2Cr 2  88                   dey
000C2Dr 2  B1 20                lda     (INDEX),y
000C2Fr 2  85 10                sta     FAC+2
000C31r 2  88                   dey
000C32r 2  B1 20                lda     (INDEX),y
000C34r 2  85 13                sta     FACSIGN
000C36r 2  09 80                ora     #$80
000C38r 2  85 0F                sta     FAC+1
000C3Ar 2  88                   dey
000C3Br 2  B1 20                lda     (INDEX),y
000C3Dr 2  85 0E                sta     FAC
000C3Fr 2  84 1D                sty     FACEXTENSION
000C41r 2  60                   rts
000C42r 2               
000C42r 2               ; ----------------------------------------------------------------------------
000C42r 2               ; ROUND FAC, STORE IN TEMP2
000C42r 2               ; ----------------------------------------------------------------------------
000C42r 2               StoreFacInTemp2Rounded:
000C42r 2  A2 52                ldx     #TEMP2
000C44r 2  2C                   .byte   $2C
000C45r 2               
000C45r 2               ; ----------------------------------------------------------------------------
000C45r 2               ; ROUND FAC, STORE IN TEMP1
000C45r 2               ; ----------------------------------------------------------------------------
000C45r 2               StoreFacInTemp1Rounded:
000C45r 2  A2 4D                ldx     #TEMP1X
000C47r 2  A0 00                ldy     #$00
000C49r 2  F0 04                beq     StoreFacAtYxRounded
000C4Br 2               
000C4Br 2               ; ----------------------------------------------------------------------------
000C4Br 2               ; ROUND FAC, AND STORE WHERE FORPNT POINTS
000C4Br 2               ; ----------------------------------------------------------------------------
000C4Br 2               SetFor:
000C4Br 2  A6 46                ldx     FORPNT
000C4Dr 2  A4 47                ldy     FORPNT+1
000C4Fr 2               
000C4Fr 2               ; ----------------------------------------------------------------------------
000C4Fr 2               ; ROUND FAC, AND STORE AT (Y,X)
000C4Fr 2               ; ----------------------------------------------------------------------------
000C4Fr 2               StoreFacAtYxRounded:
000C4Fr 2  20 rr rr             jsr     RoundFac
000C52r 2  86 20                stx     INDEX
000C54r 2  84 21                sty     INDEX+1
000C56r 2  A0 04                ldy     #MANTISSA_BYTES
000C58r 2  A5 12                lda     FAC+4
000C5Ar 2  91 20                sta     (INDEX),y
000C5Cr 2  88                   dey
000C5Dr 2  A5 11                lda     FAC+3
000C5Fr 2  91 20                sta     (INDEX),y
000C61r 2  88                   dey
000C62r 2  A5 10                lda     FAC+2
000C64r 2  91 20                sta     (INDEX),y
000C66r 2  88                   dey
000C67r 2  A5 13                lda     FACSIGN
000C69r 2  09 7F                ora     #$7F
000C6Br 2  25 0F                and     FAC+1
000C6Dr 2  91 20                sta     (INDEX),y
000C6Fr 2  88                   dey
000C70r 2  A5 0E                lda     FAC
000C72r 2  91 20                sta     (INDEX),y
000C74r 2  84 1D                sty     FACEXTENSION
000C76r 2  60                   rts
000C77r 2               
000C77r 2               ; ----------------------------------------------------------------------------
000C77r 2               ; COPY ARG INTO FAC
000C77r 2               ; ----------------------------------------------------------------------------
000C77r 2               CopyArgToFac:
000C77r 2  A5 1B                lda     ARGSIGN
000C79r 2               Mfa:
000C79r 2  85 13                sta     FACSIGN
000C7Br 2  A2 05                ldx     #BYTES_FP
000C7Dr 2               Lbl3A7A:
000C7Dr 2  B5 15                lda     SHIFTSIGNEXT,x
000C7Fr 2  95 0D                sta     EXPSGN,x
000C81r 2  CA                   dex
000C82r 2  D0 F9                bne     Lbl3A7A
000C84r 2  86 1D                stx     FACEXTENSION
000C86r 2  60                   rts
000C87r 2               
000C87r 2               ; ----------------------------------------------------------------------------
000C87r 2               ; ROUND FAC AND COPY TO ARG
000C87r 2               ; ----------------------------------------------------------------------------
000C87r 2               CopyFacToArgRounded:
000C87r 2  20 rr rr             jsr     RoundFac
000C8Ar 2               Maf:
000C8Ar 2  A2 06                ldx     #BYTES_FP+1
000C8Cr 2               Lbl3A89:
000C8Cr 2  B5 0D                lda     EXPSGN,x
000C8Er 2  95 15                sta     SHIFTSIGNEXT,x
000C90r 2  CA                   dex
000C91r 2  D0 F9                bne     Lbl3A89
000C93r 2  86 1D                stx     FACEXTENSION
000C95r 2               Rts14:
000C95r 2  60                   rts
000C96r 2               
000C96r 2               ; ----------------------------------------------------------------------------
000C96r 2               ; ROUND FAC USING EXTENSION BYTE
000C96r 2               ; ----------------------------------------------------------------------------
000C96r 2               RoundFac:
000C96r 2  A5 0E                lda     FAC
000C98r 2  F0 FB                beq     Rts14
000C9Ar 2  06 1D                asl     FACEXTENSION
000C9Cr 2  90 F7                bcc     Rts14
000C9Er 2               
000C9Er 2               ; ----------------------------------------------------------------------------
000C9Er 2               ; INCREMENT MANTISSA AND RE-NORMALIZE IF CARRY
000C9Er 2               ; ----------------------------------------------------------------------------
000C9Er 2               IncrementMantissa:
000C9Er 2  20 rr rr             jsr     IncrementFacMantissa
000CA1r 2  D0 F2                bne     Rts14
000CA3r 2  4C rr rr             jmp     NormalizeFac6
000CA6r 2               
000CA6r 2               ; ----------------------------------------------------------------------------
000CA6r 2               ; TEST FAC FOR Zero AND Sign
000CA6r 2               ;
000CA6r 2               ; FAC > 0, RETURN +1
000CA6r 2               ; FAC = 0, RETURN  0
000CA6r 2               ; FAC < 0, RETURN -1
000CA6r 2               ; ----------------------------------------------------------------------------
000CA6r 2               Sign:
000CA6r 2  A5 0E                lda     FAC
000CA8r 2  F0 09                beq     Rts15
000CAAr 2               Lbl3AA7:
000CAAr 2  A5 13                lda     FACSIGN
000CACr 2               Sign2:
000CACr 2  2A                   rol     a
000CADr 2  A9 FF                lda     #$FF
000CAFr 2  B0 02                bcs     Rts15
000CB1r 2  A9 01                lda     #$01
000CB3r 2               Rts15:
000CB3r 2  60                   rts
000CB4r 2               
000CB4r 2               ; ----------------------------------------------------------------------------
000CB4r 2               ; "SGN" FUNCTION
000CB4r 2               ; ----------------------------------------------------------------------------
000CB4r 2               Sgn:
000CB4r 2  20 rr rr             jsr     Sign
000CB7r 2               
000CB7r 2               ; ----------------------------------------------------------------------------
000CB7r 2               ; CONVERT (A) INTO FAC, AS SIGNED VALUE -128 TO +127
000CB7r 2               ; ----------------------------------------------------------------------------
000CB7r 2               Float:
000CB7r 2  85 0F                sta     FAC+1
000CB9r 2  A9 00                lda     #$00
000CBBr 2  85 10                sta     FAC+2
000CBDr 2  A2 88                ldx     #$88
000CBFr 2               
000CBFr 2               ; ----------------------------------------------------------------------------
000CBFr 2               ; Float UNSIGNED VALUE IN FAC+1,2
000CBFr 2               ; (X) = EXPONENT
000CBFr 2               ; ----------------------------------------------------------------------------
000CBFr 2               Float1:
000CBFr 2  A5 0F                lda     FAC+1
000CC1r 2  49 FF                eor     #$FF
000CC3r 2  2A                   rol     a
000CC4r 2               
000CC4r 2               ; ----------------------------------------------------------------------------
000CC4r 2               ; Float UNSIGNED VALUE IN FAC+1,2
000CC4r 2               ; (X) = EXPONENT
000CC4r 2               ; C=0 TO MAKE VALUE NEGATIVE
000CC4r 2               ; C=1 TO MAKE VALUE POSITIVE
000CC4r 2               ; ----------------------------------------------------------------------------
000CC4r 2               Float2:
000CC4r 2  A9 00                lda     #$00
000CC6r 2  85 12                sta     FAC+4
000CC8r 2  85 11                sta     FAC+3
000CCAr 2               LblDB21:
000CCAr 2  86 0E                stx     FAC
000CCCr 2  85 1D                sta     FACEXTENSION
000CCEr 2  85 13                sta     FACSIGN
000CD0r 2  4C rr rr             jmp     NormalizeFac1
000CD3r 2               
000CD3r 2               ; ----------------------------------------------------------------------------
000CD3r 2               ; "ABS" FUNCTION
000CD3r 2               ; ----------------------------------------------------------------------------
000CD3r 2               Abs:
000CD3r 2  46 13                lsr     FACSIGN
000CD5r 2  60                   rts
000CD6r 2               
000CD6r 2               ; ----------------------------------------------------------------------------
000CD6r 2               ; COMPARE FAC WITH PACKED # AT (Y,A)
000CD6r 2               ; RETURN A=1,0,-1 AS (Y,A) IS <,=,> FAC
000CD6r 2               ; ----------------------------------------------------------------------------
000CD6r 2               FComp:
000CD6r 2  85 22                sta     DEST
000CD8r 2               
000CD8r 2               ; ----------------------------------------------------------------------------
000CD8r 2               ; SPECIAL ENTRY FROM "NEXT" PROCESSOR
000CD8r 2               ; "DEST" ALREADY SET UP
000CD8r 2               ; ----------------------------------------------------------------------------
000CD8r 2               FComp2:
000CD8r 2  84 23                sty     DEST+1
000CDAr 2  A0 00                ldy     #$00
000CDCr 2  B1 22                lda     (DEST),y
000CDEr 2  C8                   iny
000CDFr 2  AA                   tax
000CE0r 2  F0 C4                beq     Sign
000CE2r 2  B1 22                lda     (DEST),y
000CE4r 2  45 13                eor     FACSIGN
000CE6r 2  30 C2                bmi     Lbl3AA7
000CE8r 2  E4 0E                cpx     FAC
000CEAr 2  D0 21                bne     Lbl3B0A
000CECr 2  B1 22                lda     (DEST),y
000CEEr 2  09 80                ora     #$80
000CF0r 2  C5 0F                cmp     FAC+1
000CF2r 2  D0 19                bne     Lbl3B0A
000CF4r 2  C8                   iny
000CF5r 2  B1 22                lda     (DEST),y
000CF7r 2  C5 10                cmp     FAC+2
000CF9r 2  D0 12                bne     Lbl3B0A
000CFBr 2  C8                   iny
000CFCr 2  B1 22                lda     (DEST),y
000CFEr 2  C5 11                cmp     FAC+3
000D00r 2  D0 0B                bne     Lbl3B0A
000D02r 2  C8                   iny
000D03r 2  A9 7F                lda     #$7F
000D05r 2  C5 1D                cmp     FACEXTENSION
000D07r 2  B1 22                lda     (DEST),y
000D09r 2  E5 12                sbc     FAC_LAST
000D0Br 2  F0 28                beq     Lbl3B32
000D0Dr 2               Lbl3B0A:
000D0Dr 2  A5 13                lda     FACSIGN
000D0Fr 2  90 02                bcc     Lbl3B10
000D11r 2  49 FF                eor     #$FF
000D13r 2               Lbl3B10:
000D13r 2  4C rr rr             jmp     Sign2
000D16r 2               
000D16r 2               ; ----------------------------------------------------------------------------
000D16r 2               ; QUICK INTEGER FUNCTION
000D16r 2               ;
000D16r 2               ; CONVERTS FP VALUE IN FAC TO INTEGER VALUE
000D16r 2               ; IN FAC+1...FAC+4, BY SHIFTING RIGHT WITH Sign
000D16r 2               ; EXTENSION UNTIL FRACTIONAL BITS ARE OUT.
000D16r 2               ;
000D16r 2               ; THIS SUBROUTINE ASSUMES THE EXPONENT < 32.
000D16r 2               ; ----------------------------------------------------------------------------
000D16r 2               QInt:
000D16r 2  A5 0E                lda     FAC
000D18r 2  F0 4A                beq     QInt3
000D1Ar 2  38                   sec
000D1Br 2  E9 A0                sbc     #120+8*BYTES_FP
000D1Dr 2  24 13                bit     FACSIGN
000D1Fr 2  10 09                bpl     Lbl3B27
000D21r 2  AA                   tax
000D22r 2  A9 FF                lda     #$FF
000D24r 2  85 15                sta     SHIFTSIGNEXT
000D26r 2  20 rr rr             jsr     ComplementFacMantissa
000D29r 2  8A                   txa
000D2Ar 2               Lbl3B27:
000D2Ar 2  A2 0E                ldx     #FAC
000D2Cr 2  C9 F9                cmp     #$F9
000D2Er 2  10 06                bpl     QInt2
000D30r 2  20 rr rr             jsr     ShiftRight
000D33r 2  84 15                sty     SHIFTSIGNEXT
000D35r 2               Lbl3B32:
000D35r 2  60                   rts
000D36r 2               QInt2:
000D36r 2  A8                   tay
000D37r 2  A5 13                lda     FACSIGN
000D39r 2  29 80                and     #$80
000D3Br 2  46 0F                lsr     FAC+1
000D3Dr 2  05 0F                ora     FAC+1
000D3Fr 2  85 0F                sta     FAC+1
000D41r 2  20 rr rr             jsr     ShiftRight4
000D44r 2  84 15                sty     SHIFTSIGNEXT
000D46r 2  60                   rts
000D47r 2               
000D47r 2               ; ----------------------------------------------------------------------------
000D47r 2               ; "INT" FUNCTION
000D47r 2               ;
000D47r 2               ; USES QInt TO CONVERT (FAC) TO INTEGER FORM,
000D47r 2               ; AND THEN REFLOATS THE INTEGER.
000D47r 2               ; ----------------------------------------------------------------------------
000D47r 2               Int:
000D47r 2  A5 0E                lda     FAC
000D49r 2  C9 A0                cmp     #120+8*BYTES_FP
000D4Br 2  B0 20                bcs     Rts17
000D4Dr 2  20 rr rr             jsr     QInt
000D50r 2  84 1D                sty     FACEXTENSION
000D52r 2  A5 13                lda     FACSIGN
000D54r 2  84 13                sty     FACSIGN
000D56r 2  49 80                eor     #$80
000D58r 2  2A                   rol     a
000D59r 2  A9 A0                lda     #120+8*BYTES_FP
000D5Br 2  85 0E                sta     FAC
000D5Dr 2  A5 12                lda     FAC_LAST
000D5Fr 2  85 44                sta     CHARAC
000D61r 2  4C rr rr             jmp     NormalizeFac1
000D64r 2               QInt3:
000D64r 2  85 0F                sta     FAC+1
000D66r 2  85 10                sta     FAC+2
000D68r 2  85 11                sta     FAC+3
000D6Ar 2  85 12                sta     FAC+4
000D6Cr 2  A8                   tay
000D6Dr 2               Rts17:
000D6Dr 2  60                   rts
000D6Er 2               
000D6Er 2               ; ----------------------------------------------------------------------------
000D6Er 2               ; CONVERT STRING TO FP VALUE IN FAC
000D6Er 2               ;
000D6Er 2               ; STRING POINTED TO BY TXTPTR
000D6Er 2               ; FIRST CHAR ALREADY SCANNED BY ChrGet
000D6Er 2               ; (A) = FIRST CHAR, C=0 IF DIGIT.
000D6Er 2               ; ----------------------------------------------------------------------------
000D6Er 2               Fin:
000D6Er 2  A0 00                ldy     #$00
000D70r 2  A2 0A                ldx     #SERLEN-TMPEXP
000D72r 2               Lbl3B6F:
000D72r 2  94 0A                sty     TMPEXP,x
000D74r 2  CA                   dex
000D75r 2  10 FB                bpl     Lbl3B6F
000D77r 2  90 0F                bcc     Fin2
000D79r 2  C9 2D                cmp     #$2D
000D7Br 2  D0 04                bne     Lbl3B7E
000D7Dr 2  86 14                stx     SERLEN
000D7Fr 2  F0 04                beq     Fin1
000D81r 2               Lbl3B7E:
000D81r 2  C9 2B                cmp     #$2B
000D83r 2  D0 05                bne     Fin3
000D85r 2               Fin1:
000D85r 2  20 rr rr             jsr     ChrGet
000D88r 2               Fin2:
000D88r 2  90 5B                bcc     Fin9
000D8Ar 2               Fin3:
000D8Ar 2  C9 2E                cmp     #$2E
000D8Cr 2  F0 2E                beq     Fin10
000D8Er 2  C9 45                cmp     #$45
000D90r 2  D0 30                bne     Fin7
000D92r 2  20 rr rr             jsr     ChrGet
000D95r 2  90 17                bcc     Fin5
000D97r 2  C9 00                cmp     #TOKEN_MINUS
000D99r 2  F0 0E                beq     Lbl3BA6
000D9Br 2  C9 2D                cmp     #$2D
000D9Dr 2  F0 0A                beq     Lbl3BA6
000D9Fr 2  C9 00                cmp     #TOKEN_PLUS
000DA1r 2  F0 08                beq     Fin4
000DA3r 2  C9 2B                cmp     #$2B
000DA5r 2  F0 04                beq     Fin4
000DA7r 2  D0 07                bne     Fin6
000DA9r 2               Lbl3BA6:
000DA9r 2  66 0D                ror     EXPSGN
000DABr 2               Fin4:
000DABr 2  20 rr rr             jsr     ChrGet
000DAEr 2               Fin5:
000DAEr 2  90 5C                bcc     GetExp
000DB0r 2               Fin6:
000DB0r 2  24 0D                bit     EXPSGN
000DB2r 2  10 0E                bpl     Fin7
000DB4r 2  A9 00                lda     #$00
000DB6r 2  38                   sec
000DB7r 2  E5 0B                sbc     EXPON
000DB9r 2  4C rr rr             jmp     Fin8
000DBCr 2               
000DBCr 2               ; ----------------------------------------------------------------------------
000DBCr 2               ; FOUND A DECIMAL POINT
000DBCr 2               ; ----------------------------------------------------------------------------
000DBCr 2               Fin10:
000DBCr 2  66 0C                ror     LOWTR
000DBEr 2  24 0C                bit     LOWTR
000DC0r 2  50 C3                bvc     Fin1
000DC2r 2               
000DC2r 2               ; ----------------------------------------------------------------------------
000DC2r 2               ; NUMBER TERMINATED, ADJUST EXPONENT NOW
000DC2r 2               ; ----------------------------------------------------------------------------
000DC2r 2               Fin7:
000DC2r 2  A5 0B                lda     EXPON
000DC4r 2               Fin8:
000DC4r 2  38                   sec
000DC5r 2  E5 0A                sbc     INDX
000DC7r 2  85 0B                sta     EXPON
000DC9r 2  F0 12                beq     Lbl3BEE
000DCBr 2  10 09                bpl     Lbl3BE7
000DCDr 2               Lbl3BDE:
000DCDr 2  20 rr rr             jsr     Div10
000DD0r 2  E6 0B                inc     EXPON
000DD2r 2  D0 F9                bne     Lbl3BDE
000DD4r 2  F0 07                beq     Lbl3BEE
000DD6r 2               Lbl3BE7:
000DD6r 2  20 rr rr             jsr     Mul10
000DD9r 2  C6 0B                dec     EXPON
000DDBr 2  D0 F9                bne     Lbl3BE7
000DDDr 2               Lbl3BEE:
000DDDr 2  A5 14                lda     SERLEN
000DDFr 2  30 01                bmi     Lbl3BF3
000DE1r 2  60                   rts
000DE2r 2               Lbl3BF3:
000DE2r 2  4C rr rr             jmp     NegOp
000DE5r 2               
000DE5r 2               ; ----------------------------------------------------------------------------
000DE5r 2               ; ACCUMULATE A DIGIT INTO FAC
000DE5r 2               ; ----------------------------------------------------------------------------
000DE5r 2               Fin9:
000DE5r 2  48                   pha
000DE6r 2  24 0C                bit     LOWTR
000DE8r 2  10 02                bpl     Lbl3BFD
000DEAr 2  E6 0A                inc     INDX
000DECr 2               Lbl3BFD:
000DECr 2  20 rr rr             jsr     Mul10
000DEFr 2  68                   pla
000DF0r 2  38                   sec
000DF1r 2  E9 30                sbc     #$30
000DF3r 2  20 rr rr             jsr     AddAcc
000DF6r 2  4C rr rr             jmp     Fin1
000DF9r 2               
000DF9r 2               ; ----------------------------------------------------------------------------
000DF9r 2               ; ADD (A) TO FAC
000DF9r 2               ; ----------------------------------------------------------------------------
000DF9r 2               AddAcc:
000DF9r 2  48                   pha
000DFAr 2  20 rr rr             jsr     CopyFacToArgRounded
000DFDr 2  68                   pla
000DFEr 2  20 rr rr             jsr     Float
000E01r 2  A5 1B                lda     ARGSIGN
000E03r 2  45 13                eor     FACSIGN
000E05r 2  85 1C                sta     SGNCPR
000E07r 2  A6 0E                ldx     FAC
000E09r 2  4C rr rr             jmp     FAddT
000E0Cr 2               
000E0Cr 2               ; ----------------------------------------------------------------------------
000E0Cr 2               ; ACCUMULATE DIGIT OF EXPONENT
000E0Cr 2               ; ----------------------------------------------------------------------------
000E0Cr 2               GetExp:
000E0Cr 2  A5 0B                lda     EXPON
000E0Er 2  C9 0A                cmp     #MAX_EXPON
000E10r 2  90 09                bcc     Lbl3C2C
000E12r 2  A9 64                lda     #$64
000E14r 2  24 0D                bit     EXPSGN
000E16r 2  30 11                bmi     Lbl3C3A
000E18r 2  4C rr rr             jmp     Overflow
000E1Br 2               LblDC70:
000E1Br 2               Lbl3C2C:
000E1Br 2  0A                   asl     a
000E1Cr 2  0A                   asl     a
000E1Dr 2  18                   clc
000E1Er 2  65 0B                adc     EXPON
000E20r 2  0A                   asl     a
000E21r 2  18                   clc
000E22r 2  A0 00                ldy     #$00
000E24r 2  71 04                adc     (TXTPTR),y
000E26r 2  38                   sec
000E27r 2  E9 30                sbc     #$30
000E29r 2               Lbl3C3A:
000E29r 2  85 0B                sta     EXPON
000E2Br 2  4C rr rr             jmp     Fin4
000E2Er 2               
000E2Er 2               ; ----------------------------------------------------------------------------
000E2Er 2               Con99999999_9:
000E2Er 2  9B 3E BC 1F          .byte   $9B,$3E,$BC,$1F,$FD
000E32r 2  FD           
000E33r 2               Con999999999:
000E33r 2  9E 6E 6B 27          .byte   $9E,$6E,$6B,$27,$FD
000E37r 2  FD           
000E38r 2               ConBillion:
000E38r 2  9E 6E 6B 28          .byte   $9E,$6E,$6B,$28,$00
000E3Cr 2  00           
000E3Dr 2               
000E3Dr 2               ; ----------------------------------------------------------------------------
000E3Dr 2               ; PRINT "IN <LINE #>"
000E3Dr 2               ; ----------------------------------------------------------------------------
000E3Dr 2               InPrt:
000E3Dr 2  A9 rr                lda     #<QtIn
000E3Fr 2  A0 rr                ldy     #>QtIn
000E41r 2  20 rr rr             jsr     GoStrOut2
000E44r 2  AD 6A 03             lda     CURLIN+1
000E47r 2  AE 69 03             ldx     CURLIN
000E4Ar 2               
000E4Ar 2               ; ----------------------------------------------------------------------------
000E4Ar 2               ; PRINT A,X AS DECIMAL INTEGER
000E4Ar 2               ; ----------------------------------------------------------------------------
000E4Ar 2               LinPrt:
000E4Ar 2  85 0F                sta     FAC+1
000E4Cr 2  86 10                stx     FAC+2
000E4Er 2  A2 90                ldx     #$90
000E50r 2  38                   sec
000E51r 2  20 rr rr             jsr     Float2
000E54r 2  20 rr rr             jsr     Fout
000E57r 2               GoStrOut2:
000E57r 2  4C rr rr             jmp     STROUT
000E5Ar 2               
000E5Ar 2               ; ----------------------------------------------------------------------------
000E5Ar 2               ; CONVERT (FAC) TO STRING STARTING AT STACK
000E5Ar 2               ; RETURN WITH (Y,A) POINTING AT STRING
000E5Ar 2               ; ----------------------------------------------------------------------------
000E5Ar 2               Fout:
000E5Ar 2  A0 01                ldy     #$01
000E5Cr 2               
000E5Cr 2               ; ----------------------------------------------------------------------------
000E5Cr 2               ; "STR$" FUNCTION ENTERS HERE, WITH (Y)=0
000E5Cr 2               ; SO THAT RESULT STRING STARTS AT STACK-1
000E5Cr 2               ; (THIS IS USED AS A FLAG)
000E5Cr 2               ; ----------------------------------------------------------------------------
000E5Cr 2               Fout1:
000E5Cr 2  A9 20                lda     #$20
000E5Er 2  24 13                bit     FACSIGN
000E60r 2  10 02                bpl     Lbl3C73
000E62r 2  A9 2D                lda     #$2D
000E64r 2               Lbl3C73:
000E64r 2  99 FF 00             sta     STACK2-1,y
000E67r 2  85 13                sta     FACSIGN
000E69r 2  84 1E                sty     STRNG2
000E6Br 2  C8                   iny
000E6Cr 2  A9 30                lda     #$30
000E6Er 2  A6 0E                ldx     FAC
000E70r 2  D0 03                bne     Lbl3C84
000E72r 2  4C rr rr             jmp     Fout4
000E75r 2               Lbl3C84:
000E75r 2  A9 00                lda     #$00
000E77r 2  E0 80                cpx     #$80
000E79r 2  F0 02                beq     Lbl3C8C
000E7Br 2  B0 09                bcs     Lbl3C95
000E7Dr 2               Lbl3C8C:
000E7Dr 2  A9 rr                lda     #<ConBillion
000E7Fr 2  A0 rr                ldy     #>ConBillion
000E81r 2  20 rr rr             jsr     FMult
000E84r 2  A9 F7                lda     #<-9
000E86r 2               Lbl3C95:
000E86r 2  85 0A                sta     INDX
000E88r 2               ; ----------------------------------------------------------------------------
000E88r 2               ; ADJUST UNTIL 1E8 <= (FAC) <1E9
000E88r 2               ; ----------------------------------------------------------------------------
000E88r 2               Lbl3C97:
000E88r 2  A9 rr                lda     #<Con999999999
000E8Ar 2  A0 rr                ldy     #>Con999999999
000E8Cr 2  20 rr rr             jsr     FComp
000E8Fr 2  F0 1E                beq     Lbl3CBE
000E91r 2  10 12                bpl     Lbl3CB4
000E93r 2               Lbl3CA2:
000E93r 2  A9 rr                lda     #<Con99999999_9
000E95r 2  A0 rr                ldy     #>Con99999999_9
000E97r 2  20 rr rr             jsr     FComp
000E9Ar 2  F0 02                beq     Lbl3CAD
000E9Cr 2  10 0E                bpl     Lbl3CBB
000E9Er 2               Lbl3CAD:
000E9Er 2  20 rr rr             jsr     Mul10
000EA1r 2  C6 0A                dec     INDX
000EA3r 2  D0 EE                bne     Lbl3CA2
000EA5r 2               Lbl3CB4:
000EA5r 2  20 rr rr             jsr     Div10
000EA8r 2  E6 0A                inc     INDX
000EAAr 2  D0 DC                bne     Lbl3C97
000EACr 2               Lbl3CBB:
000EACr 2  20 rr rr             jsr     FAddH
000EAFr 2               Lbl3CBE:
000EAFr 2  20 rr rr             jsr     QInt
000EB2r 2               ; ----------------------------------------------------------------------------
000EB2r 2               ; FAC+1...FAC+4 IS NOW IN INTEGER FORM
000EB2r 2               ; WITH POWER OF TEN ADJUSTMENT IN TMPEXP
000EB2r 2               ;
000EB2r 2               ; IF -10 < TMPEXP > 1, PRINT IN DECIMAL FORM
000EB2r 2               ; OTHERWISE, PRINT IN EXPONENTIAL FORM
000EB2r 2               ; ----------------------------------------------------------------------------
000EB2r 2  A2 01                ldx     #$01
000EB4r 2  A5 0A                lda     INDX
000EB6r 2  18                   clc
000EB7r 2  69 0A                adc     #3*BYTES_FP-5
000EB9r 2  30 09                bmi     Lbl3CD3
000EBBr 2  C9 0B                cmp     #3*BYTES_FP-4
000EBDr 2  B0 06                bcs     Lbl3CD4
000EBFr 2  69 FF                adc     #$FF
000EC1r 2  AA                   tax
000EC2r 2  A9 02                lda     #$02
000EC4r 2               Lbl3CD3:
000EC4r 2  38                   sec
000EC5r 2               Lbl3CD4:
000EC5r 2  E9 02                sbc     #$02
000EC7r 2  85 0B                sta     EXPON
000EC9r 2  86 0A                stx     INDX
000ECBr 2  8A                   txa
000ECCr 2  F0 02                beq     Lbl3CDF
000ECEr 2  10 13                bpl     Lbl3CF2
000ED0r 2               Lbl3CDF:
000ED0r 2  A4 1E                ldy     STRNG2
000ED2r 2  A9 2E                lda     #$2E
000ED4r 2  C8                   iny
000ED5r 2  99 FF 00             sta     STACK2-1,y
000ED8r 2  8A                   txa
000ED9r 2  F0 06                beq     Lbl3CF0
000EDBr 2  A9 30                lda     #$30
000EDDr 2  C8                   iny
000EDEr 2  99 FF 00             sta     STACK2-1,y
000EE1r 2               Lbl3CF0:
000EE1r 2  84 1E                sty     STRNG2
000EE3r 2               ; ----------------------------------------------------------------------------
000EE3r 2               ; NOW DIVIDE BY POWERS OF TEN TO GET SUCCESSIVE DIGITS
000EE3r 2               ; ----------------------------------------------------------------------------
000EE3r 2               Lbl3CF2:
000EE3r 2  A0 00                ldy     #$00
000EE5r 2               LblDD3A:
000EE5r 2  A2 80                ldx     #$80
000EE7r 2               Lbl3CF6:
000EE7r 2  A5 12                lda     FAC_LAST
000EE9r 2  18                   clc
000EEAr 2  79 rr rr             adc     DecTbl+3,y
000EEDr 2  85 12                sta     FAC+4
000EEFr 2  A5 11                lda     FAC+3
000EF1r 2  79 rr rr             adc     DecTbl+2,y
000EF4r 2  85 11                sta     FAC+3
000EF6r 2  A5 10                lda     FAC+2
000EF8r 2  79 rr rr             adc     DecTbl+1,y
000EFBr 2  85 10                sta     FAC+2
000EFDr 2  A5 0F                lda     FAC+1
000EFFr 2  79 rr rr             adc     DecTbl,y
000F02r 2  85 0F                sta     FAC+1
000F04r 2  E8                   inx
000F05r 2  B0 04                bcs     Lbl3D1A
000F07r 2  10 DE                bpl     Lbl3CF6
000F09r 2  30 02                bmi     Lbl3D1C
000F0Br 2               Lbl3D1A:
000F0Br 2  30 DA                bmi     Lbl3CF6
000F0Dr 2               Lbl3D1C:
000F0Dr 2  8A                   txa
000F0Er 2  90 04                bcc     Lbl3D23
000F10r 2  49 FF                eor     #$FF
000F12r 2  69 0A                adc     #$0A
000F14r 2               Lbl3D23:
000F14r 2  69 2F                adc     #$2F
000F16r 2  C8                   iny
000F17r 2  C8                   iny
000F18r 2  C8                   iny
000F19r 2  C8                   iny
000F1Ar 2  84 3F                sty     VARPNT
000F1Cr 2  A4 1E                ldy     STRNG2
000F1Er 2  C8                   iny
000F1Fr 2  AA                   tax
000F20r 2  29 7F                and     #$7F
000F22r 2  99 FF 00             sta     STACK2-1,y
000F25r 2  C6 0A                dec     INDX
000F27r 2  D0 06                bne     Lbl3D3E
000F29r 2  A9 2E                lda     #$2E
000F2Br 2  C8                   iny
000F2Cr 2  99 FF 00             sta     STACK2-1,y
000F2Fr 2               Lbl3D3E:
000F2Fr 2  84 1E                sty     STRNG2
000F31r 2  A4 3F                ldy     VARPNT
000F33r 2  8A                   txa
000F34r 2  49 FF                eor     #$FF
000F36r 2  29 80                and     #$80
000F38r 2  AA                   tax
000F39r 2  C0 24                cpy     #DecTblEnd-DecTbl
000F3Br 2  F0 04                beq     LblDD96
000F3Dr 2  C0 3C                cpy     #$3C ; XXX
000F3Fr 2  D0 A6                bne     Lbl3CF6
000F41r 2               ; ----------------------------------------------------------------------------
000F41r 2               ; NINE DIGITS HAVE BEEN STORED IN STRING.  NOW LOOK
000F41r 2               ; BACK AND LOP OFF TRAILING ZEROES AND A TRAILING
000F41r 2               ; DECIMAL POINT.
000F41r 2               ; ----------------------------------------------------------------------------
000F41r 2               LblDD96:
000F41r 2  A4 1E                ldy     STRNG2
000F43r 2               Lbl3D4E:
000F43r 2  B9 FF 00             lda     STACK2-1,y
000F46r 2  88                   dey
000F47r 2  C9 30                cmp     #$30
000F49r 2  F0 F8                beq     Lbl3D4E
000F4Br 2  C9 2E                cmp     #$2E
000F4Dr 2  F0 01                beq     Lbl3D5B
000F4Fr 2  C8                   iny
000F50r 2               Lbl3D5B:
000F50r 2  A9 2B                lda     #$2B
000F52r 2  A6 0B                ldx     EXPON
000F54r 2  F0 2E                beq     Lbl3D8F
000F56r 2  10 08                bpl     Lbl3D6B
000F58r 2  A9 00                lda     #$00
000F5Ar 2  38                   sec
000F5Br 2  E5 0B                sbc     EXPON
000F5Dr 2  AA                   tax
000F5Er 2  A9 2D                lda     #$2D
000F60r 2               Lbl3D6B:
000F60r 2  99 01 01             sta     STACK2+1,y
000F63r 2  A9 45                lda     #$45
000F65r 2  99 00 01             sta     STACK2,y
000F68r 2  8A                   txa
000F69r 2  A2 2F                ldx     #$2F
000F6Br 2  38                   sec
000F6Cr 2               Lbl3D77:
000F6Cr 2  E8                   inx
000F6Dr 2  E9 0A                sbc     #$0A
000F6Fr 2  B0 FB                bcs     Lbl3D77
000F71r 2  69 3A                adc     #$3A
000F73r 2  99 03 01             sta     STACK2+3,y
000F76r 2  8A                   txa
000F77r 2  99 02 01             sta     STACK2+2,y
000F7Ar 2  A9 00                lda     #$00
000F7Cr 2  99 04 01             sta     STACK2+4,y
000F7Fr 2  F0 08                beq     Lbl3D94
000F81r 2               Fout4:
000F81r 2  99 FF 00             sta     STACK2-1,y
000F84r 2               Lbl3D8F:
000F84r 2  A9 00                lda     #$00
000F86r 2  99 00 01             sta     STACK2,y
000F89r 2               Lbl3D94:
000F89r 2  A9 00                lda     #<STACK2
000F8Br 2  A0 01                ldy     #>STACK2
000F8Dr 2  60                   rts
000F8Er 2               
000F8Er 2               ; ----------------------------------------------------------------------------
000F8Er 2               ConHalf:
000F8Er 2  80 00 00 00          .byte   $80,$00,$00,$00,$00
000F92r 2  00           
000F93r 2               
000F93r 2               ; ----------------------------------------------------------------------------
000F93r 2               ; POWERS OF 10 FROM 1E8 DOWN TO 1,
000F93r 2               ; AS 32-BIT INTEGERS, WITH ALTERNATING SIGNS
000F93r 2               ; ----------------------------------------------------------------------------
000F93r 2               DecTbl:
000F93r 2  FA 0A 1F 00  		.byte	$FA,$0A,$1F,$00	; -100000000
000F97r 2  00 98 96 80  		.byte	$00,$98,$96,$80	; 10000000
000F9Br 2  FF F0 BD C0  		.byte	$FF,$F0,$BD,$C0	; -1000000
000F9Fr 2  00 01 86 A0  		.byte	$00,$01,$86,$A0	; 100000
000FA3r 2  FF FF D8 F0  		.byte	$FF,$FF,$D8,$F0	; -10000
000FA7r 2  00 00 03 E8  		.byte   $00,$00,$03,$E8	; 1000
000FABr 2  FF FF FF 9C  		.byte	$FF,$FF,$FF,$9C	; -100
000FAFr 2  00 00 00 0A  		.byte   $00,$00,$00,$0A	; 10
000FB3r 2  FF FF FF FF  		.byte	$FF,$FF,$FF,$FF	; -1
000FB7r 2               DecTblEnd:
000FB7r 2  FF DF 0A 80  		.byte	$FF,$DF,$0A,$80 ; TI$
000FBBr 2  00 03 4B C0  		.byte	$00,$03,$4B,$C0
000FBFr 2  FF FF 73 60  		.byte	$FF,$FF,$73,$60
000FC3r 2  00 00 0E 10  		.byte	$00,$00,$0E,$10
000FC7r 2  FF FF FD A8  		.byte	$FF,$FF,$FD,$A8
000FCBr 2  00 00 00 3C  		.byte	$00,$00,$00,$3C
000FCFr 2               C_ZERO = ConHalf + 2
000FCFr 2               
000FCFr 2               ; ----------------------------------------------------------------------------
000FCFr 2               ; "SQR" FUNCTION
000FCFr 2               ; ----------------------------------------------------------------------------
000FCFr 2               Sqr:
000FCFr 2  20 rr rr             jsr     CopyFacToArgRounded
000FD2r 2  A9 rr                lda     #<ConHalf
000FD4r 2  A0 rr                ldy     #>ConHalf
000FD6r 2  20 rr rr             jsr     LoadFacFromYa
000FD9r 2               
000FD9r 2               ; ----------------------------------------------------------------------------
000FD9r 2               ; EXPONENTIATION OPERATION
000FD9r 2               ;
000FD9r 2               ; ARG ^ FAC  =  Exp( Log(ARG) * FAC )
000FD9r 2               ; ----------------------------------------------------------------------------
000FD9r 2               FPwrt:
000FD9r 2  F0 70                beq     Exp
000FDBr 2  A5 16                lda     ARG
000FDDr 2  D0 03                bne     Lbl3DD5
000FDFr 2  4C rr rr             jmp     StaInFacSignAndExp
000FE2r 2               Lbl3DD5:
000FE2r 2  A2 57                ldx     #TEMP3
000FE4r 2  A0 00                ldy     #$00
000FE6r 2  20 rr rr             jsr     StoreFacAtYxRounded
000FE9r 2  A5 1B                lda     ARGSIGN
000FEBr 2  10 0F                bpl     Lbl3DEF
000FEDr 2  20 rr rr             jsr     Int
000FF0r 2  A9 57                lda     #TEMP3
000FF2r 2  A0 00                ldy     #$00
000FF4r 2  20 rr rr             jsr     FComp
000FF7r 2  D0 03                bne     Lbl3DEF
000FF9r 2  98                   tya
000FFAr 2  A4 44                ldy     CHARAC
000FFCr 2               Lbl3DEF:
000FFCr 2  20 rr rr             jsr     Mfa
000FFFr 2  98                   tya
001000r 2  48                   pha
001001r 2  20 rr rr             jsr     Log
001004r 2  A9 57                lda     #TEMP3
001006r 2  A0 00                ldy     #$00
001008r 2  20 rr rr             jsr     FMult
00100Br 2  20 rr rr             jsr     Exp
00100Er 2  68                   pla
00100Fr 2  4A                   lsr     a
001010r 2  90 0A                bcc     Lbl3E0F
001012r 2               
001012r 2               ; ----------------------------------------------------------------------------
001012r 2               ; NEGATE VALUE IN FAC
001012r 2               ; ----------------------------------------------------------------------------
001012r 2               NegOp:
001012r 2  A5 0E                lda     FAC
001014r 2  F0 06                beq     Lbl3E0F
001016r 2  A5 13                lda     FACSIGN
001018r 2  49 FF                eor     #$FF
00101Ar 2  85 13                sta     FACSIGN
00101Cr 2               Lbl3E0F:
00101Cr 2  60                   rts
00101Dr 2               
00101Dr 2               ; ----------------------------------------------------------------------------
00101Dr 2               ConLogE:
00101Dr 2  81 38 AA 3B          .byte   $81,$38,$AA,$3B,$29
001021r 2  29           
001022r 2               PolyExp:
001022r 2  07                   .byte   $07
001023r 2  71 34 58 3E  		.byte	$71,$34,$58,$3E,$56
001027r 2  56           
001028r 2  74 16 7E B3  		.byte	$74,$16,$7E,$B3,$1B
00102Cr 2  1B           
00102Dr 2  77 2F EE E3  		.byte	$77,$2F,$EE,$E3,$85
001031r 2  85           
001032r 2  7A 1D 84 1C          .byte   $7A,$1D,$84,$1C,$2A
001036r 2  2A           
001037r 2  7C 63 59 58  		.byte	$7C,$63,$59,$58,$0A
00103Br 2  0A           
00103Cr 2  7E 75 FD E7  		.byte	$7E,$75,$FD,$E7,$C6
001040r 2  C6           
001041r 2  80 31 72 18  		.byte	$80,$31,$72,$18,$10
001045r 2  10           
001046r 2  81 00 00 00  		.byte	$81,$00,$00,$00,$00
00104Ar 2  00           
00104Br 2               
00104Br 2               ; ----------------------------------------------------------------------------
00104Br 2               ; "EXP" FUNCTION
00104Br 2               ;
00104Br 2               ; FAC = E ^ FAC
00104Br 2               ; ----------------------------------------------------------------------------
00104Br 2               Exp:
00104Br 2  A9 rr                lda     #<ConLogE
00104Dr 2  A0 rr                ldy     #>ConLogE
00104Fr 2  20 rr rr             jsr     FMult
001052r 2  A5 1D                lda     FACEXTENSION
001054r 2  69 50                adc     #$50
001056r 2  90 03                bcc     Lbl3E4E
001058r 2  20 rr rr             jsr     IncrementMantissa
00105Br 2               Lbl3E4E:
00105Br 2  85 43                sta     ARGEXTENSION
00105Dr 2  20 rr rr             jsr     Maf
001060r 2  A5 0E                lda     FAC
001062r 2  C9 88                cmp     #$88
001064r 2  90 03                bcc     Lbl3E5C
001066r 2               Lbl3E59:
001066r 2  20 rr rr             jsr     OutOfRng
001069r 2               Lbl3E5C:
001069r 2  20 rr rr             jsr     Int
00106Cr 2  A5 44                lda     CHARAC
00106Er 2  18                   clc
00106Fr 2  69 81                adc     #$81
001071r 2  F0 F3                beq     Lbl3E59
001073r 2  38                   sec
001074r 2  E9 01                sbc     #$01
001076r 2  48                   pha
001077r 2  A2 05                ldx     #BYTES_FP
001079r 2               Lbl3E6C:
001079r 2  B5 16                lda     ARG,x
00107Br 2  B4 0E                ldy     FAC,x
00107Dr 2  95 0E                sta     FAC,x
00107Fr 2  94 16                sty     ARG,x
001081r 2  CA                   dex
001082r 2  10 F5                bpl     Lbl3E6C
001084r 2  A5 43                lda     ARGEXTENSION
001086r 2  85 1D                sta     FACEXTENSION
001088r 2  20 rr rr             jsr     FSubT
00108Br 2  20 rr rr             jsr     NegOp
00108Er 2  A9 rr                lda     #<PolyExp
001090r 2  A0 rr                ldy     #>PolyExp
001092r 2  20 rr rr             jsr     Polynomial
001095r 2  A9 00                lda     #$00
001097r 2  85 1C                sta     SGNCPR
001099r 2  68                   pla
00109Ar 2  20 rr rr             jsr     AddExponents1
00109Dr 2  60                   rts
00109Er 2               
00109Er 2               ; ----------------------------------------------------------------------------
00109Er 2               ; ODD Polynomial SUBROUTINE
00109Er 2               ;
00109Er 2               ; F(X) = X * P(X^2)
00109Er 2               ;
00109Er 2               ; WHERE:  X IS VALUE IN FAC
00109Er 2               ;	Y,A POINTS AT COEFFICIENT TABLE
00109Er 2               ;	FIRST BYTE OF COEFF. TABLE IS N
00109Er 2               ;	COEFFICIENTS FOLLOW, HIGHEST POWER FIRST
00109Er 2               ;
00109Er 2               ; P(X^2) COMPUTED USING NORMAL Polynomial SUBROUTINE
00109Er 2               ; ----------------------------------------------------------------------------
00109Er 2               PolynomialOdd:
00109Er 2  85 1E                sta     STRNG2
0010A0r 2  84 1F                sty     STRNG2+1
0010A2r 2  20 rr rr             jsr     StoreFacInTemp1Rounded
0010A5r 2  A9 4D                lda     #TEMP1X
0010A7r 2  20 rr rr             jsr     FMult
0010AAr 2  20 rr rr             jsr     SerMain
0010ADr 2  A9 4D                lda     #TEMP1X
0010AFr 2  A0 00                ldy     #$00
0010B1r 2  4C rr rr             jmp     FMult
0010B4r 2               
0010B4r 2               ; ----------------------------------------------------------------------------
0010B4r 2               ; NORMAL Polynomial SUBROUTINE
0010B4r 2               ;
0010B4r 2               ; P(X) = C(0)*X^N + C(1)*X^(N-1) + ... + C(N)
0010B4r 2               ;
0010B4r 2               ; WHERE:  X IS VALUE IN FAC
0010B4r 2               ;	Y,A POINTS AT COEFFICIENT TABLE
0010B4r 2               ;	FIRST BYTE OF COEFF. TABLE IS N
0010B4r 2               ;	COEFFICIENTS FOLLOW, HIGHEST POWER FIRST
0010B4r 2               ; ----------------------------------------------------------------------------
0010B4r 2               Polynomial:
0010B4r 2  85 1E                sta     STRNG2
0010B6r 2  84 1F                sty     STRNG2+1
0010B8r 2               SerMain:
0010B8r 2  20 rr rr             jsr     StoreFacInTemp2Rounded
0010BBr 2  B1 1E                lda     (STRNG2),y
0010BDr 2  85 14                sta     SERLEN
0010BFr 2  A4 1E                ldy     STRNG2
0010C1r 2  C8                   iny
0010C2r 2  98                   tya
0010C3r 2  D0 02                bne     Lbl3EBA
0010C5r 2  E6 1F                inc     STRNG2+1
0010C7r 2               Lbl3EBA:
0010C7r 2  85 1E                sta     STRNG2
0010C9r 2  A4 1F                ldy     STRNG2+1
0010CBr 2               Lbl3EBE:
0010CBr 2  20 rr rr             jsr     FMult
0010CEr 2  A5 1E                lda     STRNG2
0010D0r 2  A4 1F                ldy     STRNG2+1
0010D2r 2  18                   clc
0010D3r 2  69 05                adc     #BYTES_FP
0010D5r 2  90 01                bcc     Lbl3ECB
0010D7r 2  C8                   iny
0010D8r 2               Lbl3ECB:
0010D8r 2  85 1E                sta     STRNG2
0010DAr 2  84 1F                sty     STRNG2+1
0010DCr 2  20 rr rr             jsr     FAdd
0010DFr 2  A9 52                lda     #TEMP2
0010E1r 2  A0 00                ldy     #$00
0010E3r 2  C6 14                dec     SERLEN
0010E5r 2  D0 E4                bne     Lbl3EBE
0010E7r 2               Rts19:
0010E7r 2  60                   rts
0010E8r 2               ; ===== from msbasic-master/trig.s =====
0010E8r 2               ; (.segment removed - inlined into BASIC)
0010E8r 2               
0010E8r 2               SinCosTanAtn:
0010E8r 2               ; ----------------------------------------------------------------------------
0010E8r 2               ; "COS" FUNCTION
0010E8r 2               ; ----------------------------------------------------------------------------
0010E8r 2               Cos:
0010E8r 2  A9 rr                lda     #<ConPiHalf
0010EAr 2  A0 rr                ldy     #>ConPiHalf
0010ECr 2  20 rr rr             jsr     FAdd
0010EFr 2               
0010EFr 2               ; ----------------------------------------------------------------------------
0010EFr 2               ; "SIN" FUNCTION
0010EFr 2               ; ----------------------------------------------------------------------------
0010EFr 2               Sin:
0010EFr 2  20 rr rr             jsr     CopyFacToArgRounded
0010F2r 2  A9 rr                lda     #<ConPiDoub
0010F4r 2  A0 rr                ldy     #>ConPiDoub
0010F6r 2  A6 1B                ldx     ARGSIGN
0010F8r 2  20 rr rr             jsr     Div
0010FBr 2  20 rr rr             jsr     CopyFacToArgRounded
0010FEr 2  20 rr rr             jsr     Int
001101r 2  A9 00                lda     #$00
001103r 2  85 1C                sta     STRNG1
001105r 2  20 rr rr             jsr     FSubT
001108r 2               ; ----------------------------------------------------------------------------
001108r 2               ; (FAC) = ANGLE AS A FRACTION OF A FULL CIRCLE
001108r 2               ;
001108r 2               ; NOW FOLD THE RANGE INTO A Quarter CIRCLE
001108r 2               ;
001108r 2               ; <<< THERE ARE MUCH SIMPLER WAYS TO DO THIS >>>
001108r 2               ; ----------------------------------------------------------------------------
001108r 2  A9 rr                lda     #<Quarter
00110Ar 2  A0 rr                ldy     #>Quarter
00110Cr 2  20 rr rr             jsr     FSub
00110Fr 2  A5 13                lda     FACSIGN
001111r 2  48                   pha
001112r 2  10 0D                bpl     Sin1
001114r 2  20 rr rr             jsr     FAddH
001117r 2  A5 13                lda     FACSIGN
001119r 2  30 09                bmi     Lbl3F5B
00111Br 2  A5 45                lda     CPRMASK
00111Dr 2  49 FF                eor     #$FF
00111Fr 2  85 45                sta     CPRMASK
001121r 2               ; ----------------------------------------------------------------------------
001121r 2               ; IF FALL THRU, RANGE IS 0...1/2
001121r 2               ; IF BRANCH HERE, RANGE IS 0...1/4
001121r 2               ; ----------------------------------------------------------------------------
001121r 2               Sin1:
001121r 2  20 rr rr             jsr     NegOp
001124r 2               ; ----------------------------------------------------------------------------
001124r 2               ; IF FALL THRU, RANGE IS -1/2...0
001124r 2               ; IF BRANCH HERE, RANGE IS -1/4...0
001124r 2               ; ----------------------------------------------------------------------------
001124r 2               Lbl3F5B:
001124r 2  A9 rr                lda     #<Quarter
001126r 2  A0 rr                ldy     #>Quarter
001128r 2  20 rr rr             jsr     FAdd
00112Br 2  68                   pla
00112Cr 2  10 03                bpl     Lbl3F68
00112Er 2  20 rr rr             jsr     NegOp
001131r 2               Lbl3F68:
001131r 2  A9 rr                lda     #<PolySin
001133r 2  A0 rr                ldy     #>PolySin
001135r 2  4C rr rr             jmp     PolynomialOdd
001138r 2               
001138r 2               ; ----------------------------------------------------------------------------
001138r 2               ; "TAN" FUNCTION
001138r 2               ;
001138r 2               ; COMPUTE Tan(X) = Sin(X) / Cos(X)
001138r 2               ; ----------------------------------------------------------------------------
001138r 2               Tan:
001138r 2  20 rr rr             jsr     StoreFacInTemp1Rounded
00113Br 2  A9 00                lda     #$00
00113Dr 2  85 45                sta     CPRMASK
00113Fr 2  20 rr rr             jsr     Sin
001142r 2  A2 57                ldx     #TEMP3
001144r 2  A0 00                ldy     #$00
001146r 2  20 rr rr             jsr     GoMovMf
001149r 2  A9 4D                lda     #TEMP1+(5-BYTES_FP)
00114Br 2  A0 00                ldy     #$00
00114Dr 2  20 rr rr             jsr     LoadFacFromYa
001150r 2  A9 00                lda     #$00
001152r 2  85 13                sta     FACSIGN
001154r 2  A5 45                lda     CPRMASK
001156r 2  20 rr rr             jsr     Tan1
001159r 2  A9 57                lda     #TEMP3
00115Br 2  A0 00                ldy     #$00
00115Dr 2  4C rr rr             jmp     FDiv
001160r 2               Tan1:
001160r 2  48                   pha
001161r 2  4C rr rr             jmp     Sin1
001164r 2               
001164r 2               ; ----------------------------------------------------------------------------
001164r 2               ConPiHalf:
001164r 2  81 49 0F DA          .byte   $81,$49,$0F,$DA,$A2
001168r 2  A2           
001169r 2               ConPiDoub:
001169r 2  83 49 0F DA          .byte   $83,$49,$0F,$DA,$A2
00116Dr 2  A2           
00116Er 2               Quarter:
00116Er 2  7F 00 00 00          .byte   $7F,$00,$00,$00,$00
001172r 2  00           
001173r 2               PolySin:
001173r 2  05 84 E6 1A          .byte   $05,$84,$E6,$1A,$2D,$1B,$86,$28
001177r 2  2D 1B 86 28  
00117Br 2  07 FB F8 87          .byte   $07,$FB,$F8,$87,$99,$68,$89,$01
00117Fr 2  99 68 89 01  
001183r 2  87 23 35 DF          .byte   $87,$23,$35,$DF,$E1,$86,$A5,$5D
001187r 2  E1 86 A5 5D  
00118Br 2  E7 28 83 49          .byte   $E7,$28,$83,$49,$0F,$DA,$A2
00118Fr 2  0F DA A2     
001192r 2               ; PET encoded easter egg text since CBM2
001192r 2               Microsoft:
001192r 2  A1 54 46 8F          .byte   $A1,$54,$46,$8F,$13,$8F,$52,$43
001196r 2  13 8F 52 43  
00119Ar 2  89 CD                .byte   $89,$CD
00119Cr 2               
00119Cr 2               ; ----------------------------------------------------------------------------
00119Cr 2               ; "ATN" FUNCTION
00119Cr 2               ; ----------------------------------------------------------------------------
00119Cr 2               Atn:
00119Cr 2  A5 13                lda     FACSIGN
00119Er 2  48                   pha
00119Fr 2  10 03                bpl     Lbl3FDB
0011A1r 2  20 rr rr             jsr     NegOp
0011A4r 2               Lbl3FDB:
0011A4r 2  A5 0E                lda     FAC
0011A6r 2  48                   pha
0011A7r 2  C9 81                cmp     #$81
0011A9r 2  90 07                bcc     Lbl3FE9
0011ABr 2  A9 rr                lda     #<ConOne
0011ADr 2  A0 rr                ldy     #>ConOne
0011AFr 2  20 rr rr             jsr     FDiv
0011B2r 2               ; ----------------------------------------------------------------------------
0011B2r 2               ; 0 <= X <= 1
0011B2r 2               ; 0 <= Atn(X) <= PI/8
0011B2r 2               ; ----------------------------------------------------------------------------
0011B2r 2               Lbl3FE9:
0011B2r 2  A9 rr                lda     #<PolyAtn
0011B4r 2  A0 rr                ldy     #>PolyAtn
0011B6r 2  20 rr rr             jsr     PolynomialOdd
0011B9r 2  68                   pla
0011BAr 2  C9 81                cmp     #$81
0011BCr 2  90 07                bcc     Lbl3FFC
0011BEr 2  A9 rr                lda     #<ConPiHalf
0011C0r 2  A0 rr                ldy     #>ConPiHalf
0011C2r 2  20 rr rr             jsr     FSub
0011C5r 2               Lbl3FFC:
0011C5r 2  68                   pla
0011C6r 2  10 03                bpl     Lbl4002
0011C8r 2  4C rr rr             jmp     NegOp
0011CBr 2               Lbl4002:
0011CBr 2  60                   rts
0011CCr 2               
0011CCr 2               ; ----------------------------------------------------------------------------
0011CCr 2               PolyAtn:
0011CCr 2  0B                   .byte   $0B
0011CDr 2  76 B3 83 BD  		.byte	$76,$B3,$83,$BD,$D3
0011D1r 2  D3           
0011D2r 2  79 1E F4 A6  		.byte	$79,$1E,$F4,$A6,$F5
0011D6r 2  F5           
0011D7r 2  7B 83 FC B0  		.byte	$7B,$83,$FC,$B0,$10
0011DBr 2  10           
0011DCr 2  7C 0C 1F 67          .byte   $7C,$0C,$1F,$67,$CA
0011E0r 2  CA           
0011E1r 2  7C DE 53 CB  		.byte	$7C,$DE,$53,$CB,$C1
0011E5r 2  C1           
0011E6r 2  7D 14 64 70  		.byte	$7D,$14,$64,$70,$4C
0011EAr 2  4C           
0011EBr 2  7D B7 EA 51  		.byte	$7D,$B7,$EA,$51,$7A
0011EFr 2  7A           
0011F0r 2  7D 63 30 88  		.byte	$7D,$63,$30,$88,$7E
0011F4r 2  7E           
0011F5r 2  7E 92 44 99  		.byte	$7E,$92,$44,$99,$3A
0011F9r 2  3A           
0011FAr 2  7E 4C CC 91  		.byte	$7E,$4C,$CC,$91,$C7
0011FEr 2  C7           
0011FFr 2  7F AA AA AA  		.byte	$7F,$AA,$AA,$AA,$13
001203r 2  13           
001204r 2  81 00 00 00          .byte   $81,$00,$00,$00,$00
001208r 2  00           
001209r 2               
001209r 2               ; ===== from msbasic-master/rnd.s =====
001209r 2               ; (.segment removed - inlined into BASIC)
001209r 2               
001209r 2               ; ----------------------------------------------------------------------------
001209r 2               ; "RND" FUNCTION
001209r 2               ; ----------------------------------------------------------------------------
001209r 2               
001209r 2               ; <<< THESE ARE MISSING ONE BYTE FOR FP VALUES >>>
001209r 2               ; (non CONFIG_SMALL)
001209r 2               ConRnd1:
001209r 2  98 35 44 7A          .byte   $98,$35,$44,$7A
00120Dr 2               ConRnd2:
00120Dr 2  68 28 B1 46          .byte   $68,$28,$B1,$46
001211r 2               Rnd:
001211r 2  20 rr rr             jsr     Sign
001214r 2  30 1E                bmi     Lbl3F01
001216r 2  D0 07                bne     LblDF63
001218r 2                       ; x = 0 repeats the last value, which is what the README documents and
001218r 2                       ; what Applesoft does.  msbasic builds a value out of a free-running
001218r 2                       ; entropy source here instead -- the Commodore behaviour -- and that
001218r 2                       ; was what this did: RND(0) returned neither the previous result nor
001218r 2                       ; anything that varied, since nothing in this machine keeps ENTROPY
001218r 2                       ; moving.  Every path below ends by storing the result at RNDSEED, so
001218r 2                       ; the last value is already there to hand back.
001218r 2  A9 5C                lda     #<RNDSEED
00121Ar 2  A0 00                ldy     #>RNDSEED
00121Cr 2  4C rr rr             jmp     LoadFacFromYa
00121Fr 2               LblDF63:
00121Fr 2  A9 5C                lda     #<RNDSEED
001221r 2  A0 00                ldy     #>RNDSEED
001223r 2  20 rr rr             jsr     LoadFacFromYa
001226r 2  A9 rr                lda     #<ConRnd1
001228r 2  A0 rr                ldy     #>ConRnd1
00122Ar 2  20 rr rr             jsr     FMult
00122Dr 2  A9 rr                lda     #<ConRnd2
00122Fr 2  A0 rr                ldy     #>ConRnd2
001231r 2  20 rr rr             jsr     FAdd
001234r 2               Lbl3F01:
001234r 2  A6 12                ldx     FAC_LAST
001236r 2  A5 0F                lda     FAC+1
001238r 2  85 12                sta     FAC_LAST
00123Ar 2  86 0F                stx     FAC+1
00123Cr 2  A6 10                ldx     FAC+2
00123Er 2  A5 11                lda     FAC+3
001240r 2  85 10                sta     FAC+2
001242r 2  86 11                stx     FAC+3
001244r 2               LblDF88:
001244r 2  A9 00                lda     #$00
001246r 2  85 13                sta     FACSIGN
001248r 2  A5 0E                lda     FAC
00124Ar 2  85 1D                sta     FACEXTENSION
00124Cr 2  A9 80                lda     #$80
00124Er 2  85 0E                sta     FAC
001250r 2  20 rr rr             jsr     NormalizeFac2
001253r 2  A2 5C                ldx     #<RNDSEED
001255r 2  A0 00                ldy     #>RNDSEED
001257r 2               GoMovMf:
001257r 2  4C rr rr             jmp     StoreFacAtYxRounded
00125Ar 2               
00125Ar 2               ; (.segment "CHRGET" removed - inlined into BASIC)
00125Ar 2               ; ----------------------------------------------------------------------------
00125Ar 2               ; INITIAL VALUE FOR RANDOM NUMBER, ALSO COPIED
00125Ar 2               ; IN ALONG WITH ChrGet, BUT ERRONEOUSLY:
00125Ar 2               ; <<< THE LAST BYTE IS NOT COPIED >>>
00125Ar 2               ; (on all non-CONFIG_SMALL)
00125Ar 2               ; ----------------------------------------------------------------------------
00125Ar 2               RndSeedInit:
00125Ar 2               ; random number seed
00125Ar 2  80 4F C7 52          .byte   $80,$4F,$C7,$52,$58
00125Er 2  58           
00125Fr 2               ; GENERIC_CHRGET_END (unused)
00125Fr 2               
00125Fr 2               ; =============================================================================
00125Fr 2               ;   V A R I A B L E S ,   A R R A Y S ,   S T R I N G   H E A P
00125Fr 2               ;
00125Fr 2               ;   Inline-ported from msbasic-master/{var,array,string,memory}.s and
00125Fr 2               ;   misc2.s (GivAyf/SngFlt).  All MSBASIC externals are resolved here:
00125Fr 2               ;
00125Fr 2               ;     SynErr / MemErr / IqErr / SubErr / Gme        - error trampolines
00125Fr 2               ;     ChkCom / ChkCls / ChkNum / ChkStr             - parser predicates
00125Fr 2               ;     MakInt / FrmNum / FrmEvl                      - minimal stubs (only
00125Fr 2               ;                                                     handle literal unsigned
00125Fr 2               ;                                                     decimals via Fin; full
00125Fr 2               ;                                                     evaluator wired in a
00125Fr 2               ;                                                     later phase)
00125Fr 2               ;     IsLetC                                        - ASCII letter test
00125Fr 2               ;     PtrGet / Array / GetAry                       - variable lookup
00125Fr 2               ;     StrIni / StrSpa / GetSpa / PutNew / MovStr    - string allocation
00125Fr 2               ;     Garbag (and helpers)                          - string GC
00125Fr 2               ;     Bltu / Reason                                 - block-up-move helpers
00125Fr 2               ;     AyInt / GivAyf / SngFlt                       - FP <-> 16-bit int
00125Fr 2               ;     BasCmdClr                                     - implements CLR / NEW core
00125Fr 2               ; =============================================================================
00125Fr 2               
00125Fr 2               ; ---------------------------------------------------------------------------
00125Fr 2               ; SynErr / MemErr / IqErr / SubErr / Gme -- error trampolines.
00125Fr 2               ; The msbasic convention is "ldx #code; jmp ERROR".  Our BasError takes the
00125Fr 2               ; code in A, so translate; BasErrorVec (defined earlier) does that translation.
00125Fr 2               ; ---------------------------------------------------------------------------
00125Fr 2               SynErr:
00125Fr 2  A2 00                ldx     #ERR_SYNTAX
001261r 2  4C rr rr             jmp     BasErrorVec
001264r 2               
001264r 2               MemErr:
001264r 2  A2 02                ldx     #ERR_MEMFULL
001266r 2  4C rr rr             jmp     BasErrorVec
001269r 2               
001269r 2               SubErr:
001269r 2  A2 04                ldx     #ERR_BADSUBS
00126Br 2  4C rr rr             jmp     BasErrorVec
00126Er 2               
00126Er 2               Gme:
00126Er 2  4C rr rr             jmp     MemErr
001271r 2               
001271r 2               ; ---------------------------------------------------------------------------
001271r 2               ; Parser predicates (operate on byte at TXTPTR; advance via ChrGet).
001271r 2               ; ---------------------------------------------------------------------------
001271r 2               ChkCom:
001271r 2  A9 2C                lda     #','
001273r 2  2C                   .byte   $2C                     ; BIT abs -> skip next 2 bytes
001274r 2               SynChr:
001274r 2                       ; Used by code that wants a specific char.  A on entry = required char.
001274r 2  A0 00                ldy     #0
001276r 2  D2 04                cmp     (TXTPTR)
001278r 2  D0 E5                bne     SynErr
00127Ar 2  4C rr rr             jmp     ChrGet
00127Dr 2               
00127Dr 2               ChkCls:
00127Dr 2  A9 29                lda     #')'
00127Fr 2  80 F3                bra     SynChr
001281r 2               
001281r 2               ChkOpn:
001281r 2  A9 28                lda     #'('
001283r 2  80 EF                bra     SynChr
001285r 2               
001285r 2               ChkNum:
001285r 2  18                   clc
001286r 2  24                   .byte   $24                     ; BIT zp -> skip next byte
001287r 2               ChkStr:
001287r 2  38                   sec
001288r 2               ChkVal:
001288r 2  24 64                bit     VALTYP
00128Ar 2  30 03                bmi     @isstr
00128Cr 2  B0 04                bcs     @typeerr                ; numeric, wanted string
00128Er 2  60                   rts
00128Fr 2               @isstr:
00128Fr 2  90 01                bcc     @typeerr                ; string, wanted numeric
001291r 2  60                   rts
001292r 2               @typeerr:
001292r 2  A2 08                ldx     #ERR_TYPEMISM
001294r 2  4C rr rr             jmp     BasErrorVec
001297r 2               
001297r 2               ; ---------------------------------------------------------------------------
001297r 2               ; IsLetC -- carry SET if A is ASCII A-Z, else carry CLEAR.
001297r 2               ; ---------------------------------------------------------------------------
001297r 2               IsLetC:
001297r 2  C9 41                cmp     #'A'
001299r 2  90 06                bcc     @no
00129Br 2  C9 5B                cmp     #'Z'+1
00129Dr 2  B0 02                bcs     @no
00129Fr 2  38                   sec
0012A0r 2  60                   rts
0012A1r 2               @no:
0012A1r 2  18                   clc
0012A2r 2  60                   rts
0012A3r 2               
0012A3r 2               ; ---------------------------------------------------------------------------
0012A3r 2               ; FrmNum -- evaluate expression (FrmEvl), then enforce numeric type.
0012A3r 2               ; FrmEvl is implemented in the expression-evaluator section below.
0012A3r 2               ; ---------------------------------------------------------------------------
0012A3r 2               FrmNum:
0012A3r 2  20 rr rr             jsr     FrmEvl
0012A6r 2                       ; falls into ChkNum
0012A6r 2               ChknumAfterFrm:
0012A6r 2  4C rr rr             jmp     ChkNum
0012A9r 2               
0012A9r 2               ; ---------------------------------------------------------------------------
0012A9r 2               ; AyInt  --  CONVERT FAC to 16-bit signed int in FAC+3,FAC+4
0012A9r 2               ; Range: -32767 to +32767.  Out of range -> ?ILLEGAL QUANTITY.
0012A9r 2               ; ---------------------------------------------------------------------------
0012A9r 2               Neg32768:
0012A9r 2  90 80 00 00          .byte   $90,$80,$00,$00,$00
0012ADr 2  00           
0012AEr 2               
0012AEr 2               MakInt:
0012AEr 2  20 rr rr             jsr     ChrGet
0012B1r 2  20 rr rr             jsr     FrmNum
0012B4r 2               MkInt:
0012B4r 2  20 rr rr             jsr     ChkNum
0012B7r 2  A5 13                lda     FACSIGN
0012B9r 2  30 0D                bmi     AyintNeg
0012BBr 2               AyInt:
0012BBr 2  A5 0E                lda     FAC
0012BDr 2  C9 90                cmp     #$90
0012BFr 2  90 09                bcc     AyintOk
0012C1r 2  A9 rr                lda     #<Neg32768
0012C3r 2  A0 rr                ldy     #>Neg32768
0012C5r 2  20 rr rr             jsr     FComp
0012C8r 2               AyintNeg:
0012C8r 2  D0 03                bne     AyintIll
0012CAr 2               AyintOk:
0012CAr 2  4C rr rr             jmp     QInt
0012CDr 2               AyintIll:
0012CDr 2  4C rr rr             jmp     IqErr
0012D0r 2               
0012D0r 2               ; ---------------------------------------------------------------------------
0012D0r 2               ; GivAyf -- Float signed integer in (Y,A) into FAC.
0012D0r 2               ; SngFlt -- Float unsigned byte in Y into FAC.
0012D0r 2               ; ---------------------------------------------------------------------------
0012D0r 2               GivAyf:
0012D0r 2  A2 00                ldx     #$00
0012D2r 2  86 64                stx     VALTYP
0012D4r 2  85 0F                sta     FAC+1
0012D6r 2  84 10                sty     FAC+2
0012D8r 2  A2 90                ldx     #$90
0012DAr 2  4C rr rr             jmp     Float1
0012DDr 2               
0012DDr 2               SngFlt:
0012DDr 2  A9 00                lda     #$00
0012DFr 2  F0 EF                beq     GivAyf
0012E1r 2               
0012E1r 2               ; ---------------------------------------------------------------------------
0012E1r 2               ; Bltu / Reason -- block-up-move + free-space check.
0012E1r 2               ; ---------------------------------------------------------------------------
0012E1r 2               Bltu:
0012E1r 2  20 rr rr             jsr     Reason
0012E4r 2  8D 63 03             sta     STREND
0012E7r 2  8C 64 03             sty     STREND+1
0012EAr 2               Bltu2:
0012EAr 2  38                   sec
0012EBr 2  A5 79                lda     HIGHTR
0012EDr 2  E5 0C                sbc     LOWTR
0012EFr 2  85 20                sta     INDEX
0012F1r 2  A8                   tay
0012F2r 2  A5 7A                lda     HIGHTR+1
0012F4r 2  E5 0D                sbc     LOWTR+1
0012F6r 2  AA                   tax
0012F7r 2  E8                   inx
0012F8r 2  98                   tya
0012F9r 2  F0 23                beq     @big
0012FBr 2  A5 79                lda     HIGHTR
0012FDr 2  38                   sec
0012FEr 2  E5 20                sbc     INDEX
001300r 2  85 79                sta     HIGHTR
001302r 2  B0 03                bcs     @nb1
001304r 2  C6 7A                dec     HIGHTR+1
001306r 2  38                   sec
001307r 2               @nb1:
001307r 2  A5 77                lda     HIGHDS
001309r 2  E5 20                sbc     INDEX
00130Br 2  85 77                sta     HIGHDS
00130Dr 2  B0 08                bcs     @loop
00130Fr 2  C6 78                dec     HIGHDS+1
001311r 2  90 04                bcc     @loop
001313r 2               @inner:
001313r 2  B1 79                lda     (HIGHTR),y
001315r 2  91 77                sta     (HIGHDS),y
001317r 2               @loop:
001317r 2  88                   dey
001318r 2  D0 F9                bne     @inner
00131Ar 2  B1 79                lda     (HIGHTR),y
00131Cr 2  91 77                sta     (HIGHDS),y
00131Er 2               @big:
00131Er 2  C6 7A                dec     HIGHTR+1
001320r 2  C6 78                dec     HIGHDS+1
001322r 2  CA                   dex
001323r 2  D0 F2                bne     @loop
001325r 2  60                   rts
001326r 2               
001326r 2               ; Reason -- Verify (Y,A) <= FRETOP, calling Garbag and rechecking on
001326r 2               ; failure.  We omit the msbasic save/restore of TEMP1..FAC-1 because in
001326r 2               ; our layout TEMP1 is above FAC; Garbag only writes to its own ZP scratch
001326r 2               ; (FNCNAM/Z52/HIGHDS/HIGHTR/INDEX/LOWTR/DSCLEN) so callers that have FAC
001326r 2               ; live across Reason must save FAC themselves.  Current callers do.
001326r 2               Reason:
001326r 2  CC 66 03             cpy     FRETOP+1
001329r 2  90 1C                bcc     @ok
00132Br 2  D0 05                bne     @gc
00132Dr 2  CD 65 03             cmp     FRETOP
001330r 2  90 15                bcc     @ok
001332r 2               @gc:
001332r 2  48                   pha
001333r 2  98                   tya
001334r 2  48                   pha
001335r 2  20 rr rr             jsr     Garbag
001338r 2  68                   pla
001339r 2  A8                   tay
00133Ar 2  68                   pla
00133Br 2  CC 66 03             cpy     FRETOP+1
00133Er 2  90 07                bcc     @ok
001340r 2  D0 06                bne     @oom
001342r 2  CD 65 03             cmp     FRETOP
001345r 2  B0 01                bcs     @oom
001347r 2               @ok:
001347r 2  60                   rts
001348r 2               @oom:
001348r 2  4C rr rr             jmp     MemErr
00134Br 2               
00134Br 2               ; ---------------------------------------------------------------------------
00134Br 2               ; PtrGet -- find or create a scalar variable.
00134Br 2               ; On entry : ChrGot-equivalent state; TXTPTR points at first char of name.
00134Br 2               ; On exit  : VARPNT = address of variable's value bytes; (Y,A) = same.
00134Br 2               ;            VARNAM = encoded name (with type bits in bit 7s).
00134Br 2               ;            VALTYP = $00 numeric, $FF string.
00134Br 2               ; ---------------------------------------------------------------------------
00134Br 2               PtrGet:
00134Br 2  A2 00                ldx     #$00
00134Dr 2  20 rr rr             jsr     ChrGot
001350r 2               PtrGet2:
001350r 2  86 63                stx     DIMFLG
001352r 2               PtrGet3:
001352r 2  85 7B                sta     VARNAM
001354r 2  20 rr rr             jsr     ChrGot
001357r 2  20 rr rr             jsr     IsLetC
00135Ar 2  B0 03                bcs     @nameok
00135Cr 2  4C rr rr             jmp     SynErr
00135Fr 2               @nameok:
00135Fr 2  A2 00                ldx     #$00
001361r 2  86 64                stx     VALTYP
001363r 2  86 65                stx     VALTYP+1
001365r 2  20 rr rr             jsr     ChrGet
001368r 2  90 05                bcc     @second                 ; digit -> second char of name
00136Ar 2  20 rr rr             jsr     IsLetC
00136Dr 2  90 0B                bcc     @aftername              ; not letter -> done with chars
00136Fr 2               @second:
00136Fr 2  AA                   tax                             ; remember second char
001370r 2               @strip:
001370r 2  20 rr rr             jsr     ChrGet
001373r 2  90 FB                bcc     @strip
001375r 2  20 rr rr             jsr     IsLetC
001378r 2  B0 F6                bcs     @strip
00137Ar 2               @aftername:
00137Ar 2  C9 24                cmp     #'$'
00137Cr 2  D0 06                bne     @notstr
00137Er 2  A9 FF                lda     #$FF
001380r 2  85 64                sta     VALTYP
001382r 2  D0 09                bne     @typedone
001384r 2               @notstr:
001384r 2  C9 25                cmp     #'%'
001386r 2  D0 03                bne     @typeskip               ; integer-percent unsupported -> ignore
001388r 2  4C rr rr             jmp     SynErr                  ; reject A% style
00138Br 2               @typeskip:
00138Br 2               @nottype:
00138Br 2  80 07                bra     @aftertype
00138Dr 2               @typedone:
00138Dr 2  8A                   txa
00138Er 2  09 80                ora     #$80
001390r 2  AA                   tax
001391r 2  20 rr rr             jsr     ChrGet
001394r 2               @aftertype:
001394r 2  86 7C                stx     VARNAM+1
001396r 2  38                   sec
001397r 2  05 68                ora     SUBFLG
001399r 2  E9 28                sbc     #'('
00139Br 2  D0 03                bne     @notarray
00139Dr 2  4C rr rr             jmp     Array
0013A0r 2               @notarray:
0013A0r 2  A9 00                lda     #$00
0013A2r 2  85 68                sta     SUBFLG
0013A4r 2                       ; Walk VARTAB looking for VARNAM.
0013A4r 2  AD 5F 03             lda     VARTAB
0013A7r 2  AE 60 03             ldx     VARTAB+1
0013AAr 2  A0 00                ldy     #$00
0013ACr 2               @nextrec:
0013ACr 2  86 0D                stx     LOWTR+1
0013AEr 2               @cmprec:
0013AEr 2  85 0C                sta     LOWTR
0013B0r 2  EC 62 03             cpx     ARYTAB+1
0013B3r 2  D0 05                bne     @notend
0013B5r 2  CD 61 03             cmp     ARYTAB
0013B8r 2  F0 18                beq     Makenewvariable
0013BAr 2               @notend:
0013BAr 2  A5 7B                lda     VARNAM
0013BCr 2  D1 0C                cmp     (LOWTR),y
0013BEr 2  D0 08                bne     @advance
0013C0r 2  A5 7C                lda     VARNAM+1
0013C2r 2  C8                   iny
0013C3r 2  D1 0C                cmp     (LOWTR),y
0013C5r 2  F0 53                beq     SetVarpntAndYa
0013C7r 2  88                   dey
0013C8r 2               @advance:
0013C8r 2  18                   clc
0013C9r 2  A5 0C                lda     LOWTR
0013CBr 2  69 07                adc     #BYTES_PER_VARIABLE
0013CDr 2  90 DF                bcc     @cmprec
0013CFr 2  E8                   inx
0013D0r 2  D0 DA                bne     @nextrec
0013D2r 2               
0013D2r 2               ; --- Make new scalar -------------------------------------------------------
0013D2r 2               Makenewvariable:
0013D2r 2  AD 61 03             lda     ARYTAB
0013D5r 2  AC 62 03             ldy     ARYTAB+1
0013D8r 2  85 0C                sta     LOWTR
0013DAr 2  84 0D                sty     LOWTR+1
0013DCr 2  AD 63 03             lda     STREND
0013DFr 2  AC 64 03             ldy     STREND+1
0013E2r 2  85 79                sta     HIGHTR
0013E4r 2  84 7A                sty     HIGHTR+1
0013E6r 2  18                   clc
0013E7r 2  69 07                adc     #BYTES_PER_VARIABLE
0013E9r 2  90 01                bcc     @nb
0013EBr 2  C8                   iny
0013ECr 2               @nb:
0013ECr 2  85 77                sta     HIGHDS
0013EEr 2  84 78                sty     HIGHDS+1
0013F0r 2  20 rr rr             jsr     Bltu
0013F3r 2  A5 77                lda     HIGHDS
0013F5r 2  A4 78                ldy     HIGHDS+1
0013F7r 2  C8                   iny
0013F8r 2  8D 61 03             sta     ARYTAB
0013FBr 2  8C 62 03             sty     ARYTAB+1
0013FEr 2  A0 00                ldy     #$00
001400r 2  A5 7B                lda     VARNAM
001402r 2  91 0C                sta     (LOWTR),y
001404r 2  C8                   iny
001405r 2  A5 7C                lda     VARNAM+1
001407r 2  91 0C                sta     (LOWTR),y
001409r 2  A9 00                lda     #$00
00140Br 2  C8                   iny
00140Cr 2  91 0C                sta     (LOWTR),y
00140Er 2  C8                   iny
00140Fr 2  91 0C                sta     (LOWTR),y
001411r 2  C8                   iny
001412r 2  91 0C                sta     (LOWTR),y
001414r 2  C8                   iny
001415r 2  91 0C                sta     (LOWTR),y
001417r 2  C8                   iny
001418r 2  91 0C                sta     (LOWTR),y               ; CONFIG_2 7-byte variable
00141Ar 2                       ; fall through
00141Ar 2               
00141Ar 2               SetVarpntAndYa:
00141Ar 2  A5 0C                lda     LOWTR
00141Cr 2  18                   clc
00141Dr 2  69 02                adc     #$02
00141Fr 2  A4 0D                ldy     LOWTR+1
001421r 2  90 01                bcc     @nb
001423r 2  C8                   iny
001424r 2               @nb:
001424r 2  85 3F                sta     VARPNT
001426r 2  84 40                sty     VARPNT+1
001428r 2  60                   rts
001429r 2               
001429r 2               ; ---------------------------------------------------------------------------
001429r 2               ; Array  --  locate or create an array element.
001429r 2               ; Restriction: 1-D arrays only.  >1 dimensions -> ?BAD SUBSCRIPT.
001429r 2               ; ---------------------------------------------------------------------------
001429r 2               GetAry:
001429r 2  A5 66                lda     EOLPNTR
00142Br 2  0A                   asl     a
00142Cr 2  69 05                adc     #$05
00142Er 2  65 0C                adc     LOWTR
001430r 2  A4 0D                ldy     LOWTR+1
001432r 2  90 01                bcc     @nb
001434r 2  C8                   iny
001435r 2               @nb:
001435r 2  85 77                sta     HIGHDS
001437r 2  84 78                sty     HIGHDS+1
001439r 2  60                   rts
00143Ar 2               
00143Ar 2               Array:
00143Ar 2  A5 63                lda     DIMFLG
00143Cr 2  05 65                ora     VALTYP+1
00143Er 2  48                   pha
00143Fr 2  A5 64                lda     VALTYP
001441r 2  48                   pha
001442r 2  A0 00                ldy     #$00
001444r 2               @nextsub:
001444r 2  98                   tya
001445r 2  48                   pha
001446r 2  A5 7C                lda     VARNAM+1
001448r 2  48                   pha
001449r 2  A5 7B                lda     VARNAM
00144Br 2  48                   pha
00144Cr 2  20 rr rr             jsr     MakInt
00144Fr 2  68                   pla
001450r 2  85 7B                sta     VARNAM
001452r 2  68                   pla
001453r 2  85 7C                sta     VARNAM+1
001455r 2  68                   pla
001456r 2  A8                   tay
001457r 2                       ; Push the integer subscript onto the 6502 stack, beneath our
001457r 2                       ; return address.  msbasic does this by manipulating STACK,X
001457r 2                       ; with TSX; reproduce the trick.
001457r 2  BA                   tsx
001458r 2  BD 02 01             lda     $0102,x
00145Br 2  48                   pha
00145Cr 2  BD 01 01             lda     $0101,x
00145Fr 2  48                   pha
001460r 2  A5 11                lda     FAC+3
001462r 2  9D 02 01             sta     $0102,x
001465r 2  A5 12                lda     FAC+4
001467r 2  9D 01 01             sta     $0101,x
00146Ar 2  C8                   iny
00146Br 2                       ; 1-D arrays only.
00146Br 2  C0 02                cpy     #2
00146Dr 2  B0 49                bcs     @badsubs
00146Fr 2  20 rr rr             jsr     ChrGot
001472r 2  C9 2C                cmp     #','
001474r 2  F0 CE                beq     @nextsub
001476r 2  84 66                sty     EOLPNTR
001478r 2  20 rr rr             jsr     ChkCls
00147Br 2  68                   pla
00147Cr 2  85 64                sta     VALTYP
00147Er 2  68                   pla
00147Fr 2  85 65                sta     VALTYP+1
001481r 2  29 7F                and     #$7F
001483r 2  85 63                sta     DIMFLG
001485r 2                       ; Search ARYTAB for matching name.
001485r 2  AE 61 03             ldx     ARYTAB
001488r 2  AD 62 03             lda     ARYTAB+1
00148Br 2               @nextary:
00148Br 2  86 0C                stx     LOWTR
00148Dr 2  85 0D                sta     LOWTR+1
00148Fr 2  CD 64 03             cmp     STREND+1
001492r 2  D0 05                bne     @cmpary
001494r 2  EC 63 03             cpx     STREND
001497r 2  F0 3C                beq     MakeNewArray
001499r 2               @cmpary:
001499r 2  A0 00                ldy     #$00
00149Br 2  B1 0C                lda     (LOWTR),y
00149Dr 2  C8                   iny
00149Er 2  C5 7B                cmp     VARNAM
0014A0r 2  D0 06                bne     @aryadv
0014A2r 2  A5 7C                lda     VARNAM+1
0014A4r 2  D1 0C                cmp     (LOWTR),y
0014A6r 2  F0 13                beq     UseOldArray
0014A8r 2               @aryadv:
0014A8r 2  C8                   iny
0014A9r 2  B1 0C                lda     (LOWTR),y
0014ABr 2  18                   clc
0014ACr 2  65 0C                adc     LOWTR
0014AEr 2  AA                   tax
0014AFr 2  C8                   iny
0014B0r 2  B1 0C                lda     (LOWTR),y
0014B2r 2  65 0D                adc     LOWTR+1
0014B4r 2  90 D5                bcc     @nextary
0014B6r 2  B0 D3                bcs     @nextary
0014B8r 2               @badsubs:
0014B8r 2  4C rr rr             jmp     SubErr
0014BBr 2               
0014BBr 2               UseOldArray:
0014BBr 2  A2 05                ldx     #ERR_REDIMD
0014BDr 2  A5 63                lda     DIMFLG
0014BFr 2  F0 03                beq     @notredim
0014C1r 2  4C rr rr             jmp     BasErrorVec
0014C4r 2               @notredim:
0014C4r 2  20 rr rr             jsr     GetAry
0014C7r 2  A5 66                lda     EOLPNTR
0014C9r 2  A0 04                ldy     #$04
0014CBr 2  D1 0C                cmp     (LOWTR),y
0014CDr 2  D0 03                bne     @suberr
0014CFr 2  4C rr rr             jmp     FindArrayElement
0014D2r 2               @suberr:
0014D2r 2  4C rr rr             jmp     SubErr
0014D5r 2               
0014D5r 2               MakeNewArray:
0014D5r 2  20 rr rr             jsr     GetAry
0014D8r 2  20 rr rr             jsr     Reason
0014DBr 2  A9 00                lda     #$00
0014DDr 2  A8                   tay
0014DEr 2  85 1F                sta     STRNG2+1
0014E0r 2  A2 05                ldx     #BYTES_PER_ELEMENT
0014E2r 2  A5 7B                lda     VARNAM
0014E4r 2  91 0C                sta     (LOWTR),y
0014E6r 2  10 01                bpl     @n1
0014E8r 2  CA                   dex
0014E9r 2               @n1:
0014E9r 2  C8                   iny
0014EAr 2  A5 7C                lda     VARNAM+1
0014ECr 2  91 0C                sta     (LOWTR),y
0014EEr 2  10 02                bpl     @n2
0014F0r 2  CA                   dex
0014F1r 2  CA                   dex
0014F2r 2               @n2:
0014F2r 2  86 1E                stx     STRNG2
0014F4r 2  A5 66                lda     EOLPNTR
0014F6r 2  C8                   iny
0014F7r 2  C8                   iny
0014F8r 2  C8                   iny
0014F9r 2  91 0C                sta     (LOWTR),y               ; #DIMS at offset 4
0014FBr 2               @dimloop:
0014FBr 2  A2 0B                ldx     #$0B
0014FDr 2  A9 00                lda     #$00
0014FFr 2  24 63                bit     DIMFLG
001501r 2  50 08                bvc     @nodim                  ; bit 6 == 0 -> not from DIM
001503r 2  68                   pla
001504r 2  18                   clc
001505r 2  69 01                adc     #$01
001507r 2  AA                   tax
001508r 2  68                   pla
001509r 2  69 00                adc     #$00
00150Br 2               @nodim:
00150Br 2  C8                   iny
00150Cr 2  91 0C                sta     (LOWTR),y               ; dim hi byte
00150Er 2  C8                   iny
00150Fr 2  8A                   txa
001510r 2  91 0C                sta     (LOWTR),y               ; dim lo byte
001512r 2  20 rr rr             jsr     MultiplySubscript
001515r 2  86 1E                stx     STRNG2
001517r 2  85 1F                sta     STRNG2+1
001519r 2  A4 20                ldy     INDEX
00151Br 2  C6 66                dec     EOLPNTR
00151Dr 2  F0 03                beq     @dimdone
00151Fr 2  4C rr rr             jmp     @dimloop
001522r 2               @dimdone:
001522r 2  65 78                adc     HIGHDS+1
001524r 2  90 03                bcc     @nooflo
001526r 2  4C rr rr             jmp     Gme
001529r 2               @nooflo:
001529r 2  85 78                sta     HIGHDS+1
00152Br 2  A8                   tay
00152Cr 2  8A                   txa
00152Dr 2  65 77                adc     HIGHDS
00152Fr 2  90 06                bcc     @ne
001531r 2  C8                   iny
001532r 2  D0 03                bne     @ne
001534r 2  4C rr rr             jmp     Gme
001537r 2               @ne:
001537r 2  20 rr rr             jsr     Reason
00153Ar 2  8D 63 03             sta     STREND
00153Dr 2  8C 64 03             sty     STREND+1
001540r 2  A9 00                lda     #$00
001542r 2  E6 1F                inc     STRNG2+1
001544r 2  A4 1E                ldy     STRNG2
001546r 2  F0 05                beq     @zext
001548r 2               @zloop:
001548r 2  88                   dey
001549r 2  91 77                sta     (HIGHDS),y
00154Br 2  D0 FB                bne     @zloop
00154Dr 2               @zext:
00154Dr 2  C6 78                dec     HIGHDS+1
00154Fr 2  C6 1F                dec     STRNG2+1
001551r 2  D0 F5                bne     @zloop
001553r 2  E6 78                inc     HIGHDS+1
001555r 2  38                   sec
001556r 2  AD 63 03             lda     STREND
001559r 2  E5 0C                sbc     LOWTR
00155Br 2  A0 02                ldy     #$02
00155Dr 2  91 0C                sta     (LOWTR),y
00155Fr 2  AD 64 03             lda     STREND+1
001562r 2  C8                   iny
001563r 2  E5 0D                sbc     LOWTR+1
001565r 2  91 0C                sta     (LOWTR),y
001567r 2  A5 63                lda     DIMFLG
001569r 2  D0 5D                bne     Rts9
00156Br 2  C8                   iny
00156Cr 2               
00156Cr 2               FindArrayElement:
00156Cr 2  B1 0C                lda     (LOWTR),y
00156Er 2  85 66                sta     EOLPNTR
001570r 2  A9 00                lda     #$00
001572r 2  85 1E                sta     STRNG2
001574r 2               @subloop:
001574r 2  85 1F                sta     STRNG2+1
001576r 2  C8                   iny
001577r 2  68                   pla
001578r 2  AA                   tax
001579r 2  85 11                sta     FAC+3
00157Br 2  68                   pla
00157Cr 2  85 12                sta     FAC+4
00157Er 2  D1 0C                cmp     (LOWTR),y
001580r 2  90 0B                bcc     @ok2
001582r 2  D0 06                bne     @sub_err
001584r 2  C8                   iny
001585r 2  8A                   txa
001586r 2  D1 0C                cmp     (LOWTR),y
001588r 2  90 04                bcc     @ok3
00158Ar 2               @sub_err:
00158Ar 2  4C rr rr             jmp     SubErr
00158Dr 2               @ok2:
00158Dr 2  C8                   iny
00158Er 2               @ok3:
00158Er 2  A5 1F                lda     STRNG2+1
001590r 2  05 1E                ora     STRNG2
001592r 2  18                   clc
001593r 2  F0 0A                beq     @noshift
001595r 2  20 rr rr             jsr     MultiplySubscript
001598r 2  8A                   txa
001599r 2  65 11                adc     FAC+3
00159Br 2  AA                   tax
00159Cr 2  98                   tya
00159Dr 2  A4 20                ldy     INDEX
00159Fr 2               @noshift:
00159Fr 2  65 12                adc     FAC+4
0015A1r 2  86 1E                stx     STRNG2
0015A3r 2  C6 66                dec     EOLPNTR
0015A5r 2  D0 CD                bne     @subloop
0015A7r 2  A2 05                ldx     #BYTES_FP
0015A9r 2  A5 7B                lda     VARNAM
0015ABr 2  10 01                bpl     @nb1
0015ADr 2  CA                   dex
0015AEr 2               @nb1:
0015AEr 2  A5 7C                lda     VARNAM+1
0015B0r 2  10 02                bpl     @nb2
0015B2r 2  CA                   dex
0015B3r 2  CA                   dex
0015B4r 2               @nb2:
0015B4r 2  86 4A                stx     RESULT+2
0015B6r 2  A9 00                lda     #$00
0015B8r 2  20 rr rr             jsr     MultiplySubs1
0015BBr 2  8A                   txa
0015BCr 2  65 77                adc     HIGHDS
0015BEr 2  85 3F                sta     VARPNT
0015C0r 2  98                   tya
0015C1r 2  65 78                adc     HIGHDS+1
0015C3r 2  85 40                sta     VARPNT+1
0015C5r 2  A8                   tay
0015C6r 2  A5 3F                lda     VARPNT
0015C8r 2               Rts9:
0015C8r 2  60                   rts
0015C9r 2               
0015C9r 2               MultiplySubscript:
0015C9r 2  84 20                sty     INDEX
0015CBr 2  B1 0C                lda     (LOWTR),y
0015CDr 2  85 4A                sta     RESULT+2
0015CFr 2  88                   dey
0015D0r 2  B1 0C                lda     (LOWTR),y
0015D2r 2               MultiplySubs1:
0015D2r 2  85 4B                sta     RESULT+3
0015D4r 2  A9 10                lda     #$10
0015D6r 2  85 0A                sta     INDX
0015D8r 2  A2 00                ldx     #$00
0015DAr 2  A0 00                ldy     #$00
0015DCr 2               @mloop:
0015DCr 2  8A                   txa
0015DDr 2  0A                   asl     a
0015DEr 2  AA                   tax
0015DFr 2  98                   tya
0015E0r 2  2A                   rol     a
0015E1r 2  A8                   tay
0015E2r 2  B0 11                bcs     @oflo
0015E4r 2  06 1E                asl     STRNG2
0015E6r 2  26 1F                rol     STRNG2+1
0015E8r 2  90 0E                bcc     @noadd
0015EAr 2  18                   clc
0015EBr 2  8A                   txa
0015ECr 2  65 4A                adc     RESULT+2
0015EEr 2  AA                   tax
0015EFr 2  98                   tya
0015F0r 2  65 4B                adc     RESULT+3
0015F2r 2  A8                   tay
0015F3r 2  90 03                bcc     @noadd
0015F5r 2               @oflo:
0015F5r 2  4C rr rr             jmp     Gme
0015F8r 2               @noadd:
0015F8r 2  C6 0A                dec     INDX
0015FAr 2  D0 E0                bne     @mloop
0015FCr 2  60                   rts
0015FDr 2               
0015FDr 2               ; ---------------------------------------------------------------------------
0015FDr 2               ; STRING HEAP  --  GetSpa / StrSpa / StrIni / PutNew / MovStr / FreTmp / FreTms
0015FDr 2               ; ---------------------------------------------------------------------------
0015FDr 2               
0015FDr 2               ; StrIni -- get space and build descriptor for string at FAC+3,FAC+4 with
0015FDr 2               ; length in A.  DSCPTR set to source.
0015FDr 2               StrIni:
0015FDr 2  A6 11                ldx     FAC+3
0015FFr 2  A4 12                ldy     FAC+4
001601r 2  86 7D                stx     DSCPTR
001603r 2  84 7E                sty     DSCPTR+1
001605r 2               StrSpa:
001605r 2  20 rr rr             jsr     GetSpa
001608r 2  86 0F                stx     FAC+1
00160Ar 2  84 10                sty     FAC+2
00160Cr 2  85 0E                sta     FAC
00160Er 2  60                   rts
00160Fr 2               
00160Fr 2               ; StrLit -- build descriptor for string at (Y,A) terminated by $00 or '"'.
00160Fr 2               StrLit:
00160Fr 2  A2 22                ldx     #'"'
001611r 2  86 44                stx     CHARAC
001613r 2  86 6A                stx     ENDCHR
001615r 2               
001615r 2               StrLt2:
001615r 2  85 1C                sta     STRNG1
001617r 2  84 1D                sty     STRNG1+1
001619r 2  85 0F                sta     FAC+1
00161Br 2  84 10                sty     FAC+2
00161Dr 2  A0 FF                ldy     #$FF
00161Fr 2               @scan:
00161Fr 2  C8                   iny
001620r 2  B1 1C                lda     (STRNG1),y
001622r 2  F0 0C                beq     @endlit
001624r 2  C5 44                cmp     CHARAC
001626r 2  F0 04                beq     @maybeq
001628r 2  C5 6A                cmp     ENDCHR
00162Ar 2  D0 F3                bne     @scan
00162Cr 2               @maybeq:
00162Cr 2  C9 22                cmp     #'"'
00162Er 2  F0 01                beq     @endquote
001630r 2               @endlit:
001630r 2  18                   clc
001631r 2               @endquote:
001631r 2  84 0E                sty     FAC
001633r 2  98                   tya
001634r 2  65 1C                adc     STRNG1
001636r 2  85 1E                sta     STRNG2
001638r 2  A6 1D                ldx     STRNG1+1
00163Ar 2  90 01                bcc     @nb1
00163Cr 2  E8                   inx
00163Dr 2               @nb1:
00163Dr 2  86 1F                stx     STRNG2+1
00163Fr 2                       ; If the source isn't on the input line, descriptor points in place;
00163Fr 2                       ; otherwise copy to heap.  We always copy (no INPUTBUFFER ZP
00163Fr 2                       ; optimisation).
00163Fr 2  98                   tya
001640r 2  20 rr rr             jsr     StrIni
001643r 2  A6 1C                ldx     STRNG1
001645r 2  A4 1D                ldy     STRNG1+1
001647r 2  20 rr rr             jsr     MovStr
00164Ar 2                       ; fall through to PutNew
00164Ar 2               
00164Ar 2               PutNew:
00164Ar 2  A6 6B                ldx     TEMPPT
00164Cr 2  E0 77                cpx     #BAS_TEMPST+9
00164Er 2  D0 05                bne     @ok
001650r 2  A2 0A                ldx     #ERR_FRMCPX
001652r 2  4C rr rr             jmp     BasErrorVec
001655r 2               @ok:
001655r 2  A5 0E                lda     FAC
001657r 2  95 00                sta     0,x
001659r 2  A5 0F                lda     FAC+1
00165Br 2  95 01                sta     1,x
00165Dr 2  A5 10                lda     FAC+2
00165Fr 2  95 02                sta     2,x
001661r 2  A0 00                ldy     #$00
001663r 2  86 11                stx     FAC+3
001665r 2  84 12                sty     FAC+4
001667r 2  84 1D                sty     FACEXTENSION
001669r 2  88                   dey
00166Ar 2  84 64                sty     VALTYP
00166Cr 2  86 6C                stx     LASTPT
00166Er 2  E8                   inx
00166Fr 2  E8                   inx
001670r 2  E8                   inx
001671r 2  86 6B                stx     TEMPPT
001673r 2  60                   rts
001674r 2               
001674r 2               ; GetSpa -- allocate (A) bytes at top of string heap; result address in
001674r 2               ; (Y,X), length in A unchanged.
001674r 2               GetSpa:
001674r 2  46 67                lsr     DATAFLG
001676r 2               @try:
001676r 2  48                   pha
001677r 2  49 FF                eor     #$FF
001679r 2  38                   sec
00167Ar 2  6D 65 03             adc     FRETOP
00167Dr 2  AC 66 03             ldy     FRETOP+1
001680r 2  B0 01                bcs     @nb
001682r 2  88                   dey
001683r 2               @nb:
001683r 2  CC 64 03             cpy     STREND+1
001686r 2  90 14                bcc     @full
001688r 2  D0 05                bne     @ok
00168Ar 2  CD 63 03             cmp     STREND
00168Dr 2  90 0D                bcc     @full
00168Fr 2               @ok:
00168Fr 2  8D 65 03             sta     FRETOP
001692r 2  8C 66 03             sty     FRETOP+1
001695r 2  85 84                sta     FRESPC
001697r 2  84 85                sty     FRESPC+1
001699r 2  AA                   tax
00169Ar 2  68                   pla
00169Br 2  60                   rts
00169Cr 2               @full:
00169Cr 2  A2 02                ldx     #ERR_MEMFULL
00169Er 2  A5 67                lda     DATAFLG
0016A0r 2  30 0A                bmi     @errjmp
0016A2r 2  20 rr rr             jsr     Garbag
0016A5r 2  A9 80                lda     #$80
0016A7r 2  85 67                sta     DATAFLG
0016A9r 2  68                   pla
0016AAr 2  D0 CA                bne     @try
0016ACr 2               @errjmp:
0016ACr 2  4C rr rr             jmp     BasErrorVec
0016AFr 2               
0016AFr 2               ; MovStr -- copy (A) bytes from (Y,X) to (FRESPC); advance FRESPC.
0016AFr 2               MovStr:
0016AFr 2  86 20                stx     INDEX
0016B1r 2  84 21                sty     INDEX+1
0016B3r 2               MovStr1:
0016B3r 2  A8                   tay
0016B4r 2  F0 0A                beq     @done
0016B6r 2  48                   pha
0016B7r 2               @cp:
0016B7r 2  88                   dey
0016B8r 2  B1 20                lda     (INDEX),y
0016BAr 2  91 84                sta     (FRESPC),y
0016BCr 2  98                   tya
0016BDr 2  D0 F8                bne     @cp
0016BFr 2  68                   pla
0016C0r 2               @done:
0016C0r 2  18                   clc
0016C1r 2  65 84                adc     FRESPC
0016C3r 2  85 84                sta     FRESPC
0016C5r 2  90 02                bcc     @nb
0016C7r 2  E6 85                inc     FRESPC+1
0016C9r 2               @nb:
0016C9r 2  60                   rts
0016CAr 2               
0016CAr 2               ; FreStr -- if FAC holds a string descriptor, free it from temp stack;
0016CAr 2               ; FreFac variant assumes FAC already loaded.
0016CAr 2               FreStr:
0016CAr 2  20 rr rr             jsr     ChkStr
0016CDr 2               FreFac:
0016CDr 2  A5 11                lda     FAC+3
0016CFr 2  A4 12                ldy     FAC+4
0016D1r 2               FreTmp:
0016D1r 2  85 20                sta     INDEX
0016D3r 2  84 21                sty     INDEX+1
0016D5r 2  20 rr rr             jsr     FreTms
0016D8r 2  08                   php
0016D9r 2  A0 00                ldy     #$00
0016DBr 2  B1 20                lda     (INDEX),y
0016DDr 2  48                   pha
0016DEr 2  C8                   iny
0016DFr 2  B1 20                lda     (INDEX),y
0016E1r 2  AA                   tax
0016E2r 2  C8                   iny
0016E3r 2  B1 20                lda     (INDEX),y
0016E5r 2  A8                   tay
0016E6r 2  68                   pla
0016E7r 2  28                   plp
0016E8r 2  D0 18                bne     @leave
0016EAr 2  CC 66 03             cpy     FRETOP+1
0016EDr 2  D0 13                bne     @leave
0016EFr 2  EC 65 03             cpx     FRETOP
0016F2r 2  D0 0E                bne     @leave
0016F4r 2  48                   pha
0016F5r 2  18                   clc
0016F6r 2  6D 65 03             adc     FRETOP
0016F9r 2  8D 65 03             sta     FRETOP
0016FCr 2  90 03                bcc     @nb
0016FEr 2  EE 66 03             inc     FRETOP+1
001701r 2               @nb:
001701r 2  68                   pla
001702r 2               @leave:
001702r 2  86 20                stx     INDEX
001704r 2  84 21                sty     INDEX+1
001706r 2  60                   rts
001707r 2               
001707r 2               FreTms:
001707r 2  C4 6D                cpy     LASTPT+1
001709r 2  D0 0C                bne     @ne
00170Br 2  C5 6C                cmp     LASTPT
00170Dr 2  D0 08                bne     @ne
00170Fr 2  85 6B                sta     TEMPPT
001711r 2  E9 03                sbc     #$03
001713r 2  85 6C                sta     LASTPT
001715r 2  A0 00                ldy     #$00
001717r 2               @ne:
001717r 2  60                   rts
001718r 2               
001718r 2               ; ---------------------------------------------------------------------------
001718r 2               ; Garbag  --  garbage-collect string heap.
001718r 2               ; ---------------------------------------------------------------------------
001718r 2               Garbag:
001718r 2  AE 67 03             ldx     MEMSIZ
00171Br 2  AD 68 03             lda     MEMSIZ+1
00171Er 2               Findhigheststring:
00171Er 2  8E 65 03             stx     FRETOP
001721r 2  8D 66 03             sta     FRETOP+1
001724r 2  A0 00                ldy     #$00
001726r 2  84 82                sty     FNCNAM+1
001728r 2  84 81                sty     FNCNAM
00172Ar 2  AD 63 03             lda     STREND
00172Dr 2  AE 64 03             ldx     STREND+1
001730r 2  85 0C                sta     LOWTR
001732r 2  86 0D                stx     LOWTR+1
001734r 2  A9 6E                lda     #BAS_TEMPST
001736r 2  A2 00                ldx     #$00
001738r 2  85 20                sta     INDEX
00173Ar 2  86 21                stx     INDEX+1
00173Cr 2  A9 03                lda     #$03
00173Er 2  85 7F                sta     DSCLEN
001740r 2               @scantemp:
001740r 2  C5 6B                cmp     TEMPPT
001742r 2  F0 05                beq     @scanvar
001744r 2  20 rr rr             jsr     CheckVariable
001747r 2  F0 F7                beq     @scantemp
001749r 2               @scanvar:
001749r 2  A9 07                lda     #BYTES_PER_VARIABLE
00174Br 2  85 7F                sta     DSCLEN
00174Dr 2  AD 5F 03             lda     VARTAB
001750r 2  AE 60 03             ldx     VARTAB+1
001753r 2  85 20                sta     INDEX
001755r 2  86 21                stx     INDEX+1
001757r 2               @nextvar:
001757r 2  EC 62 03             cpx     ARYTAB+1
00175Ar 2  D0 05                bne     @cv
00175Cr 2  CD 61 03             cmp     ARYTAB
00175Fr 2  F0 05                beq     @startary
001761r 2               @cv:
001761r 2  20 rr rr             jsr     CheckSimpleVariable
001764r 2  F0 F1                beq     @nextvar
001766r 2               @startary:
001766r 2  85 77                sta     HIGHDS
001768r 2  86 78                stx     HIGHDS+1
00176Ar 2  A9 03                lda     #$03
00176Cr 2  85 7F                sta     DSCLEN
00176Er 2               @aryloop:
00176Er 2  A5 77                lda     HIGHDS
001770r 2  A6 78                ldx     HIGHDS+1
001772r 2               @aryskip:
001772r 2  EC 64 03             cpx     STREND+1
001775r 2  D0 08                bne     @next_ary
001777r 2  CD 63 03             cmp     STREND
00177Ar 2  D0 03                bne     @next_ary
00177Cr 2  4C rr rr             jmp     MoveHighestStringToTop
00177Fr 2               @next_ary:
00177Fr 2  85 20                sta     INDEX
001781r 2  86 21                stx     INDEX+1
001783r 2  A0 00                ldy     #$00
001785r 2  B1 20                lda     (INDEX),y
001787r 2  AA                   tax
001788r 2  C8                   iny
001789r 2  B1 20                lda     (INDEX),y
00178Br 2  08                   php
00178Cr 2  C8                   iny
00178Dr 2  B1 20                lda     (INDEX),y
00178Fr 2  65 77                adc     HIGHDS
001791r 2  85 77                sta     HIGHDS
001793r 2  C8                   iny
001794r 2  B1 20                lda     (INDEX),y
001796r 2  65 78                adc     HIGHDS+1
001798r 2  85 78                sta     HIGHDS+1
00179Ar 2  28                   plp
00179Br 2  10 D1                bpl     @aryloop
00179Dr 2  8A                   txa
00179Er 2  30 CE                bmi     @aryloop
0017A0r 2  C8                   iny
0017A1r 2  B1 20                lda     (INDEX),y
0017A3r 2  0A                   asl     a
0017A4r 2  69 05                adc     #$05
0017A6r 2  65 20                adc     INDEX
0017A8r 2  85 20                sta     INDEX
0017AAr 2  90 02                bcc     @noinc
0017ACr 2  E6 21                inc     INDEX+1
0017AEr 2               @noinc:
0017AEr 2  A6 21                ldx     INDEX+1
0017B0r 2               @aryelem:
0017B0r 2  E4 78                cpx     HIGHDS+1
0017B2r 2  D0 04                bne     @cve
0017B4r 2  C5 77                cmp     HIGHDS
0017B6r 2  F0 BA                beq     @aryskip
0017B8r 2               @cve:
0017B8r 2  20 rr rr             jsr     CheckVariable
0017BBr 2  F0 F3                beq     @aryelem
0017BDr 2               
0017BDr 2               CheckSimpleVariable:
0017BDr 2  B1 20                lda     (INDEX),y
0017BFr 2  30 37                bmi     CheckBump
0017C1r 2  C8                   iny
0017C2r 2  B1 20                lda     (INDEX),y
0017C4r 2  10 32                bpl     CheckBump
0017C6r 2  C8                   iny
0017C7r 2               
0017C7r 2               CheckVariable:
0017C7r 2  B1 20                lda     (INDEX),y
0017C9r 2  F0 2D                beq     CheckBump
0017CBr 2  C8                   iny
0017CCr 2  B1 20                lda     (INDEX),y
0017CEr 2  AA                   tax
0017CFr 2  C8                   iny
0017D0r 2  B1 20                lda     (INDEX),y
0017D2r 2  CD 66 03             cmp     FRETOP+1
0017D5r 2  90 07                bcc     @inrange
0017D7r 2  D0 1F                bne     CheckBump
0017D9r 2  EC 65 03             cpx     FRETOP
0017DCr 2  B0 1A                bcs     CheckBump
0017DEr 2               @inrange:
0017DEr 2  C5 0D                cmp     LOWTR+1
0017E0r 2  90 16                bcc     CheckBump
0017E2r 2  D0 04                bne     @higher
0017E4r 2  E4 0C                cpx     LOWTR
0017E6r 2  90 10                bcc     CheckBump
0017E8r 2               @higher:
0017E8r 2  86 0C                stx     LOWTR
0017EAr 2  85 0D                sta     LOWTR+1
0017ECr 2  A5 20                lda     INDEX
0017EEr 2  A6 21                ldx     INDEX+1
0017F0r 2  85 81                sta     FNCNAM
0017F2r 2  86 82                stx     FNCNAM+1
0017F4r 2  A5 7F                lda     DSCLEN
0017F6r 2  85 83                sta     Z52
0017F8r 2               
0017F8r 2               CheckBump:
0017F8r 2  A5 7F                lda     DSCLEN
0017FAr 2  18                   clc
0017FBr 2  65 20                adc     INDEX
0017FDr 2  85 20                sta     INDEX
0017FFr 2  90 02                bcc     @nb
001801r 2  E6 21                inc     INDEX+1
001803r 2               @nb:
001803r 2  A6 21                ldx     INDEX+1
001805r 2  A0 00                ldy     #$00
001807r 2  60                   rts
001808r 2               
001808r 2               MoveHighestStringToTop:
001808r 2  A5 82                lda     FNCNAM+1
00180Ar 2  05 81                ora     FNCNAM
00180Cr 2  F0 33                beq     @nb
00180Er 2  A5 83                lda     Z52
001810r 2  E9 03                sbc     #$03
001812r 2  4A                   lsr     a
001813r 2  A8                   tay
001814r 2  85 83                sta     Z52
001816r 2  B1 81                lda     (FNCNAM),y
001818r 2  65 0C                adc     LOWTR
00181Ar 2  85 79                sta     HIGHTR
00181Cr 2  A5 0D                lda     LOWTR+1
00181Er 2  69 00                adc     #$00
001820r 2  85 7A                sta     HIGHTR+1
001822r 2  AD 65 03             lda     FRETOP
001825r 2  AE 66 03             ldx     FRETOP+1
001828r 2  85 77                sta     HIGHDS
00182Ar 2  86 78                stx     HIGHDS+1
00182Cr 2  20 rr rr             jsr     Bltu2
00182Fr 2  A4 83                ldy     Z52
001831r 2  C8                   iny
001832r 2  A5 77                lda     HIGHDS
001834r 2  91 81                sta     (FNCNAM),y
001836r 2  AA                   tax
001837r 2  E6 78                inc     HIGHDS+1
001839r 2  A5 78                lda     HIGHDS+1
00183Br 2  C8                   iny
00183Cr 2  91 81                sta     (FNCNAM),y
00183Er 2  4C rr rr             jmp     Findhigheststring
001841r 2               @nb:
001841r 2  60                   rts
001842r 2               
001842r 2               ; ---------------------------------------------------------------------------
001842r 2               ; BasCmdClr -- implement CLR (clear vars/arrays/strings without erasing program).
001842r 2               ;   VARTAB := PRGEND (already correct in our model)
001842r 2               ;   ARYTAB := STREND := VARTAB
001842r 2               ;   FRETOP := MEMSIZ
001842r 2               ;   TEMPPT := TEMPST, DATAPTR := TXTTAB-1, stacks emptied
001842r 2               ; ---------------------------------------------------------------------------
001842r 2               BasCmdClr:
001842r 2                       ; Reset the CPU stack, msbasic's STKINI: any FOR or GOSUB frame a
001842r 2                       ; suspended program left there is being abandoned along with its
001842r 2                       ; variables, and RUN starting on top of one would let a later NEXT find
001842r 2                       ; a loop from the previous run.  The return address rides across the
001842r 2                       ; reset so this is still an ordinary subroutine to its callers.
001842r 2  68                   pla                             ; return address low
001843r 2  A8                   tay
001844r 2  68                   pla                             ; return address high
001845r 2  A2 FF                ldx     #$FF
001847r 2  9A                   txs
001848r 2  8E 75 03             stx     BAS_STKBASE
00184Br 2  48                   pha
00184Cr 2  98                   tya
00184Dr 2  48                   pha
00184Er 2                       ; ARYTAB = STREND = VARTAB
00184Er 2  AD 5F 03             lda     VARTAB
001851r 2  8D 61 03             sta     ARYTAB
001854r 2  8D 63 03             sta     STREND
001857r 2  AD 60 03             lda     VARTAB+1
00185Ar 2  8D 62 03             sta     ARYTAB+1
00185Dr 2  8D 64 03             sta     STREND+1
001860r 2                       ; FRETOP = MEMSIZ
001860r 2  AD 67 03             lda     MEMSIZ
001863r 2  8D 65 03             sta     FRETOP
001866r 2  AD 68 03             lda     MEMSIZ+1
001869r 2  8D 66 03             sta     FRETOP+1
00186Cr 2                       ; Reset temp string descriptor stack.
00186Cr 2  A9 6E                lda     #BAS_TEMPST
00186Er 2  85 6B                sta     TEMPPT
001870r 2  64 6C                stz     LASTPT
001872r 2  64 6D                stz     LASTPT+1
001874r 2                       ; CONT state, DATA pointer, pending key.
001874r 2                       ; DATAPTR := TXTTAB - 1 so first READ does FindData and lands on
001874r 2                       ; the first DATA item.
001874r 2  38                   sec
001875r 2  AD 5D 03             lda     TXTTAB
001878r 2  E9 01                sbc     #1
00187Ar 2  8D 1A 03             sta     BAS_DATAPTR
00187Dr 2  AD 5E 03             lda     TXTTAB+1
001880r 2  E9 00                sbc     #0
001882r 2  8D 1B 03             sta     BAS_DATAPTR+1
001885r 2  9C 6B 03             stz     BAS_OLDLIN
001888r 2  9C 6C 03             stz     BAS_OLDLIN+1
00188Br 2  9C 6D 03             stz     BAS_OLDTEXT
00188Er 2  9C 6E 03             stz     BAS_OLDTEXT+1
001891r 2  9C 1C 03             stz     BAS_STOPLINE
001894r 2  9C 1D 03             stz     BAS_STOPLINE+1
001897r 2  9C 1E 03             stz     BAS_STOPTXT
00189Ar 2  9C 1F 03             stz     BAS_STOPTXT+1
00189Dr 2  9C 0E 03             stz     BAS_PENDKEY
0018A0r 2  64 63                stz     DIMFLG
0018A2r 2  64 68                stz     SUBFLG
0018A4r 2  64 64                stz     VALTYP
0018A6r 2  64 65                stz     VALTYP+1
0018A8r 2  64 67                stz     DATAFLG
0018AAr 2  60                   rts
0018ABr 2               
0018ABr 2               .if 0
0018ABr 2               ; (Removed in Phase 8: _VARTEST debug harness lived here.)
0018ABr 2               VT_SetTxt:
0018ABr 2                       ; Set TXTPTR = VT_TXTPTR_TMP - 1 then ChrGet to load first char.
0018ABr 2                       ; Actually simpler: caller passes (Y,A) = pointer; we set TXTPTR =
0018ABr 2                       ; (Y,A) - 1 and call ChrGet to land on (Y,A).
0018ABr 2                       sta     TXTPTR
0018ABr 2                       sty     TXTPTR+1
0018ABr 2                       lda     TXTPTR
0018ABr 2                       bne     @nb
0018ABr 2                       dec     TXTPTR+1
0018ABr 2               @nb:
0018ABr 2                       dec     TXTPTR
0018ABr 2                       jmp     ChrGet
0018ABr 2               
0018ABr 2               VT_StoreFAC:
0018ABr 2                       ; Round and store FAC at (VARPNT).
0018ABr 2                       ldx     VARPNT
0018ABr 2                       ldy     VARPNT+1
0018ABr 2                       jmp     StoreFacAtYxRounded
0018ABr 2               
0018ABr 2               VT_LoadFAC:
0018ABr 2                       ; Load FAC from (VARPNT).
0018ABr 2                       lda     VARPNT
0018ABr 2                       ldy     VARPNT+1
0018ABr 2                       jmp     LoadFacFromYa
0018ABr 2               
0018ABr 2               VT_VPSAVE       = $86           ; 2-byte ZP VARPNT save (_VARTEST debug)
0018ABr 2               
0018ABr 2               BasCmdVarTest:
0018ABr 2                       jsr     BasCmdClr
0018ABr 2               
0018ABr 2                       ; --- Test 1: A=3.14, B=A*2 ---
0018ABr 2                       lda     #<VT_NameA
0018ABr 2                       ldy     #>VT_NameA
0018ABr 2                       jsr     VT_SetTxt
0018ABr 2                       jsr     PtrGet                  ; creates A; VARPNT -> A's value
0018ABr 2                       ; FAC = 3.14
0018ABr 2                       lda     #<VT_pi
0018ABr 2                       ldy     #>VT_pi
0018ABr 2                       jsr     LoadFacFromYa
0018ABr 2                       jsr     VT_StoreFAC
0018ABr 2               
0018ABr 2                       lda     #<VT_NameB
0018ABr 2                       ldy     #>VT_NameB
0018ABr 2                       jsr     VT_SetTxt
0018ABr 2                       jsr     PtrGet                  ; creates B
0018ABr 2                       ; Save B's VARPNT.
0018ABr 2                       lda     VARPNT
0018ABr 2                       sta     VT_VPSAVE
0018ABr 2                       lda     VARPNT+1
0018ABr 2                       sta     VT_VPSAVE+1
0018ABr 2               
0018ABr 2                       ; Look up A again (already exists).
0018ABr 2                       lda     #<VT_NameA
0018ABr 2                       ldy     #>VT_NameA
0018ABr 2                       jsr     VT_SetTxt
0018ABr 2                       jsr     PtrGet
0018ABr 2                       jsr     VT_LoadFAC              ; FAC = A = 3.14
0018ABr 2                       ; Multiply by 2.
0018ABr 2                       lda     #<FpC2
0018ABr 2                       ldy     #>FpC2
0018ABr 2                       jsr     FMult                   ; FAC = 2 * FAC = 6.28
0018ABr 2                       ; Store into B.
0018ABr 2                       ldx     VT_VPSAVE
0018ABr 2                       ldy     VT_VPSAVE+1
0018ABr 2                       jsr     StoreFacAtYxRounded
0018ABr 2               
0018ABr 2                       ; Print result.
0018ABr 2                       lda     #<MsgVT_A
0018ABr 2                       ldy     #>MsgVT_A
0018ABr 2                       jsr     BasPrintStr
0018ABr 2                       ; Reload B and print.
0018ABr 2                       lda     VT_VPSAVE
0018ABr 2                       ldy     VT_VPSAVE+1
0018ABr 2                       jsr     LoadFacFromYa
0018ABr 2                       jsr     BasPrintFAC
0018ABr 2                       jsr     BasPrintCRLF
0018ABr 2               
0018ABr 2                       ; --- Test 2: A$="HELLO" ---
0018ABr 2                       lda     #<VT_NameAS
0018ABr 2                       ldy     #>VT_NameAS
0018ABr 2                       jsr     VT_SetTxt
0018ABr 2                       jsr     PtrGet                  ; creates A$
0018ABr 2                       ; Save VARPNT (A$ descriptor address).
0018ABr 2                       lda     VARPNT
0018ABr 2                       sta     VT_VPSAVE
0018ABr 2                       lda     VARPNT+1
0018ABr 2                       sta     VT_VPSAVE+1
0018ABr 2                       ; Allocate space, copy "HELLO" via StrLit.
0018ABr 2                       lda     #<VT_HelloLit
0018ABr 2                       ldy     #>VT_HelloLit
0018ABr 2                       jsr     StrLit                  ; FAC has descriptor, in temp stack
0018ABr 2                       ; Now copy descriptor (3 bytes from temp stack entry) to A$ var.
0018ABr 2                       ; FAC+3,4 points at the temp descriptor; FAC = length, FAC+1/2 = addr.
0018ABr 2                       ; The descriptor lives in TEMPST.  We just write [len][lo][hi] into
0018ABr 2                       ; (VARPNT) so the variable now references the heap copy.
0018ABr 2                       lda     FAC
0018ABr 2                       ldy     #$00
0018ABr 2                       sta     (VT_VPSAVE),y           ; length
0018ABr 2                       lda     FAC+1
0018ABr 2                       iny
0018ABr 2                       sta     (VT_VPSAVE),y           ; addr lo
0018ABr 2                       lda     FAC+2
0018ABr 2                       iny
0018ABr 2                       sta     (VT_VPSAVE),y           ; addr hi
0018ABr 2                       ; Print length.
0018ABr 2                       lda     #<MsgVT_AS
0018ABr 2                       ldy     #>MsgVT_AS
0018ABr 2                       jsr     BasPrintStr
0018ABr 2                       ldy     #$00
0018ABr 2                       lda     (VT_VPSAVE),y
0018ABr 2                       tay
0018ABr 2                       jsr     SngFlt
0018ABr 2                       jsr     BasPrintFAC
0018ABr 2                       jsr     BasPrintCRLF
0018ABr 2               
0018ABr 2                       ; --- Test 3: DIM N(10), N(5)=42 ---
0018ABr 2                       ; Build TXTPTR pointing at "N(10) " and call MakInt-equivalent path.
0018ABr 2                       ; Easier: directly construct array via PtrGet3 + Array by simulating
0018ABr 2                       ; a 1-D DIM of size 11 (indices 0..10).  We emulate the parser:
0018ABr 2                       ;   1. Set DIMFLG = $40, VARNAM = ('N','N'), call PtrGet3 with X=1?
0018ABr 2                       ;   2. Or: just do PtrGet3 entry by hand then jmp Array.
0018ABr 2                       ; Simplest: set TXTPTR at "N(10) ", DIMFLG <- $40 (from DIM
0018ABr 2                       ; statement), then PtrGet3 with VARNAM letter, jmp to '(' branch.
0018ABr 2                       lda     #<VT_DimN10
0018ABr 2                       ldy     #>VT_DimN10
0018ABr 2                       jsr     VT_SetTxt               ; A = 'N'
0018ABr 2                       ldx     #$40                    ; from-DIM flag (bit 6)
0018ABr 2                       jsr     PtrGet2                 ; will hit '(' -> Array -> create
0018ABr 2                       ; Now N(5)=42.  Re-parse "N(5)" to find element.
0018ABr 2                       lda     #<VT_DimN5
0018ABr 2                       ldy     #>VT_DimN5
0018ABr 2                       jsr     VT_SetTxt
0018ABr 2                       jsr     PtrGet                  ; element address in VARPNT
0018ABr 2                       ; Save VARPNT.
0018ABr 2                       lda     VARPNT
0018ABr 2                       sta     VT_VPSAVE
0018ABr 2                       lda     VARPNT+1
0018ABr 2                       sta     VT_VPSAVE+1
0018ABr 2                       ; FAC = 42.
0018ABr 2                       lda     #<Vt42
0018ABr 2                       ldy     #>Vt42
0018ABr 2                       jsr     LoadFacFromYa
0018ABr 2                       ldx     VT_VPSAVE
0018ABr 2                       ldy     VT_VPSAVE+1
0018ABr 2                       jsr     StoreFacAtYxRounded
0018ABr 2                       ; Read it back and print.
0018ABr 2                       lda     #<MsgVT_NewArr
0018ABr 2                       ldy     #>MsgVT_NewArr
0018ABr 2                       jsr     BasPrintStr
0018ABr 2                       lda     VT_VPSAVE
0018ABr 2                       ldy     VT_VPSAVE+1
0018ABr 2                       jsr     LoadFacFromYa
0018ABr 2                       jsr     BasPrintFAC
0018ABr 2                       jsr     BasPrintCRLF
0018ABr 2               
0018ABr 2                       ; --- Test 4: 8 string allocations + GC ---
0018ABr 2                       ldx     #8
0018ABr 2               @galloc:
0018ABr 2                       phx
0018ABr 2                       lda     #16
0018ABr 2                       jsr     StrSpa                  ; consumes 16 bytes; FAC has descriptor
0018ABr 2                       plx
0018ABr 2                       dex
0018ABr 2                       bne     @galloc
0018ABr 2                       ; Force GC (TEMPPT got bumped by StrSpa-via-StrIni? StrSpa itself
0018ABr 2                       ; doesn't call PutNew, so temp stack untouched here.)
0018ABr 2                       jsr     Garbag
0018ABr 2                       lda     #<MsgVT_GC
0018ABr 2                       ldy     #>MsgVT_GC
0018ABr 2                       jsr     BasPrintStr
0018ABr 2                       lda     FRETOP+1
0018ABr 2                       ldy     FRETOP
0018ABr 2                       jsr     GivAyf
0018ABr 2                       jsr     BasPrintFAC
0018ABr 2                       jsr     BasPrintCRLF
0018ABr 2               
0018ABr 2                       rts
0018ABr 2               .endif
0018ABr 2               
0018ABr 2               ; =============================================================================
0018ABr 2               ;   E X P R E S S I O N   E V A L U A T O R
0018ABr 2               ;
0018ABr 2               ;   Recursive-descent precedence climber.  Operates on tokenized text at
0018ABr 2               ;   TXTPTR (advanced via ChrGet/ChrGot).  Result lands in FAC (numeric)
0018ABr 2               ;   or as a 3-byte string descriptor at FAC..FAC+2 (string).  VALTYP
0018ABr 2               ;   selects: $00 = numeric, $FF = string.
0018ABr 2               ;
0018ABr 2               ;   Precedence (lowest -> highest):
0018ABr 2               ;     OR
0018ABr 2               ;     AND
0018ABr 2               ;     NOT  (right-assoc unary)
0018ABr 2               ;     comparison (= <> < > <= >=)
0018ABr 2               ;     + -
0018ABr 2               ;     * /
0018ABr 2               ;     ^    (right-assoc)
0018ABr 2               ;     unary -, unary +
0018ABr 2               ;     atom: number, variable, string-literal, "(" expr ")", function call
0018ABr 2               ; =============================================================================
0018ABr 2               
0018ABr 2               ; ---------------------------------------------------------------------------
0018ABr 2               ; ZP scratch used only during expression evaluation.
0018ABr 2               ;   BAS_LVTYP = saved VALTYP of left operand around binary ops
0018ABr 2               ; ---------------------------------------------------------------------------
0018ABr 2               BAS_LVTYP       := $86
0018ABr 2               
0018ABr 2               ; ---------------------------------------------------------------------------
0018ABr 2               ; FrmEvl -- top-level entry.  TXTPTR positioned so ChrGot returns the first
0018ABr 2               ; byte of the expression.  On exit TXTPTR is at the first byte AFTER the
0018ABr 2               ; expression.  Result in FAC + VALTYP.
0018ABr 2               ; ---------------------------------------------------------------------------
0018ABr 2               FrmEvl:
0018ABr 2  4C rr rr             jmp     EvalOr
0018AEr 2               
0018AEr 2               ; ---------------------------------------------------------------------------
0018AEr 2               ; PushFac -- push the current FAC + VALTYP onto the CPU stack (8 bytes).
0018AEr 2               ; Order pushed: VALTYP, FAC, FAC+1, FAC+2, FAC+3, FAC+4, FACSIGN, FACEXTENSION
0018AEr 2               ; (FACEXTENSION pushed last so it's pulled first by PullArg.)
0018AEr 2               ; Preserves the return address.
0018AEr 2               ; ---------------------------------------------------------------------------
0018AEr 2               PushFac:
0018AEr 2  68                   pla
0018AFr 2  A8                   tay                             ; Y = ret-addr lo
0018B0r 2  68                   pla
0018B1r 2  AA                   tax                             ; X = ret-addr hi
0018B2r 2  A5 64                lda     VALTYP
0018B4r 2  48                   pha
0018B5r 2  A5 0E                lda     FAC
0018B7r 2  48                   pha
0018B8r 2  A5 0F                lda     FAC+1
0018BAr 2  48                   pha
0018BBr 2  A5 10                lda     FAC+2
0018BDr 2  48                   pha
0018BEr 2  A5 11                lda     FAC+3
0018C0r 2  48                   pha
0018C1r 2  A5 12                lda     FAC+4
0018C3r 2  48                   pha
0018C4r 2  A5 13                lda     FACSIGN
0018C6r 2  48                   pha
0018C7r 2  A5 1D                lda     FACEXTENSION
0018C9r 2  48                   pha
0018CAr 2  8A                   txa
0018CBr 2  48                   pha
0018CCr 2  98                   tya
0018CDr 2  48                   pha
0018CEr 2  60                   rts
0018CFr 2               
0018CFr 2               ; ---------------------------------------------------------------------------
0018CFr 2               ; PullArg -- pop the previously-pushed FAC into ARG (signed FP value or
0018CFr 2               ; string descriptor in ARG..ARG+2/sign).  Sets BAS_LVTYP to the saved
0018CFr 2               ; left-operand VALTYP.  Preserves return address.
0018CFr 2               ; ---------------------------------------------------------------------------
0018CFr 2               PullArg:
0018CFr 2  68                   pla
0018D0r 2  A8                   tay                             ; Y = ret-addr lo
0018D1r 2  68                   pla
0018D2r 2  AA                   tax                             ; X = ret-addr hi
0018D3r 2  68                   pla
0018D4r 2  85 43                sta     ARGEXTENSION
0018D6r 2  68                   pla
0018D7r 2  85 1B                sta     ARGSIGN
0018D9r 2  68                   pla
0018DAr 2  85 1A                sta     ARG+4
0018DCr 2  68                   pla
0018DDr 2  85 19                sta     ARG+3
0018DFr 2  68                   pla
0018E0r 2  85 18                sta     ARG+2
0018E2r 2  68                   pla
0018E3r 2  85 17                sta     ARG+1
0018E5r 2  68                   pla
0018E6r 2  85 16                sta     ARG
0018E8r 2  68                   pla
0018E9r 2  85 86                sta     BAS_LVTYP
0018EBr 2  8A                   txa
0018ECr 2  48                   pha
0018EDr 2  98                   tya
0018EEr 2  48                   pha
0018EFr 2  60                   rts
0018F0r 2               
0018F0r 2               ; ---------------------------------------------------------------------------
0018F0r 2               ; PullFac -- pop pushed FAC back into FAC (used to discard right side and
0018F0r 2               ; restore left, e.g. unused).
0018F0r 2               ; ---------------------------------------------------------------------------
0018F0r 2               PullFac:
0018F0r 2  68                   pla
0018F1r 2  A8                   tay
0018F2r 2  68                   pla
0018F3r 2  AA                   tax
0018F4r 2  68                   pla
0018F5r 2  85 1D                sta     FACEXTENSION
0018F7r 2  68                   pla
0018F8r 2  85 13                sta     FACSIGN
0018FAr 2  68                   pla
0018FBr 2  85 12                sta     FAC+4
0018FDr 2  68                   pla
0018FEr 2  85 11                sta     FAC+3
001900r 2  68                   pla
001901r 2  85 10                sta     FAC+2
001903r 2  68                   pla
001904r 2  85 0F                sta     FAC+1
001906r 2  68                   pla
001907r 2  85 0E                sta     FAC
001909r 2  68                   pla
00190Ar 2  85 64                sta     VALTYP
00190Cr 2  8A                   txa
00190Dr 2  48                   pha
00190Er 2  98                   tya
00190Fr 2  48                   pha
001910r 2  60                   rts
001911r 2               
001911r 2               ; ---------------------------------------------------------------------------
001911r 2               ; TypeMismatch helper.
001911r 2               ; ---------------------------------------------------------------------------
001911r 2               EvalTypeErr:
001911r 2  A2 08                ldx     #ERR_TYPEMISM
001913r 2  4C rr rr             jmp     BasErrorVec
001916r 2               
001916r 2               ; ===========================================================================
001916r 2               ;   L E V E L 0  --  O R
001916r 2               ; ===========================================================================
001916r 2               EvalOr:
001916r 2  20 rr rr             jsr     EvalAnd
001919r 2               @loop:
001919r 2  20 rr rr             jsr     ChrGot
00191Cr 2  C9 A3                cmp     #TOK_OR
00191Er 2  D0 17                bne     @done
001920r 2  20 rr rr             jsr     ChkNum                  ; left must be numeric
001923r 2  20 rr rr             jsr     ChrGet                  ; consume OR
001926r 2  20 rr rr             jsr     PushFac
001929r 2  20 rr rr             jsr     EvalAnd
00192Cr 2  20 rr rr             jsr     ChkNum                  ; right must be numeric
00192Fr 2  20 rr rr             jsr     PullArg
001932r 2  20 rr rr             jsr     OrOp
001935r 2  80 E2                bra     @loop
001937r 2               @done:
001937r 2  60                   rts
001938r 2               
001938r 2               ; ===========================================================================
001938r 2               ;   L E V E L 1  --  A N D
001938r 2               ; ===========================================================================
001938r 2               EvalAnd:
001938r 2  20 rr rr             jsr     EvalNot
00193Br 2               @loop:
00193Br 2  20 rr rr             jsr     ChrGot
00193Er 2  C9 A2                cmp     #TOK_AND
001940r 2  D0 17                bne     @done
001942r 2  20 rr rr             jsr     ChkNum
001945r 2  20 rr rr             jsr     ChrGet
001948r 2  20 rr rr             jsr     PushFac
00194Br 2  20 rr rr             jsr     EvalNot
00194Er 2  20 rr rr             jsr     ChkNum
001951r 2  20 rr rr             jsr     PullArg
001954r 2  20 rr rr             jsr     AndOp
001957r 2  80 E2                bra     @loop
001959r 2               @done:
001959r 2  60                   rts
00195Ar 2               
00195Ar 2               ; ===========================================================================
00195Ar 2               ;   L E V E L 2  --  N O T   (right-assoc unary prefix)
00195Ar 2               ; ===========================================================================
00195Ar 2               EvalNot:
00195Ar 2  20 rr rr             jsr     ChrGot
00195Dr 2  C9 A0                cmp     #TOK_NOT
00195Fr 2  D0 0C                bne     EvalCmp
001961r 2  20 rr rr             jsr     ChrGet
001964r 2  20 rr rr             jsr     EvalNot
001967r 2  20 rr rr             jsr     ChkNum
00196Ar 2  4C rr rr             jmp     NotOp
00196Dr 2               
00196Dr 2               ; ===========================================================================
00196Dr 2               ;   L E V E L 3  --  C O M P A R I S O N
00196Dr 2               ;   Reads up to two of {<, =, >} forming a relop; if none, no-op.
00196Dr 2               ;   Mask:  bit 0 = '>' present, bit 1 = '=' present, bit 2 = '<' present
00196Dr 2               ; ===========================================================================
00196Dr 2               EvalCmp:
00196Dr 2  20 rr rr             jsr     EvalAdd
001970r 2  A2 00                ldx     #0                      ; relop mask
001972r 2               @scan:
001972r 2  20 rr rr             jsr     ChrGot
001975r 2  C9 3D                cmp     #'='
001977r 2  F0 0A                beq     @gotEq
001979r 2  C9 3C                cmp     #'<'
00197Br 2  F0 0A                beq     @gotLt
00197Dr 2  C9 3E                cmp     #'>'
00197Fr 2  F0 0A                beq     @gotGt
001981r 2  80 1D                bra     @done
001983r 2               @gotEq:
001983r 2  A0 02                ldy     #2
001985r 2  80 06                bra     @setbit
001987r 2               @gotLt:
001987r 2  A0 04                ldy     #4
001989r 2  80 02                bra     @setbit
00198Br 2               @gotGt:
00198Br 2  A0 01                ldy     #1
00198Dr 2               @setbit:
00198Dr 2  84 45                sty     CPRMASK                 ; reuse as scratch
00198Fr 2  8A                   txa
001990r 2  25 45                and     CPRMASK
001992r 2  D0 09                bne     @synErr                 ; same char twice (e.g. "==")
001994r 2  8A                   txa
001995r 2  05 45                ora     CPRMASK
001997r 2  AA                   tax
001998r 2  20 rr rr             jsr     ChrGet
00199Br 2  80 D5                bra     @scan
00199Dr 2               @synErr:
00199Dr 2  4C rr rr             jmp     SynErr
0019A0r 2               @done:
0019A0r 2  E0 00                cpx     #0
0019A2r 2  D0 01                bne     @doCmp
0019A4r 2  60                   rts
0019A5r 2               @doCmp:
0019A5r 2  86 45                stx     CPRMASK
0019A7r 2                       ; Save left operand, evaluate right
0019A7r 2  20 rr rr             jsr     PushFac
0019AAr 2  20 rr rr             jsr     EvalAdd
0019ADr 2  20 rr rr             jsr     PullArg                 ; ARG = left, BAS_LVTYP = left's type
0019B0r 2                       ; Type compatibility check.
0019B0r 2  A5 86                lda     BAS_LVTYP
0019B2r 2  45 64                eor     VALTYP
0019B4r 2  10 03 4C rr          jmi     EvalTypeErr             ; one numeric, one string -> mismatch
0019B8r 2  rr           
0019B9r 2  24 64                bit     VALTYP
0019BBr 2  30 03                bmi     @strCmp
0019BDr 2                       ; Numeric comparison.
0019BDr 2  4C rr rr             jmp     RelOpsNum
0019C0r 2               @strCmp:
0019C0r 2  4C rr rr             jmp     RelOpsStr
0019C3r 2               
0019C3r 2               ; ---------------------------------------------------------------------------
0019C3r 2               ; RelOpsNum -- numeric comparison.
0019C3r 2               ; Inputs: ARG = left, FAC = right, CPRMASK = relop mask (bit 0=>, 1==, 2=<).
0019C3r 2               ; Output: FAC = -1 if (ARG <op> FAC) is true, else 0.  VALTYP = numeric.
0019C3r 2               ; ---------------------------------------------------------------------------
0019C3r 2               RelOpsNum:
0019C3r 2                       ; Replicate msbasic ARG-pre-relop fixup: clear ARG+1 high bit, then
0019C3r 2                       ; set it from ARGSIGN's MSB.  This rebuilds the implicit-1 mantissa
0019C3r 2                       ; for FCOMP's signed comparison path.
0019C3r 2  A5 1B                lda     ARGSIGN
0019C5r 2  09 7F                ora     #$7F
0019C7r 2  25 17                and     ARG+1
0019C9r 2  85 17                sta     ARG+1
0019CBr 2  A9 16                lda     #<ARG
0019CDr 2  A0 00                ldy     #$00
0019CFr 2  20 rr rr             jsr     FComp                   ; A = sign(FAC - ARG)
0019D2r 2                       ; Map A to bit position:
0019D2r 2                       ;   FAC<ARG (A=$FF): ARG>FAC  -> bit 0 (mask 1)
0019D2r 2                       ;   FAC=ARG (A=$00):           -> bit 1 (mask 2)
0019D2r 2                       ;   FAC>ARG (A=$01): ARG<FAC  -> bit 2 (mask 4)
0019D2r 2  AA                   tax
0019D3r 2  30 06                bmi     @lt
0019D5r 2  F0 08                beq     @eq
0019D7r 2  A9 04                lda     #4
0019D9r 2  80 06                bra     @check
0019DBr 2               @lt:
0019DBr 2  A9 01                lda     #1
0019DDr 2  80 02                bra     @check
0019DFr 2               @eq:
0019DFr 2  A9 02                lda     #2
0019E1r 2               @check:
0019E1r 2  25 45                and     CPRMASK
0019E3r 2  F0 07                beq     @false
0019E5r 2  A9 FF                lda     #$FF
0019E7r 2  A0 FF                ldy     #$FF
0019E9r 2  4C rr rr             jmp     GivAyf
0019ECr 2               @false:
0019ECr 2  A9 00                lda     #0
0019EEr 2  A8                   tay
0019EFr 2  4C rr rr             jmp     GivAyf
0019F2r 2               
0019F2r 2               ; ---------------------------------------------------------------------------
0019F2r 2               ; RelOpsStr -- bytewise string comparison.
0019F2r 2               ; ARG = left descriptor (ARG=len, ARG+1=lo, ARG+2=hi, ARGSIGN, ARGEXT pushed).
0019F2r 2               ; FAC = right descriptor.  CPRMASK as above.
0019F2r 2               ; ---------------------------------------------------------------------------
0019F2r 2               RelOpsStr:
0019F2r 2                       ; INDEX = left ptr, BAS_TMP1 = right ptr, BAS_TMP2 lo = left len,
0019F2r 2                       ; BAS_TMP2 hi = right len.
0019F2r 2  A5 17                lda     ARG+1
0019F4r 2  85 20                sta     INDEX
0019F6r 2  A5 18                lda     ARG+2
0019F8r 2  85 21                sta     INDEX+1
0019FAr 2  A5 0F                lda     FAC+1
0019FCr 2  85 3A                sta     BAS_TMP1
0019FEr 2  A5 10                lda     FAC+2
001A00r 2  85 3B                sta     BAS_TMP1+1
001A02r 2  A5 16                lda     ARG
001A04r 2  85 3C                sta     BAS_TMP2                ; left len
001A06r 2  A5 0E                lda     FAC
001A08r 2  85 3D                sta     BAS_TMP2+1              ; right len
001A0Ar 2                       ; Compare byte-by-byte up to min length.
001A0Ar 2  A0 00                ldy     #0
001A0Cr 2               @cmp:
001A0Cr 2                       ; Has either side ended?
001A0Cr 2  C4 3C                cpy     BAS_TMP2
001A0Er 2  F0 17                beq     @leftEnd
001A10r 2  C4 3D                cpy     BAS_TMP2+1
001A12r 2  F0 1B                beq     @rightEnd               ; right ended first -> left > right
001A14r 2  B1 20                lda     (INDEX),y
001A16r 2  D1 3A                cmp     (BAS_TMP1),y
001A18r 2  F0 0A                beq     @next
001A1Ar 2  90 04                bcc     @lt                     ; left < right
001A1Cr 2                       ; left > right
001A1Cr 2  A9 01                lda     #1
001A1Er 2  80 15                bra     @decide
001A20r 2               @lt:
001A20r 2  A9 04                lda     #4
001A22r 2  80 11                bra     @decide
001A24r 2               @next:
001A24r 2  C8                   iny
001A25r 2  80 E5                bra     @cmp
001A27r 2               @leftEnd:
001A27r 2                       ; Left ran out; check right
001A27r 2  C4 3D                cpy     BAS_TMP2+1
001A29r 2  F0 08                beq     @equal
001A2Br 2                       ; left < right (left is prefix)
001A2Br 2  A9 04                lda     #4
001A2Dr 2  80 06                bra     @decide
001A2Fr 2               @rightEnd:
001A2Fr 2                       ; right ran out, left has more; left > right
001A2Fr 2  A9 01                lda     #1
001A31r 2  80 02                bra     @decide
001A33r 2               @equal:
001A33r 2  A9 02                lda     #2
001A35r 2               @decide:
001A35r 2  25 45                and     CPRMASK
001A37r 2  F0 05                beq     @false
001A39r 2  A9 FF                lda     #$FF
001A3Br 2  A8                   tay
001A3Cr 2  80 03                bra     @ret
001A3Er 2               @false:
001A3Er 2  A9 00                lda     #0
001A40r 2  A8                   tay
001A41r 2               @ret:
001A41r 2                       ; Free temp strings before returning.  Save A,Y first.
001A41r 2  48                   pha
001A42r 2  5A                   phy
001A43r 2                       ; Free FAC's temp string (right operand).
001A43r 2  24 64                bit     VALTYP
001A45r 2  10 03                bpl     @noFreeR
001A47r 2  20 rr rr             jsr     FreFac
001A4Ar 2               @noFreeR:
001A4Ar 2                       ; Free ARG's temp string (left operand): manually restore VALTYP=$FF
001A4Ar 2                       ; and FAC := ARG, then FreFac.  (We don't always know if ARG is a
001A4Ar 2                       ; temp; FreTms inside FreTmp checks.)
001A4Ar 2  A5 16                lda     ARG
001A4Cr 2  85 0E                sta     FAC
001A4Er 2  A5 17                lda     ARG+1
001A50r 2  85 0F                sta     FAC+1
001A52r 2  A5 18                lda     ARG+2
001A54r 2  85 10                sta     FAC+2
001A56r 2                       ; +3/+4 are the descriptor's own address, which is what FreFac frees
001A56r 2                       ; by -- copying only the len/lo/hi above left FreFac looking at the
001A56r 2                       ; right operand's slot, already popped, so it never matched LASTPT and
001A56r 2                       ; the left temp was never reclaimed.  PushFac/PullArg carry these two
001A56r 2                       ; bytes through for exactly this.  One leaked slot per comparison, and
001A56r 2                       ; the third string compare in a program hit ?FORMULA TOO COMPLEX.
001A56r 2  A5 19                lda     ARG+3
001A58r 2  85 11                sta     FAC+3
001A5Ar 2  A5 1A                lda     ARG+4
001A5Cr 2  85 12                sta     FAC+4
001A5Er 2  A9 FF                lda     #$FF
001A60r 2  85 64                sta     VALTYP
001A62r 2  20 rr rr             jsr     FreFac
001A65r 2  7A                   ply
001A66r 2  68                   pla
001A67r 2  4C rr rr             jmp     GivAyf
001A6Ar 2               
001A6Ar 2               ; ===========================================================================
001A6Ar 2               ;   L E V E L 4  --  + / -
001A6Ar 2               ; ===========================================================================
001A6Ar 2               EvalAdd:
001A6Ar 2  20 rr rr             jsr     EvalMul
001A6Dr 2               @loop:
001A6Dr 2  20 rr rr             jsr     ChrGot
001A70r 2  C9 2B                cmp     #'+'
001A72r 2  F0 05                beq     @plus
001A74r 2  C9 2D                cmp     #'-'
001A76r 2  F0 27                beq     @minus
001A78r 2  60                   rts
001A79r 2               @plus:
001A79r 2  20 rr rr             jsr     ChrGet
001A7Cr 2  20 rr rr             jsr     PushFac
001A7Fr 2  20 rr rr             jsr     EvalMul
001A82r 2  20 rr rr             jsr     PullArg
001A85r 2                       ; Type dispatch.
001A85r 2  A5 86                lda     BAS_LVTYP
001A87r 2  45 64                eor     VALTYP
001A89r 2  10 03 4C rr          jmi     EvalTypeErr
001A8Dr 2  rr           
001A8Er 2  24 64                bit     VALTYP
001A90r 2  30 28                bmi     @cat
001A92r 2                       ; numeric add: FAC = ARG + FAC
001A92r 2                       ; FAddT expects: ARG is the operand, A=FAC's exponent on entry.
001A92r 2                       ; Use entry "FAddT" preceded by sign work: msbasic does
001A92r 2                       ;   bne <continue>; jmp CopyArgToFac
001A92r 2                       ; But our FAddT entry already handles that.  We need to set
001A92r 2                       ; SGNCPR = ARGSIGN ^ FACSIGN before FAddT.
001A92r 2  A5 1B                lda     ARGSIGN
001A94r 2  45 13                eor     FACSIGN
001A96r 2  85 1C                sta     SGNCPR
001A98r 2  A5 0E                lda     FAC
001A9Ar 2  20 rr rr             jsr     FAddT
001A9Dr 2  80 CE                bra     @loop
001A9Fr 2               @minus:
001A9Fr 2  20 rr rr             jsr     ChrGet
001AA2r 2  20 rr rr             jsr     PushFac
001AA5r 2  20 rr rr             jsr     EvalMul
001AA8r 2  20 rr rr             jsr     ChkNum
001AABr 2                       ; left was pushed; check pushed type via TOS-byte? Easier: we already
001AABr 2                       ; verified left is numeric on first iteration.  But left might have
001AABr 2                       ; been a string from concatenation; require numeric here:
001AABr 2  20 rr rr             jsr     PullArg
001AAEr 2  A5 86                lda     BAS_LVTYP
001AB0r 2  10 03 4C rr          jmi     EvalTypeErr
001AB4r 2  rr           
001AB5r 2                       ; FAC = ARG - FAC
001AB5r 2                       ; FSubT does: FACSIGN ^= $FF; SGNCPR = FACSIGN^ARGSIGN; jmp FAddT
001AB5r 2                       ; We need to call FSubT directly.
001AB5r 2  20 rr rr             jsr     FSubT
001AB8r 2  80 B3                bra     @loop
001ABAr 2               @cat:
001ABAr 2  20 rr rr             jsr     CatStr
001ABDr 2  80 AE                bra     @loop
001ABFr 2               
001ABFr 2               ; ---------------------------------------------------------------------------
001ABFr 2               ; CatStr -- concatenate ARG (left) + FAC (right), result in FAC.
001ABFr 2               ; ---------------------------------------------------------------------------
001ABFr 2               CatStr:
001ABFr 2                       ; Stash right's length+addr before we overwrite FAC.
001ABFr 2  A5 0E                lda     FAC
001AC1r 2  85 4D                sta     BAS_TEMP1               ; right len
001AC3r 2  A5 0F                lda     FAC+1
001AC5r 2  85 4E                sta     BAS_TEMP1+1
001AC7r 2  A5 10                lda     FAC+2
001AC9r 2  85 4F                sta     BAS_TEMP1+2
001ACBr 2                       ; Total length = ARG + FAC; abort if > 255.
001ACBr 2  18                   clc
001ACCr 2  A5 16                lda     ARG
001ACEr 2  65 4D                adc     BAS_TEMP1
001AD0r 2  B0 40                bcs     @tooLong
001AD2r 2  85 50                sta     BAS_TEMP1+3             ; total length
001AD4r 2                       ; Free both source temps before allocating result -- otherwise we
001AD4r 2                       ; pile up to 3 temps and the next PutNew throws ?FRMCPX.
001AD4r 2  20 rr rr             jsr     FreeBothTemps
001AD7r 2                       ; Allocate.
001AD7r 2  A5 50                lda     BAS_TEMP1+3             ; total length
001AD9r 2  20 rr rr             jsr     GetSpa                  ; A=total, FRESPC=buf
001ADCr 2                       ; Copy left bytes (ARG -> FRESPC).
001ADCr 2  A5 17                lda     ARG+1
001ADEr 2  85 20                sta     INDEX
001AE0r 2  A5 18                lda     ARG+2
001AE2r 2  85 21                sta     INDEX+1
001AE4r 2  A5 16                lda     ARG
001AE6r 2  F0 03                beq     @right
001AE8r 2  20 rr rr             jsr     MovStr1                 ; advances FRESPC by len
001AEBr 2               @right:
001AEBr 2                       ; Copy right bytes.
001AEBr 2  A5 4E                lda     BAS_TEMP1+1
001AEDr 2  85 20                sta     INDEX
001AEFr 2  A5 4F                lda     BAS_TEMP1+2
001AF1r 2  85 21                sta     INDEX+1
001AF3r 2  A5 4D                lda     BAS_TEMP1
001AF5r 2  F0 03                beq     @desc
001AF7r 2  20 rr rr             jsr     MovStr1
001AFAr 2               @desc:
001AFAr 2                       ; Descriptor: FAC := total len, FAC+1/2 := FRESPC - total.
001AFAr 2  A5 50                lda     BAS_TEMP1+3
001AFCr 2  85 0E                sta     FAC
001AFEr 2  38                   sec
001AFFr 2  A5 84                lda     FRESPC
001B01r 2  E5 50                sbc     BAS_TEMP1+3
001B03r 2  85 0F                sta     FAC+1
001B05r 2  A5 85                lda     FRESPC+1
001B07r 2  E9 00                sbc     #0
001B09r 2  85 10                sta     FAC+2
001B0Br 2  A9 FF                lda     #$FF
001B0Dr 2  85 64                sta     VALTYP
001B0Fr 2  4C rr rr             jmp     PutNew
001B12r 2               @tooLong:
001B12r 2  A2 09                ldx     #ERR_STRLONG
001B14r 2  4C rr rr             jmp     BasErrorVec
001B17r 2               
001B17r 2               ; ===========================================================================
001B17r 2               ;   L E V E L 5  --  * / /
001B17r 2               ; ===========================================================================
001B17r 2               EvalMul:
001B17r 2  20 rr rr             jsr     EvalPow
001B1Ar 2               @loop:
001B1Ar 2  20 rr rr             jsr     ChrGot
001B1Dr 2  C9 2A                cmp     #'*'
001B1Fr 2  F0 05                beq     @mul
001B21r 2  C9 2F                cmp     #'/'
001B23r 2  F0 27                beq     @div
001B25r 2  60                   rts
001B26r 2               @mul:
001B26r 2  20 rr rr             jsr     ChkNum
001B29r 2  20 rr rr             jsr     ChrGet
001B2Cr 2  20 rr rr             jsr     PushFac
001B2Fr 2  20 rr rr             jsr     EvalPow
001B32r 2  20 rr rr             jsr     ChkNum
001B35r 2  20 rr rr             jsr     PullArg
001B38r 2  A5 86                lda     BAS_LVTYP
001B3Ar 2  10 03 4C rr          jmi     EvalTypeErr
001B3Er 2  rr           
001B3Fr 2                       ; FAC = ARG * FAC: FMultT expects ARG + sign work.  See msbasic.
001B3Fr 2  A5 1B                lda     ARGSIGN
001B41r 2  45 13                eor     FACSIGN
001B43r 2  85 1C                sta     SGNCPR
001B45r 2  A5 0E                lda     FAC
001B47r 2  20 rr rr             jsr     FMultT
001B4Ar 2  80 CE                bra     @loop
001B4Cr 2               @div:
001B4Cr 2  20 rr rr             jsr     ChkNum
001B4Fr 2  20 rr rr             jsr     ChrGet
001B52r 2  20 rr rr             jsr     PushFac
001B55r 2  20 rr rr             jsr     EvalPow
001B58r 2  20 rr rr             jsr     ChkNum
001B5Br 2  20 rr rr             jsr     PullArg
001B5Er 2  A5 86                lda     BAS_LVTYP
001B60r 2  10 03 4C rr          jmi     EvalTypeErr
001B64r 2  rr           
001B65r 2                       ; FAC = ARG / FAC: FDivT.
001B65r 2  A5 1B                lda     ARGSIGN
001B67r 2  45 13                eor     FACSIGN
001B69r 2  85 1C                sta     SGNCPR
001B6Br 2  A5 0E                lda     FAC
001B6Dr 2  20 rr rr             jsr     FDivT
001B70r 2  80 A8                bra     @loop
001B72r 2               
001B72r 2               ; ===========================================================================
001B72r 2               ;   L E V E L 6  --  ^   (right-associative)
001B72r 2               ; ===========================================================================
001B72r 2               EvalPow:
001B72r 2  20 rr rr             jsr     EvalUnary
001B75r 2               @loop:
001B75r 2  20 rr rr             jsr     ChrGot
001B78r 2  C9 5E                cmp     #'^'
001B7Ar 2  D0 20                bne     @done
001B7Cr 2  20 rr rr             jsr     ChkNum
001B7Fr 2  20 rr rr             jsr     ChrGet
001B82r 2  20 rr rr             jsr     PushFac
001B85r 2                       ; Right-associative, which means the right-hand side is evaluated at
001B85r 2                       ; this level rather than the one below: recursing into EvalPow lets
001B85r 2                       ; the RHS take the rest of the chain, so 2^3^2 is 2^(3^2) = 512.
001B85r 2                       ; Calling EvalUnary here instead made it (2^3)^2 = 64 -- left-assoc,
001B85r 2                       ; contradicting this level's own heading.  EvalUnary still runs first
001B85r 2                       ; inside the recursion, so a term is always consumed and the recursion
001B85r 2                       ; is bounded by the length of the chain.
001B85r 2  20 rr rr             jsr     EvalPow
001B88r 2  20 rr rr             jsr     ChkNum
001B8Br 2  20 rr rr             jsr     PullArg
001B8Er 2  A5 86                lda     BAS_LVTYP
001B90r 2  10 03 4C rr          jmi     EvalTypeErr
001B94r 2  rr           
001B95r 2                       ; FPwrt computes ARG ^ FAC.  Our ported FPwrt expects ARG = base,
001B95r 2                       ; FAC = exponent, and A = FAC's exponent byte (FPwrt's first
001B95r 2                       ; instruction is `beq Exp` to short-circuit FAC==0 -> 1).
001B95r 2  A5 0E                lda     FAC
001B97r 2  20 rr rr             jsr     FPwrt
001B9Ar 2  80 D9                bra     @loop
001B9Cr 2               @done:
001B9Cr 2  60                   rts
001B9Dr 2               
001B9Dr 2               ; ===========================================================================
001B9Dr 2               ;   L E V E L 7  --  U N A R Y
001B9Dr 2               ; ===========================================================================
001B9Dr 2               EvalUnary:
001B9Dr 2  20 rr rr             jsr     ChrGot
001BA0r 2  C9 2D                cmp     #'-'
001BA2r 2  F0 07                beq     @neg
001BA4r 2  C9 2B                cmp     #'+'
001BA6r 2  F0 13                beq     @pos
001BA8r 2  4C rr rr             jmp     EvalAtom
001BABr 2               @neg:
001BABr 2  20 rr rr             jsr     ChrGet
001BAEr 2                       ; Evaluate the operand at the power level, not this one: the README
001BAEr 2                       ; puts `^` above unary `-`, so -2^2 is -(2^2) = -4.  Recursing into
001BAEr 2                       ; EvalUnary here bound the minus to the atom first and gave (-2)^2 = 4.
001BAEr 2                       ; The '-' is consumed above, so a term is always taken before this
001BAEr 2                       ; recurses and the depth is bounded by the run of signs.
001BAEr 2  20 rr rr             jsr     EvalPow
001BB1r 2  20 rr rr             jsr     ChkNum
001BB4r 2                       ; Negate FAC: flip FACSIGN bit 7.
001BB4r 2  A5 13                lda     FACSIGN
001BB6r 2  49 FF                eor     #$FF
001BB8r 2  85 13                sta     FACSIGN
001BBAr 2  60                   rts
001BBBr 2               @pos:
001BBBr 2  20 rr rr             jsr     ChrGet
001BBEr 2  4C rr rr             jmp     EvalUnary
001BC1r 2               
001BC1r 2               ; ===========================================================================
001BC1r 2               ;   L E V E L 8  --  A T O M
001BC1r 2               ; ===========================================================================
001BC1r 2               EvalAtom:
001BC1r 2  64 64                stz     VALTYP                  ; default to numeric; string paths override
001BC3r 2  20 rr rr             jsr     ChrGot
001BC6r 2  90 2A                bcc     @num                    ; digit
001BC8r 2  C9 2E                cmp     #'.'
001BCAr 2  F0 26                beq     @num
001BCCr 2  C9 22                cmp     #'"'
001BCEr 2  F0 25                beq     @str
001BD0r 2  C9 28                cmp     #'('
001BD2r 2  F0 39                beq     @paren
001BD4r 2                       ; Letter? -> variable
001BD4r 2  20 rr rr             jsr     IsLetC
001BD7r 2  B0 3D                bcs     @var
001BD9r 2                       ; Function token?
001BD9r 2  C9 CD                cmp     #TOK_INKEY
001BDBr 2  F0 60                beq     FnInkey
001BDDr 2  C9 9D                cmp     #TOK_FN
001BDFr 2  F0 0E                beq     @fnCall                 ; FN A(...) — user-defined function
001BE1r 2                       ; Hex literal in PRINT context: not here (no '$' literal supported).
001BE1r 2                       ; NVRAM is dual-role (statement at $B1, function via FnTable);
001BE1r 2                       ; allow it through even though it sits below TOK_SGN.
001BE1r 2  C9 B1                cmp     #TOK_NVRAM
001BE3r 2  F0 04                beq     @fnDisp
001BE5r 2                       ; Try function dispatch.  Every token from SGN up goes to FnDispatch,
001BE5r 2                       ; whose table holds $B6-$D0 and $E0-$E3: anything else it is handed --
001BE5r 2                       ; the statements $D1-$DF in between -- is not in it, and is a SYNTAX
001BE5r 2                       ; ERROR there.
001BE5r 2  C9 B6                cmp     #TOK_SGN
001BE7r 2  90 03                bcc     @synErr
001BE9r 2               @fnDisp:
001BE9r 2  4C rr rr             jmp     FnDispatch
001BECr 2               @synErr:
001BECr 2  4C rr rr             jmp     SynErr
001BEFr 2               @fnCall:
001BEFr 2  4C rr rr             jmp     FnCall
001BF2r 2               @num:
001BF2r 2                       ; ASCII numeric: jump to Fin.  Fin uses ChrGet to consume.
001BF2r 2  4C rr rr             jmp     Fin
001BF5r 2               @str:
001BF5r 2                       ; '"' string literal.  Advance past the opening quote WITHOUT ChrGet:
001BF5r 2                       ; ChrGet skips spaces, which would strip leading spaces inside the
001BF5r 2                       ; string literal (e.g. PRINT "   X").  Bump TXTPTR by one byte instead.
001BF5r 2  E6 04                inc     TXTPTR
001BF7r 2  D0 02                bne     @strsrc
001BF9r 2  E6 05                inc     TXTPTR+1
001BFBr 2               @strsrc:
001BFBr 2                       ; StrLit expects (Y,A) = src.  Source = TXTPTR.
001BFBr 2  A5 04                lda     TXTPTR
001BFDr 2  A4 05                ldy     TXTPTR+1
001BFFr 2  20 rr rr             jsr     StrLit
001C02r 2                       ; StrLit advances internal pointer; we need to update TXTPTR.
001C02r 2                       ; StrLit reads until $00 or '"' from (STRNG1)+y; FAC has length.
001C02r 2                       ; Compute new TXTPTR = STRNG2 (which StrLit set), or TXTPTR + len + maybe-quote.
001C02r 2                       ; STRNG2 = STRNG1 + len + (1 if hit quote else 0).  Use STRNG2.
001C02r 2  A5 1E                lda     STRNG2
001C04r 2  85 04                sta     TXTPTR
001C06r 2  A5 1F                lda     STRNG2+1
001C08r 2  85 05                sta     TXTPTR+1
001C0Ar 2                       ; If we stopped at a closing quote, TXTPTR is past it (StrLit's
001C0Ar 2                       ; @endquote path: tya/adc STRNG1 with carry set since cmp set C);
001C0Ar 2                       ; if we ran into NUL, TXTPTR sits on the NUL (clc path).  Either
001C0Ar 2                       ; is correct for ChrGot.
001C0Ar 2  4C rr rr             jmp     ChrGot                  ; preload next char (for caller chains)
001C0Dr 2               @paren:
001C0Dr 2  20 rr rr             jsr     ChrGet                  ; consume '('
001C10r 2  20 rr rr             jsr     FrmEvl
001C13r 2  4C rr rr             jmp     ChkCls                  ; expects ')'; consumes via ChrGet
001C16r 2               @var:
001C16r 2                       ; Variable lookup.  PtrGet uses CHRGET internally and leaves
001C16r 2                       ; (A,Y) = VARPNT.  VALTYP is set to $00 or $FF.
001C16r 2  20 rr rr             jsr     PtrGet
001C19r 2                       ; Fetch value into FAC.
001C19r 2  24 64                bit     VALTYP
001C1Br 2  30 07                bmi     @loadStr
001C1Dr 2                       ; numeric: FAC = (VARPNT)
001C1Dr 2  A5 3F                lda     VARPNT
001C1Fr 2  A4 40                ldy     VARPNT+1
001C21r 2  4C rr rr             jmp     LoadFacFromYa
001C24r 2               @loadStr:
001C24r 2                       ; string: copy descriptor [len][lo][hi] into FAC..FAC+2.
001C24r 2  A0 00                ldy     #0
001C26r 2  B1 3F                lda     (VARPNT),y
001C28r 2  85 0E                sta     FAC
001C2Ar 2  C8                   iny
001C2Br 2  B1 3F                lda     (VARPNT),y
001C2Dr 2  85 0F                sta     FAC+1
001C2Fr 2  C8                   iny
001C30r 2  B1 3F                lda     (VARPNT),y
001C32r 2  85 10                sta     FAC+2
001C34r 2                       ; Record the descriptor's address (= VARPNT) in FAC+3/FAC+4 so the
001C34r 2                       ; temp-free logic (FreFac/FreTms) can tell this is a variable, not a
001C34r 2                       ; temp: VARPNT's high byte is nonzero (vars live at $08xx) so it can
001C34r 2                       ; never match a temp-stack slot (all in zero page) and will not be
001C34r 2                       ; freed or reclaimed.  Without this, a stale FAC+3/FAC+4 can spuriously
001C34r 2                       ; match LASTPT and free/reclaim a live string.
001C34r 2  A5 3F                lda     VARPNT
001C36r 2  85 11                sta     FAC+3
001C38r 2  A5 40                lda     VARPNT+1
001C3Ar 2  85 12                sta     FAC+4
001C3Cr 2  60                   rts
001C3Dr 2               
001C3Dr 2               ; ---------------------------------------------------------------------------
001C3Dr 2               ; FnInkey -- INKEY (no parens).  Reads BAS_PENDKEY first; else BufferSize/
001C3Dr 2               ; ReadBuffer; else 0.  Result is unsigned 8-bit FP value.
001C3Dr 2               ; ---------------------------------------------------------------------------
001C3Dr 2               FnInkey:
001C3Dr 2  20 rr rr             jsr     ChrGet                  ; consume INKEY token
001C40r 2  AD 0E 03             lda     BAS_PENDKEY
001C43r 2  F0 09                beq     @noPend
001C45r 2                       ; consume pending key.
001C45r 2  A0 00                ldy     #0
001C47r 2  8C 0E 03             sty     BAS_PENDKEY
001C4Ar 2  A8                   tay
001C4Br 2  4C rr rr             jmp     SngFlt
001C4Er 2               @noPend:
001C4Er 2  20 rr rr             jsr     BufferSize
001C51r 2  F0 07                beq     @zero
001C53r 2  20 rr rr             jsr     ReadBuffer
001C56r 2  A8                   tay
001C57r 2  4C rr rr             jmp     SngFlt
001C5Ar 2               @zero:
001C5Ar 2  A0 00                ldy     #0
001C5Cr 2  4C rr rr             jmp     SngFlt
001C5Fr 2               
001C5Fr 2               ; ---------------------------------------------------------------------------
001C5Fr 2               ; FnDispatch -- A holds a token from TOK_SGN up.  Dispatch via FnTable, which
001C5Fr 2               ; pairs (token, handler-1); a token the table does not hold is a SYNTAX ERROR.
001C5Fr 2               ; ---------------------------------------------------------------------------
001C5Fr 2               FnDispatch:
001C5Fr 2  A2 00                ldx     #0
001C61r 2               @find:
001C61r 2  BD rr rr             lda     FnTable,x
001C64r 2  F0 14                beq     @synErr                 ; reached terminator
001C66r 2  D2 04                cmp     (TXTPTR)
001C68r 2  F0 05                beq     @match
001C6Ar 2  E8                   inx
001C6Br 2  E8                   inx
001C6Cr 2  E8                   inx
001C6Dr 2  80 F2                bra     @find
001C6Fr 2               @match:
001C6Fr 2                       ; Push handler-1 onto stack so RTS jumps to it after ChrGet.
001C6Fr 2  BD rr rr             lda     FnTable+2,x
001C72r 2  48                   pha
001C73r 2  BD rr rr             lda     FnTable+1,x
001C76r 2  48                   pha
001C77r 2  4C rr rr             jmp     ChrGet                  ; consume token, return into handler
001C7Ar 2               @synErr:
001C7Ar 2  4C rr rr             jmp     SynErr
001C7Dr 2               
001C7Dr 2               ; ---------------------------------------------------------------------------
001C7Dr 2               ; FnTable -- (token, handler-1) triples, $00-terminated.
001C7Dr 2               ; "handler-1" because we push it through RTS which adds 1.
001C7Dr 2               ; ---------------------------------------------------------------------------
001C7Dr 2               FnTable:
001C7Dr 2  B6                   .byte   TOK_SGN
001C7Er 2  rr rr                .word   FnSgn-1
001C80r 2  B7                   .byte   TOK_INT
001C81r 2  rr rr                .word   FnInt-1
001C83r 2  B8                   .byte   TOK_ABS
001C84r 2  rr rr                .word   FnAbs-1
001C86r 2  B9                   .byte   TOK_FRE
001C87r 2  rr rr                .word   FnFre-1
001C89r 2  BA                   .byte   TOK_POS
001C8Ar 2  rr rr                .word   FnPos-1
001C8Cr 2  BB                   .byte   TOK_SQR
001C8Dr 2  rr rr                .word   FnSqr-1
001C8Fr 2  BC                   .byte   TOK_RND
001C90r 2  rr rr                .word   FnRnd-1
001C92r 2  BD                   .byte   TOK_LOG
001C93r 2  rr rr                .word   FnLog-1
001C95r 2  BE                   .byte   TOK_EXP
001C96r 2  rr rr                .word   FnExp-1
001C98r 2  BF                   .byte   TOK_COS
001C99r 2  rr rr                .word   FnCos-1
001C9Br 2  C0                   .byte   TOK_SIN
001C9Cr 2  rr rr                .word   FnSin-1
001C9Er 2  C1                   .byte   TOK_TAN
001C9Fr 2  rr rr                .word   FnTan-1
001CA1r 2  C2                   .byte   TOK_ATN
001CA2r 2  rr rr                .word   FnAtn-1
001CA4r 2  C3                   .byte   TOK_PEEK
001CA5r 2  rr rr                .word   FnPeek-1
001CA7r 2  C4                   .byte   TOK_LEN
001CA8r 2  rr rr                .word   FnLen-1
001CAAr 2  C5                   .byte   TOK_STRSTR
001CABr 2  rr rr                .word   FnStrStr-1
001CADr 2  C6                   .byte   TOK_VAL
001CAEr 2  rr rr                .word   FnVal-1
001CB0r 2  C7                   .byte   TOK_ASC
001CB1r 2  rr rr                .word   FnAsc-1
001CB3r 2  C8                   .byte   TOK_CHRSTR
001CB4r 2  rr rr                .word   FnChrStr-1
001CB6r 2  C9                   .byte   TOK_LEFTSTR
001CB7r 2  rr rr                .word   FnLeftStr-1
001CB9r 2  CA                   .byte   TOK_RIGHTSTR
001CBAr 2  rr rr                .word   FnRightStr-1
001CBCr 2  CB                   .byte   TOK_MIDSTR
001CBDr 2  rr rr                .word   FnMidStr-1
001CBFr 2  CC                   .byte   TOK_JOY
001CC0r 2  rr rr                .word   FnJoy-1
001CC2r 2  B1                   .byte   TOK_NVRAM
001CC3r 2  rr rr                .word   FnNvram-1
001CC5r 2  CE                   .byte   TOK_HEX
001CC6r 2  rr rr                .word   FnHex-1
001CC8r 2  CF                   .byte   TOK_MIN
001CC9r 2  rr rr                .word   FnMin-1
001CCBr 2  D0                   .byte   TOK_MAX
001CCCr 2  rr rr                .word   FnMax-1
001CCEr 2  E0                   .byte   TOK_VPEEK
001CCFr 2  rr rr                .word   FnVpeek-1
001CD1r 2  E1                   .byte   TOK_VSTAT
001CD2r 2  rr rr                .word   FnVstat-1
001CD4r 2  E2                   .byte   TOK_NVSTAT
001CD5r 2  rr rr                .word   FnNvstat-1
001CD7r 2  E3                   .byte   TOK_NVFIND
001CD8r 2  rr rr                .word   FnNvfind-1
001CDAr 2  00                   .byte   0
001CDBr 2               
001CDBr 2               ; ---------------------------------------------------------------------------
001CDBr 2               ; Numeric-arg helpers.
001CDBr 2               ; ParenNum    -- expects "(" expr ")" with numeric result.  FAC = result.
001CDBr 2               ; ParenStr    -- expects "(" expr ")" with string result.
001CDBr 2               ; ParenU8     -- expects "(" expr ")" -> A = byte (0..255), or ?ILLQTY.
001CDBr 2               ; ParenU16    -- expects "(" expr ")" -> AyInt result in FAC+3,+4.
001CDBr 2               ; ---------------------------------------------------------------------------
001CDBr 2               ParenNum:
001CDBr 2  20 rr rr             jsr     ChkOpn
001CDEr 2  20 rr rr             jsr     FrmEvl
001CE1r 2  20 rr rr             jsr     ChkNum
001CE4r 2  4C rr rr             jmp     ChkCls
001CE7r 2               ParenStr:
001CE7r 2  20 rr rr             jsr     ChkOpn
001CEAr 2  20 rr rr             jsr     FrmEvl
001CEDr 2  20 rr rr             jsr     ChkStr
001CF0r 2  4C rr rr             jmp     ChkCls
001CF3r 2               ParenU8:
001CF3r 2  20 rr rr             jsr     ParenNum
001CF6r 2  20 rr rr             jsr     AyInt
001CF9r 2  A5 11                lda     FAC+3                   ; high byte must be 0
001CFBr 2  D0 03                bne     @bad
001CFDr 2  A5 12                lda     FAC+4                   ; low byte = result
001CFFr 2  60                   rts
001D00r 2               @bad:
001D00r 2  4C rr rr             jmp     IqErr
001D03r 2               
001D03r 2               ; ---------------------------------------------------------------------------
001D03r 2               ; Unary numeric functions (single-arg "(" num ")") -- shared body.
001D03r 2               ; Each entry sets up A = handler entry to call after ChkOpn/FrmEvl/ChkNum/ChkCls.
001D03r 2               ; ---------------------------------------------------------------------------
001D03r 2               FnSgn:
001D03r 2  20 rr rr             jsr     ParenNum
001D06r 2  4C rr rr             jmp     Sgn
001D09r 2               FnInt:
001D09r 2  20 rr rr             jsr     ParenNum
001D0Cr 2  4C rr rr             jmp     Int
001D0Fr 2               FnAbs:
001D0Fr 2  20 rr rr             jsr     ParenNum
001D12r 2  4C rr rr             jmp     Abs
001D15r 2               FnSqr:
001D15r 2  20 rr rr             jsr     ParenNum
001D18r 2  4C rr rr             jmp     Sqr
001D1Br 2               FnLog:
001D1Br 2  20 rr rr             jsr     ParenNum
001D1Er 2  4C rr rr             jmp     Log
001D21r 2               FnExp:
001D21r 2  20 rr rr             jsr     ParenNum
001D24r 2  4C rr rr             jmp     Exp
001D27r 2               FnCos:
001D27r 2  20 rr rr             jsr     ParenNum
001D2Ar 2  4C rr rr             jmp     Cos
001D2Dr 2               FnSin:
001D2Dr 2  20 rr rr             jsr     ParenNum
001D30r 2  4C rr rr             jmp     Sin
001D33r 2               FnTan:
001D33r 2  20 rr rr             jsr     ParenNum
001D36r 2  4C rr rr             jmp     Tan
001D39r 2               FnAtn:
001D39r 2  20 rr rr             jsr     ParenNum
001D3Cr 2  4C rr rr             jmp     Atn
001D3Fr 2               FnRnd:
001D3Fr 2  20 rr rr             jsr     ParenNum
001D42r 2  4C rr rr             jmp     Rnd
001D45r 2               FnHex:
001D45r 2                       ; In expression context: identity.
001D45r 2  4C rr rr             jmp     ParenNum
001D48r 2               
001D48r 2               ; ---------------------------------------------------------------------------
001D48r 2               ; FnFre -- FRE(n): returns FRETOP - STREND (free string heap).
001D48r 2               ; Argument is parsed and ignored.
001D48r 2               ; ---------------------------------------------------------------------------
001D48r 2               FnFre:
001D48r 2  20 rr rr             jsr     ParenNum
001D4Br 2  38                   sec
001D4Cr 2  AD 65 03             lda     FRETOP
001D4Fr 2  ED 63 03             sbc     STREND
001D52r 2  A8                   tay
001D53r 2  AD 66 03             lda     FRETOP+1
001D56r 2  ED 64 03             sbc     STREND+1
001D59r 2  4C rr rr             jmp     GivAyf
001D5Cr 2               
001D5Cr 2               ; ---------------------------------------------------------------------------
001D5Cr 2               ; FnPos -- POS(n): current print column.  Argument is parsed and ignored.
001D5Cr 2               ; ---------------------------------------------------------------------------
001D5Cr 2               FnPos:
001D5Cr 2  20 rr rr             jsr     ParenNum
001D5Fr 2                       ; BAS_POSX is the live column PrintCh maintains and TAB and the comma
001D5Fr 2                       ; zones already read.  This returned a hardcoded 0 -- the column was
001D5Fr 2                       ; being tracked all along, POS just never looked at it.
001D5Fr 2  AC 70 03             ldy     BAS_POSX
001D62r 2  4C rr rr             jmp     SngFlt
001D65r 2               
001D65r 2               ; ---------------------------------------------------------------------------
001D65r 2               ; FnPeek -- PEEK(addr): byte at addr -> FP.
001D65r 2               ; ---------------------------------------------------------------------------
001D65r 2               FnPeek:
001D65r 2  20 rr rr             jsr     ParenNum
001D68r 2  20 rr rr             jsr     FacToU16
001D6Br 2  A5 12                lda     FAC+4                   ; lo byte
001D6Dr 2  85 20                sta     INDEX
001D6Fr 2  A5 11                lda     FAC+3                   ; hi byte
001D71r 2  85 21                sta     INDEX+1
001D73r 2  A0 00                ldy     #0
001D75r 2  B1 20                lda     (INDEX),y
001D77r 2  A8                   tay
001D78r 2  4C rr rr             jmp     SngFlt
001D7Br 2               
001D7Br 2               ; ---------------------------------------------------------------------------
001D7Br 2               ; FnJoy -- JOY(n): 1 or 2.  If GPIO absent, returns 0.
001D7Br 2               ; ---------------------------------------------------------------------------
001D7Br 2               FnJoy:
001D7Br 2  20 rr rr             jsr     ParenU8
001D7Er 2  48                   pha
001D7Fr 2  AD 0D 03             lda     HW_PRESENT
001D82r 2  29 20                and     #HW_GPIO
001D84r 2  F0 1C                beq     @absent
001D86r 2  68                   pla
001D87r 2  C9 01                cmp     #1
001D89r 2  F0 09                beq     @j1
001D8Br 2  C9 02                cmp     #2
001D8Dr 2  F0 0C                beq     @j2
001D8Fr 2  A2 0B                ldx     #ERR_ILLQUAN
001D91r 2  4C rr rr             jmp     BasErrorVec
001D94r 2               @j1:
001D94r 2  20 rr rr             jsr     ReadJoystick1
001D97r 2  A8                   tay
001D98r 2  4C rr rr             jmp     SngFlt
001D9Br 2               @j2:
001D9Br 2  20 rr rr             jsr     ReadJoystick2
001D9Er 2  A8                   tay
001D9Fr 2  4C rr rr             jmp     SngFlt
001DA2r 2               @absent:
001DA2r 2  68                   pla
001DA3r 2                       ; $FF, not 0.  The ports are active low -- pulled high through 1K, and
001DA3r 2                       ; the stick's switches ground them -- so JOY returns the port raw and 0
001DA3r 2                       ; means every direction and button is held at once.  Reporting 0 for a
001DA3r 2                       ; machine with no VIA fitted told the caller exactly that; $FF is what
001DA3r 2                       ; an untouched stick reads, and so the honest answer for one that is
001DA3r 2                       ; not there at all.
001DA3r 2  A0 FF                ldy     #$FF
001DA5r 2  4C rr rr             jmp     SngFlt
001DA8r 2               
001DA8r 2               ; ---------------------------------------------------------------------------
001DA8r 2               ; FnNvram -- NVRAM(addr): if RTC absent, return 0.
001DA8r 2               ; ---------------------------------------------------------------------------
001DA8r 2               FnNvram:
001DA8r 2  20 rr rr             jsr     ParenU8
001DABr 2  48                   pha
001DACr 2  AD 0D 03             lda     HW_PRESENT
001DAFr 2  29 04                and     #HW_RTC
001DB1r 2  F0 09                beq     @absent
001DB3r 2  68                   pla
001DB4r 2  AA                   tax
001DB5r 2  20 rr rr             jsr     RtcReadNVRAM
001DB8r 2  A8                   tay
001DB9r 2  4C rr rr             jmp     SngFlt
001DBCr 2               @absent:
001DBCr 2  68                   pla
001DBDr 2  A0 00                ldy     #0
001DBFr 2  4C rr rr             jmp     SngFlt
001DC2r 2               
001DC2r 2               ; ---------------------------------------------------------------------------
001DC2r 2               ; FnMin / FnMax -- two numeric args, smaller / larger.
001DC2r 2               ; ---------------------------------------------------------------------------
001DC2r 2               FnMin:
001DC2r 2  20 rr rr             jsr     MinMaxArgs              ; ARG = a, FAC = b, BAS_TMP3 = sign(b-a)
001DC5r 2                       ; Want smaller: if b>=a return a (ARG); else return b (FAC).
001DC5r 2  10 01                bpl     @retArg                 ; sign>=0 means b>=a
001DC7r 2  60                   rts                             ; FAC already = b
001DC8r 2               @retArg:
001DC8r 2  4C rr rr             jmp     CopyArgToFac
001DCBr 2               FnMax:
001DCBr 2  20 rr rr             jsr     MinMaxArgs
001DCEr 2                       ; Want larger: if b>=a return b (FAC); else return a (ARG).
001DCEr 2  10 03                bpl     @retFac
001DD0r 2  4C rr rr             jmp     CopyArgToFac
001DD3r 2               @retFac:
001DD3r 2  60                   rts
001DD4r 2               
001DD4r 2               ; MinMaxArgs -- consume "(" a "," b ")" with numerics; ARG=a, FAC=b.
001DD4r 2               ; Returns A = sign(b - a) (FF/00/01) and N flag set accordingly.
001DD4r 2               MinMaxArgs:
001DD4r 2  20 rr rr             jsr     ChkOpn
001DD7r 2  20 rr rr             jsr     FrmEvl
001DDAr 2  20 rr rr             jsr     ChkNum
001DDDr 2  20 rr rr             jsr     PushFac                 ; save a
001DE0r 2  20 rr rr             jsr     ChkCom
001DE3r 2  20 rr rr             jsr     FrmEvl
001DE6r 2  20 rr rr             jsr     ChkNum
001DE9r 2  20 rr rr             jsr     ChkCls
001DECr 2  20 rr rr             jsr     PullArg                 ; ARG = a, FAC = b
001DEFr 2                       ; Stash ARG so we can restore after FComp's destructive sign-pack.
001DEFr 2  A5 16                lda     ARG
001DF1r 2  85 4D                sta     BAS_TEMP1
001DF3r 2  A5 17                lda     ARG+1
001DF5r 2  85 4E                sta     BAS_TEMP1+1
001DF7r 2  A5 18                lda     ARG+2
001DF9r 2  85 4F                sta     BAS_TEMP1+2
001DFBr 2  A5 19                lda     ARG+3
001DFDr 2  85 50                sta     BAS_TEMP1+3
001DFFr 2  A5 1A                lda     ARG+4
001E01r 2  85 51                sta     BAS_TEMP1+4
001E03r 2  A5 1B                lda     ARGSIGN
001E05r 2  85 52                sta     BAS_TEMP1+5
001E07r 2                       ; Pack ARGSIGN into bit 7 of ARG+1 so FComp reads it correctly.
001E07r 2  A5 1B                lda     ARGSIGN
001E09r 2  09 7F                ora     #$7F
001E0Br 2  25 17                and     ARG+1
001E0Dr 2  85 17                sta     ARG+1
001E0Fr 2  A9 16                lda     #<ARG
001E11r 2  A0 00                ldy     #$00
001E13r 2  20 rr rr             jsr     FComp                   ; A = sign(FAC - ARG)
001E16r 2  48                   pha
001E17r 2                       ; Restore ARG.
001E17r 2  A5 4D                lda     BAS_TEMP1
001E19r 2  85 16                sta     ARG
001E1Br 2  A5 4E                lda     BAS_TEMP1+1
001E1Dr 2  85 17                sta     ARG+1
001E1Fr 2  A5 4F                lda     BAS_TEMP1+2
001E21r 2  85 18                sta     ARG+2
001E23r 2  A5 50                lda     BAS_TEMP1+3
001E25r 2  85 19                sta     ARG+3
001E27r 2  A5 51                lda     BAS_TEMP1+4
001E29r 2  85 1A                sta     ARG+4
001E2Br 2  A5 52                lda     BAS_TEMP1+5
001E2Dr 2  85 1B                sta     ARGSIGN
001E2Fr 2  68                   pla                             ; restore A, sets N/Z flags
001E30r 2  60                   rts
001E31r 2               
001E31r 2               ; ---------------------------------------------------------------------------
001E31r 2               ; FnLen -- LEN(s$): length of string.
001E31r 2               ; ---------------------------------------------------------------------------
001E31r 2               FnLen:
001E31r 2  20 rr rr             jsr     ParenStr
001E34r 2  A5 0E                lda     FAC                     ; length
001E36r 2  48                   pha                             ; FreFac returns with Y = descriptor hi
001E37r 2  20 rr rr             jsr     FreFac                  ; release temp string if any
001E3Ar 2  68                   pla
001E3Br 2  A8                   tay
001E3Cr 2  4C rr rr             jmp     SngFlt
001E3Fr 2               
001E3Fr 2               ; ---------------------------------------------------------------------------
001E3Fr 2               ; FnAsc -- ASC(s$): code of first char; ?ILLQTY if empty.
001E3Fr 2               ; ---------------------------------------------------------------------------
001E3Fr 2               FnAsc:
001E3Fr 2  20 rr rr             jsr     ParenStr
001E42r 2  A5 0E                lda     FAC
001E44r 2  F0 15                beq     @bad
001E46r 2                       ; Read first byte of string.
001E46r 2  A5 0F                lda     FAC+1
001E48r 2  85 20                sta     INDEX
001E4Ar 2  A5 10                lda     FAC+2
001E4Cr 2  85 21                sta     INDEX+1
001E4Er 2  A0 00                ldy     #0
001E50r 2  B1 20                lda     (INDEX),y
001E52r 2  48                   pha
001E53r 2  20 rr rr             jsr     FreFac
001E56r 2  68                   pla
001E57r 2  A8                   tay
001E58r 2  4C rr rr             jmp     SngFlt
001E5Br 2               @bad:
001E5Br 2  4C rr rr             jmp     IqErr
001E5Er 2               
001E5Er 2               ; ---------------------------------------------------------------------------
001E5Er 2               ; FnChrStr -- CHR$(n): 1-char string.
001E5Er 2               ; ---------------------------------------------------------------------------
001E5Er 2               FnChrStr:
001E5Er 2  20 rr rr             jsr     ParenU8
001E61r 2  48                   pha
001E62r 2  A9 01                lda     #1
001E64r 2  20 rr rr             jsr     GetSpa                  ; (Y,X) = addr; A unchanged
001E67r 2  68                   pla
001E68r 2  A0 00                ldy     #0
001E6Ar 2  91 84                sta     (FRESPC),y
001E6Cr 2                       ; Build descriptor in FAC.
001E6Cr 2  A9 01                lda     #1
001E6Er 2  85 0E                sta     FAC
001E70r 2  A5 84                lda     FRESPC
001E72r 2  85 0F                sta     FAC+1
001E74r 2  A5 85                lda     FRESPC+1
001E76r 2  85 10                sta     FAC+2
001E78r 2                       ; Advance FRESPC past the byte we just wrote.
001E78r 2  E6 84                inc     FRESPC
001E7Ar 2  D0 02                bne     @nb
001E7Cr 2  E6 85                inc     FRESPC+1
001E7Er 2               @nb:
001E7Er 2  4C rr rr             jmp     PutNew
001E81r 2               
001E81r 2               ; ---------------------------------------------------------------------------
001E81r 2               ; FnStrStr -- STR$(n): convert numeric to string.
001E81r 2               ; ---------------------------------------------------------------------------
001E81r 2               FnStrStr:
001E81r 2  20 rr rr             jsr     ParenNum
001E84r 2  20 rr rr             jsr     Fout                    ; A=lo, Y=hi -> NUL-terminated buffer
001E87r 2                       ; (A,Y) = pointer to NUL-terminated ASCII number string in STACK2.
001E87r 2  20 rr rr             jsr     StrLit                  ; allocates + copies + PutNew
001E8Ar 2  60                   rts
001E8Br 2               
001E8Br 2               ; ---------------------------------------------------------------------------
001E8Br 2               ; FnVal -- VAL(s$): parse leading numeric from string.
001E8Br 2               ; Temporarily NUL-terminates the string in place, redirects TXTPTR, calls
001E8Br 2               ; Fin, then restores.
001E8Br 2               ; ---------------------------------------------------------------------------
001E8Br 2               FnVal:
001E8Br 2  20 rr rr             jsr     ParenStr
001E8Er 2  A5 0E                lda     FAC
001E90r 2  D0 08                bne     @nz
001E92r 2                       ; empty string -> 0
001E92r 2  20 rr rr             jsr     FreFac
001E95r 2  64 64                stz     VALTYP                  ; result is numeric (ParenStr set $FF)
001E97r 2  4C rr rr             jmp     ZeroFac
001E9Ar 2               @nz:
001E9Ar 2                       ; Stash length, address into TEMP1..TEMP1+2.
001E9Ar 2  85 4D                sta     TEMP1                   ; length
001E9Cr 2  A5 0F                lda     FAC+1
001E9Er 2  85 4E                sta     TEMP1+1
001EA0r 2  A5 10                lda     FAC+2
001EA2r 2  85 4F                sta     TEMP1+2
001EA4r 2                       ; Reclaim the argument's temp now, while FAC still holds its
001EA4r 2                       ; descriptor -- msbasic's VAL frees before parsing for the same
001EA4r 2                       ; reason.  It cannot wait until after Fin: FAC+3/+4 are the two bytes
001EA4r 2                       ; FreFac frees by, and by then they are mantissa of the parsed number.
001EA4r 2                       ; Freeing only releases the heap for reuse and nothing allocates
001EA4r 2                       ; between here and Fin, so the characters stay intact to parse.
001EA4r 2                       ; Without it the temp leaked: the empty-string path above frees, the
001EA4r 2                       ; parsing path did not, and three VALs of a literal in one program
001EA4r 2                       ; exhausted the 3-slot temp stack with ?FORMULA TOO COMPLEX.
001EA4r 2  20 rr rr             jsr     FreFac
001EA7r 2                       ; Save the byte at offset = length and replace with $00.
001EA7r 2  A5 4E                lda     TEMP1+1
001EA9r 2  85 20                sta     INDEX
001EABr 2  A5 4F                lda     TEMP1+2
001EADr 2  85 21                sta     INDEX+1
001EAFr 2  A4 4D                ldy     TEMP1
001EB1r 2  B1 20                lda     (INDEX),y
001EB3r 2  85 50                sta     TEMP1+3                 ; saved byte
001EB5r 2  A9 00                lda     #0
001EB7r 2  91 20                sta     (INDEX),y
001EB9r 2                       ; Save TXTPTR.
001EB9r 2  A5 04                lda     TXTPTR
001EBBr 2  48                   pha
001EBCr 2  A5 05                lda     TXTPTR+1
001EBEr 2  48                   pha
001EBFr 2                       ; TXTPTR := INDEX - 1, then ChrGet to load first char.
001EBFr 2  A5 4E                lda     TEMP1+1
001EC1r 2  85 04                sta     TXTPTR
001EC3r 2  A5 4F                lda     TEMP1+2
001EC5r 2  85 05                sta     TXTPTR+1
001EC7r 2  A5 04                lda     TXTPTR
001EC9r 2  D0 02                bne     @nb
001ECBr 2  C6 05                dec     TXTPTR+1
001ECDr 2               @nb:
001ECDr 2  C6 04                dec     TXTPTR
001ECFr 2  20 rr rr             jsr     ChrGet                  ; first char
001ED2r 2  20 rr rr             jsr     Fin                     ; FAC := value
001ED5r 2                       ; Restore the saved byte.
001ED5r 2  A5 4E                lda     TEMP1+1
001ED7r 2  85 20                sta     INDEX
001ED9r 2  A5 4F                lda     TEMP1+2
001EDBr 2  85 21                sta     INDEX+1
001EDDr 2  A4 4D                ldy     TEMP1
001EDFr 2  A5 50                lda     TEMP1+3
001EE1r 2  91 20                sta     (INDEX),y
001EE3r 2                       ; Restore TXTPTR.
001EE3r 2  68                   pla
001EE4r 2  85 05                sta     TXTPTR+1
001EE6r 2  68                   pla
001EE7r 2  85 04                sta     TXTPTR
001EE9r 2  64 64                stz     VALTYP                  ; Fin left VALTYP = $FF from ParenStr
001EEBr 2  60                   rts
001EECr 2               
001EECr 2               ; ---------------------------------------------------------------------------
001EECr 2               ; FnLeftStr -- LEFT$(s$, n): leftmost n chars.
001EECr 2               ; ---------------------------------------------------------------------------
001EECr 2               FnLeftStr:
001EECr 2  20 rr rr             jsr     ChkOpn
001EEFr 2  20 rr rr             jsr     FrmEvl
001EF2r 2  20 rr rr             jsr     ChkStr
001EF5r 2  20 rr rr             jsr     ChkCom
001EF8r 2  20 rr rr             jsr     PushFac                 ; save string descriptor
001EFBr 2  20 rr rr             jsr     FrmEvl
001EFEr 2  20 rr rr             jsr     ChkNum
001F01r 2  20 rr rr             jsr     ChkCls
001F04r 2  20 rr rr             jsr     AyInt
001F07r 2  20 rr rr             jsr     PullArg                 ; ARG = string descriptor (BAS_TMP1 clobbered)
001F0Ar 2                       ; FAC still holds the integer n; check range and copy now.
001F0Ar 2  A5 11                lda     FAC+3
001F0Cr 2  D0 16                bne     @bad
001F0Er 2  A5 12                lda     FAC+4
001F10r 2  85 3B                sta     BAS_TMP1+1              ; n
001F12r 2                       ; Clamp n to ARG (length).
001F12r 2  A5 3B                lda     BAS_TMP1+1
001F14r 2  C5 16                cmp     ARG
001F16r 2  90 02                bcc     @ok
001F18r 2  A5 16                lda     ARG
001F1Ar 2               @ok:
001F1Ar 2  85 3B                sta     BAS_TMP1+1
001F1Cr 2                       ; Free the source temp BEFORE allocating result so the slot frees up.
001F1Cr 2  20 rr rr             jsr     FreeArgString
001F1Fr 2                       ; Offset = 0 for LEFT$.
001F1Fr 2  64 3A                stz     BAS_TMP1
001F21r 2                       ; Allocate, copy first n bytes.
001F21r 2  4C rr rr             jmp     SubstrCommon            ; tail-call (rts to caller)
001F24r 2               @bad:
001F24r 2  4C rr rr             jmp     IqErr
001F27r 2               
001F27r 2               ; ---------------------------------------------------------------------------
001F27r 2               ; FnRightStr -- RIGHT$(s$, n): rightmost n chars.
001F27r 2               ; ---------------------------------------------------------------------------
001F27r 2               FnRightStr:
001F27r 2  20 rr rr             jsr     ChkOpn
001F2Ar 2  20 rr rr             jsr     FrmEvl
001F2Dr 2  20 rr rr             jsr     ChkStr
001F30r 2  20 rr rr             jsr     ChkCom
001F33r 2  20 rr rr             jsr     PushFac
001F36r 2  20 rr rr             jsr     FrmEvl
001F39r 2  20 rr rr             jsr     ChkNum
001F3Cr 2  20 rr rr             jsr     ChkCls
001F3Fr 2  20 rr rr             jsr     AyInt
001F42r 2  20 rr rr             jsr     PullArg                 ; ARG = string descriptor (BAS_TMP1 clobbered)
001F45r 2  A5 11                lda     FAC+3
001F47r 2  D0 1B                bne     @bad
001F49r 2  A5 12                lda     FAC+4
001F4Br 2  85 3B                sta     BAS_TMP1+1              ; n
001F4Dr 2                       ; Clamp n.
001F4Dr 2  A5 3B                lda     BAS_TMP1+1
001F4Fr 2  C5 16                cmp     ARG
001F51r 2  90 02                bcc     @ok
001F53r 2  A5 16                lda     ARG
001F55r 2               @ok:
001F55r 2  85 3B                sta     BAS_TMP1+1
001F57r 2                       ; offset = ARG - n.
001F57r 2  A5 16                lda     ARG
001F59r 2  38                   sec
001F5Ar 2  E5 3B                sbc     BAS_TMP1+1
001F5Cr 2  85 3A                sta     BAS_TMP1                ; start offset
001F5Er 2  20 rr rr             jsr     FreeArgString
001F61r 2  4C rr rr             jmp     SubstrCommon
001F64r 2               @bad:
001F64r 2  4C rr rr             jmp     IqErr
001F67r 2               
001F67r 2               ; ---------------------------------------------------------------------------
001F67r 2               ; FnMidStr -- MID$(s$, m [, n]): substring starting at m (1-based).
001F67r 2               ; ---------------------------------------------------------------------------
001F67r 2               FnMidStr:
001F67r 2  20 rr rr             jsr     ChkOpn
001F6Ar 2  20 rr rr             jsr     FrmEvl
001F6Dr 2  20 rr rr             jsr     ChkStr
001F70r 2  20 rr rr             jsr     ChkCom
001F73r 2  20 rr rr             jsr     PushFac
001F76r 2                       ; Read m.
001F76r 2  20 rr rr             jsr     FrmEvl
001F79r 2  20 rr rr             jsr     ChkNum
001F7Cr 2  20 rr rr             jsr     AyInt
001F7Fr 2  A5 11                lda     FAC+3
001F81r 2  D0 4B                bne     @bad
001F83r 2  A5 12                lda     FAC+4
001F85r 2  F0 47                beq     @bad                    ; m must be >= 1
001F87r 2  38                   sec
001F88r 2  E9 01                sbc     #1
001F8Ar 2  48                   pha                             ; offset = m-1; FrmEvl below would
001F8Br 2                                                       ; clobber BAS_TMP1, so park it here
001F8Br 2                       ; Optional ", n".
001F8Br 2  20 rr rr             jsr     ChrGot
001F8Er 2  C9 2C                cmp     #','
001F90r 2  F0 04                beq     @hasN
001F92r 2                       ; No n: take rest -> n = 255 (will clamp).
001F92r 2  A9 FF                lda     #255
001F94r 2  80 12                bra     @gotN
001F96r 2               @hasN:
001F96r 2  20 rr rr             jsr     ChrGet
001F99r 2  20 rr rr             jsr     FrmEvl
001F9Cr 2  20 rr rr             jsr     ChkNum
001F9Fr 2  20 rr rr             jsr     AyInt
001FA2r 2  A5 11                lda     FAC+3
001FA4r 2  D0 28                bne     @bad
001FA6r 2  A5 12                lda     FAC+4
001FA8r 2               @gotN:
001FA8r 2  85 3B                sta     BAS_TMP1+1
001FAAr 2  68                   pla
001FABr 2  85 3A                sta     BAS_TMP1
001FADr 2  20 rr rr             jsr     ChkCls
001FB0r 2  20 rr rr             jsr     PullArg                 ; ARG = string
001FB3r 2                       ; Clamp offset to length.
001FB3r 2  A5 3A                lda     BAS_TMP1
001FB5r 2  C5 16                cmp     ARG
001FB7r 2  90 04                bcc     @offOk
001FB9r 2  A5 16                lda     ARG                     ; offset = length -> empty result
001FBBr 2  85 3A                sta     BAS_TMP1
001FBDr 2               @offOk:
001FBDr 2                       ; Clamp n to (length - offset).
001FBDr 2  38                   sec
001FBEr 2  A5 16                lda     ARG
001FC0r 2  E5 3A                sbc     BAS_TMP1
001FC2r 2  C5 3B                cmp     BAS_TMP1+1
001FC4r 2  B0 02                bcs     @nOk
001FC6r 2  85 3B                sta     BAS_TMP1+1
001FC8r 2               @nOk:
001FC8r 2  20 rr rr             jsr     FreeArgString
001FCBr 2  4C rr rr             jmp     SubstrCommon
001FCEr 2               @bad:
001FCEr 2  4C rr rr             jmp     IqErr
001FD1r 2               
001FD1r 2               ; ---------------------------------------------------------------------------
001FD1r 2               ; SubstrCommon -- copy BAS_TMP1+1 bytes from ARG-string at offset BAS_TMP1
001FD1r 2               ; into a new heap allocation; result descriptor in FAC; PutNew.
001FD1r 2               ; ---------------------------------------------------------------------------
001FD1r 2               SubstrCommon:
001FD1r 2                       ; Allocate.
001FD1r 2  A5 3B                lda     BAS_TMP1+1
001FD3r 2  20 rr rr             jsr     GetSpa                  ; FRESPC = new buffer
001FD6r 2                       ; Source pointer = ARG+1 (lo/hi) + BAS_TMP1.
001FD6r 2  18                   clc
001FD7r 2  A5 17                lda     ARG+1
001FD9r 2  65 3A                adc     BAS_TMP1
001FDBr 2  85 20                sta     INDEX
001FDDr 2  A5 18                lda     ARG+2
001FDFr 2  69 00                adc     #0
001FE1r 2  85 21                sta     INDEX+1
001FE3r 2                       ; Copy BAS_TMP1+1 bytes from (INDEX) to (FRESPC).
001FE3r 2  A4 3B                ldy     BAS_TMP1+1
001FE5r 2  F0 0B                beq     @done
001FE7r 2  A0 00                ldy     #0
001FE9r 2               @cp:
001FE9r 2  B1 20                lda     (INDEX),y
001FEBr 2  91 84                sta     (FRESPC),y
001FEDr 2  C8                   iny
001FEEr 2  C4 3B                cpy     BAS_TMP1+1
001FF0r 2  D0 F7                bne     @cp
001FF2r 2               @done:
001FF2r 2                       ; Build descriptor.
001FF2r 2  A5 3B                lda     BAS_TMP1+1
001FF4r 2  85 0E                sta     FAC
001FF6r 2  A5 84                lda     FRESPC
001FF8r 2  85 0F                sta     FAC+1
001FFAr 2  A5 85                lda     FRESPC+1
001FFCr 2  85 10                sta     FAC+2
001FFEr 2                       ; Advance FRESPC by length consumed.
001FFEr 2  18                   clc
001FFFr 2  A5 84                lda     FRESPC
002001r 2  65 3B                adc     BAS_TMP1+1
002003r 2  85 84                sta     FRESPC
002005r 2  90 02                bcc     @nb
002007r 2  E6 85                inc     FRESPC+1
002009r 2               @nb:
002009r 2  4C rr rr             jmp     PutNew
00200Cr 2               
00200Cr 2               ; FreeArgString -- if ARG holds a temp string descriptor (most-recent
00200Cr 2               ; on TEMPST), pop just the descriptor.  Heap is left intact so callers
00200Cr 2               ; that still need the source bytes can copy them safely; orphaned heap
00200Cr 2               ; will be reclaimed by Garbag.
00200Cr 2               FreeArgString:
00200Cr 2  A5 19                lda     ARG+3                   ; descriptor address lo
00200Er 2  A4 1A                ldy     ARG+4                   ; descriptor address hi (always $00)
002010r 2  4C rr rr             jmp     FreTms
002013r 2               
002013r 2               ; Cleanup that releases both ARG's and FAC's temp descriptors (called from
002013r 2               ; CatStr after content has been stashed but before new allocation).
002013r 2               FreeBothTemps:
002013r 2                       ; Free FAC's temp first (it is currently LASTPT).
002013r 2  A5 11                lda     FAC+3
002015r 2  A4 12                ldy     FAC+4
002017r 2  20 rr rr             jsr     FreTms
00201Ar 2                       ; Then ARG's (now LASTPT after FAC's removal).
00201Ar 2  A5 19                lda     ARG+3
00201Cr 2  A4 1A                ldy     ARG+4
00201Er 2  4C rr rr             jmp     FreTms
002021r 2  60                   rts
002022r 2               
002022r 2               ; ===========================================================================
002022r 2               ;   E V A L U A T O R   -   B I N A R Y   O P E R A T O R   H E L P E R S
002022r 2               ; ===========================================================================
002022r 2               
002022r 2               ; ---------------------------------------------------------------------------
002022r 2               ; AndOp -- FAC = ARG AND FAC (bitwise on 16-bit signed ints).
002022r 2               ; ---------------------------------------------------------------------------
002022r 2               AndOp:
002022r 2  20 rr rr             jsr     AyInt                   ; FAC -> int (FAC+3=hi, FAC+4=lo)
002025r 2  A5 11                lda     FAC+3
002027r 2  85 3A                sta     BAS_TMP1                ; saved hi
002029r 2  A5 12                lda     FAC+4
00202Br 2  85 3B                sta     BAS_TMP1+1              ; saved lo
00202Dr 2  20 rr rr             jsr     CopyArgToFac
002030r 2  20 rr rr             jsr     AyInt
002033r 2  A5 12                lda     FAC+4
002035r 2  25 3B                and     BAS_TMP1+1
002037r 2  A8                   tay                             ; Y = lo result
002038r 2  A5 11                lda     FAC+3
00203Ar 2  25 3A                and     BAS_TMP1                ; A = hi result
00203Cr 2  4C rr rr             jmp     GivAyf
00203Fr 2               
00203Fr 2               ; ---------------------------------------------------------------------------
00203Fr 2               ; OrOp -- FAC = ARG OR FAC.
00203Fr 2               ; ---------------------------------------------------------------------------
00203Fr 2               OrOp:
00203Fr 2  20 rr rr             jsr     AyInt
002042r 2  A5 11                lda     FAC+3
002044r 2  85 3A                sta     BAS_TMP1                ; saved hi
002046r 2  A5 12                lda     FAC+4
002048r 2  85 3B                sta     BAS_TMP1+1              ; saved lo
00204Ar 2  20 rr rr             jsr     CopyArgToFac
00204Dr 2  20 rr rr             jsr     AyInt
002050r 2  A5 12                lda     FAC+4
002052r 2  05 3B                ora     BAS_TMP1+1
002054r 2  A8                   tay                             ; Y = lo
002055r 2  A5 11                lda     FAC+3
002057r 2  05 3A                ora     BAS_TMP1                ; A = hi
002059r 2  4C rr rr             jmp     GivAyf
00205Cr 2               
00205Cr 2               ; ---------------------------------------------------------------------------
00205Cr 2               ; NotOp -- FAC = NOT FAC (bitwise complement of 16-bit signed int).
00205Cr 2               ; ---------------------------------------------------------------------------
00205Cr 2               NotOp:
00205Cr 2  20 rr rr             jsr     AyInt
00205Fr 2  A5 12                lda     FAC+4
002061r 2  49 FF                eor     #$FF
002063r 2  A8                   tay                             ; Y = lo
002064r 2  A5 11                lda     FAC+3
002066r 2  49 FF                eor     #$FF                    ; A = hi
002068r 2  4C rr rr             jmp     GivAyf
00206Br 2               
00206Br 2               ; ---------------------------------------------------------------------------
00206Br 2               ; BasCmdLet -- minimal LET (assignment).  Entered with ChrGot returning
00206Br 2               ; the first letter of the variable name.  No `LET` keyword required.
00206Br 2               ; ---------------------------------------------------------------------------
00206Br 2               BasCmdLet:
00206Br 2  20 rr rr             jsr     PtrGet                  ; VARPNT, VALTYP set; TXTPTR past name
00206Er 2                       ; Save VARPNT and the variable's VALTYP across FrmEvl.
00206Er 2  A5 3F                lda     VARPNT
002070r 2  48                   pha
002071r 2  A5 40                lda     VARPNT+1
002073r 2  48                   pha
002074r 2  A5 64                lda     VALTYP
002076r 2  48                   pha
002077r 2  20 rr rr             jsr     ChrGot
00207Ar 2  C9 3D                cmp     #'='
00207Cr 2  D0 36                bne     @synErr
00207Er 2  20 rr rr             jsr     ChrGet
002081r 2  20 rr rr             jsr     FrmEvl
002084r 2  68                   pla                             ; saved variable VALTYP
002085r 2  85 3E                sta     BAS_TMP3
002087r 2  45 64                eor     VALTYP
002089r 2  30 2F                bmi     @typeErr
00208Br 2  68                   pla
00208Cr 2  85 40                sta     VARPNT+1
00208Er 2  68                   pla
00208Fr 2  85 3F                sta     VARPNT
002091r 2  24 3E                bit     BAS_TMP3
002093r 2  30 07                bmi     @storeStr
002095r 2                       ; Numeric: store FAC into (VARPNT) (5 bytes).
002095r 2  A6 3F                ldx     VARPNT
002097r 2  A4 40                ldy     VARPNT+1
002099r 2  4C rr rr             jmp     StoreFacAtYxRounded
00209Cr 2               @storeStr:
00209Cr 2  A0 00                ldy     #0
00209Er 2  A5 0E                lda     FAC
0020A0r 2  91 3F                sta     (VARPNT),y
0020A2r 2  C8                   iny
0020A3r 2  A5 0F                lda     FAC+1
0020A5r 2  91 3F                sta     (VARPNT),y
0020A7r 2  C8                   iny
0020A8r 2  A5 10                lda     FAC+2
0020AAr 2  91 3F                sta     (VARPNT),y
0020ACr 2                       ; If the RHS was a temporary string (StrLt2/PutNew pushed it and left
0020ACr 2                       ; its descriptor address in FAC+3/FAC+4 == LASTPT), pop it now that
0020ACr 2                       ; the variable owns the heap copy.  Pop only (FreTms), never FreFac --
0020ACr 2                       ; reclaiming would free the string we just stored.  For a plain
0020ACr 2                       ; variable RHS, @loadStr set FAC+3/FAC+4 to that variable's address
0020ACr 2                       ; (nonzero high byte), which cannot match a temp slot, so FreTms is a
0020ACr 2                       ; no-op.  Without this, >3 consecutive string LETs leak the 3-slot
0020ACr 2                       ; temp stack (?FORMULA TOO COMPLEX).
0020ACr 2  A5 11                lda     FAC+3
0020AEr 2  A4 12                ldy     FAC+4
0020B0r 2  20 rr rr             jsr     FreTms
0020B3r 2  60                   rts
0020B4r 2               @synErr:
0020B4r 2  68                   pla
0020B5r 2  68                   pla
0020B6r 2  68                   pla
0020B7r 2  4C rr rr             jmp     SynErr
0020BAr 2               @typeErr:
0020BAr 2  68                   pla
0020BBr 2  68                   pla
0020BCr 2  A2 08                ldx     #ERR_TYPEMISM
0020BEr 2  4C rr rr             jmp     BasErrorVec
0020C1r 2               
0020C1r 2               ; =============================================================================
0020C1r 2               ;   C O N T R O L   F L O W   /   S T A T E M E N T   L O O P
0020C1r 2               ;
0020C1r 2               ;   BasNewstt drives execution for both direct mode (TXTPTR in BAS_TOKBUF)
0020C1r 2               ;   and run mode (TXTPTR walks program lines from BAS_TXTTAB).  Statement
0020C1r 2               ;   dispatch follows the msbasic convention: push (routine_addr - 1) and
0020C1r 2               ;   tail-jump through ChrGet, so the routine entry is reached via RTS.
0020C1r 2               ;
0020C1r 2               ;   FOR and GOSUB store frames on the CPU stack and JMP back to BasNewstt;
0020C1r 2               ;   NEXT and RETURN scan the stack for a matching tag, then TXS to discard
0020C1r 2               ;   the frame and resume.
0020C1r 2               ; =============================================================================
0020C1r 2               
0020C1r 2               NUM_STMT_TOKENS = TOK_MEM + 1 - TOK_BASE       ; $36 entries
0020C1r 2               
0020C1r 2               BasNewstt:
0020C1r 2  20 rr rr             jsr     BasCheckBreak
0020C4r 2                       ; Save TXTPTR -> OLDTEXT for CONT, except in direct mode.
0020C4r 2  AD 6A 03             lda     BAS_CURLIN+1
0020C7r 2  C9 FF                cmp     #$FF
0020C9r 2  F0 0E                beq     @noSave
0020CBr 2  A5 04                lda     TXTPTR
0020CDr 2  8D 6D 03             sta     BAS_OLDTEXT
0020D0r 2  A5 05                lda     TXTPTR+1
0020D2r 2  8D 6E 03             sta     BAS_OLDTEXT+1
0020D5r 2                       ; And the stack depth this statement starts at: FOR and GOSUB frames
0020D5r 2                       ; are below it, anything a statement pushes is above.  A break restores
0020D5r 2                       ; SP to here, so the frames survive it and the half-finished statement
0020D5r 2                       ; does not -- which is what lets CONT resume inside a loop.  Recorded
0020D5r 2                       ; only in run mode: a direct-mode line must not move the baseline it is
0020D5r 2                       ; itself being run from.
0020D5r 2  BA                   tsx
0020D6r 2  8E 75 03             stx     BAS_STKBASE
0020D9r 2               @noSave:
0020D9r 2  A0 00                ldy     #0
0020DBr 2  B1 04                lda     (TXTPTR),y
0020DDr 2  F0 10                beq     @endLine
0020DFr 2  C9 A4                cmp     #TOK_ELSE
0020E1r 2  F0 07                beq     @skipElse               ; THEN-branch ran; skip ELSE clause to EOL
0020E3r 2  C9 3A                cmp     #':'
0020E5r 2  F0 37                beq     @nextStmt
0020E7r 2  4C rr rr             jmp     SynErr
0020EAr 2               @skipElse:
0020EAr 2                       ; Advance TXTPTR until we land on a $00 terminator.
0020EAr 2               @skLoop:
0020EAr 2  20 rr rr             jsr     ChrGet
0020EDr 2  D0 FB                bne     @skLoop
0020EFr 2                       ; Fall through to @endLine with TXTPTR at $00.
0020EFr 2               @endLine:
0020EFr 2                       ; Direct mode: end of buffer -> back to REPL.
0020EFr 2  AD 6A 03             lda     BAS_CURLIN+1
0020F2r 2  C9 FF                cmp     #$FF
0020F4r 2  D0 03                bne     @walkNext
0020F6r 2  4C rr rr             jmp     BasReadyLoop            ; OK is printed by BasReadyLoop
0020F9r 2               @walkNext:
0020F9r 2                       ; Run mode: examine next-pointer at offsets +1,+2.
0020F9r 2  A0 02                ldy     #2
0020FBr 2  B1 04                lda     (TXTPTR),y
0020FDr 2  D0 09                bne     @loadLine               ; nonzero hi -> next line exists
0020FFr 2                       ; End of program -> halt and return to REPL.  The program ran off its
0020FFr 2                       ; last line rather than stopping, so its frames are finished with.
0020FFr 2  A2 FF                ldx     #$FF
002101r 2  9A                   txs
002102r 2  8E 75 03             stx     BAS_STKBASE
002105r 2  4C rr rr             jmp     BasReadyLoop
002108r 2               @loadLine:
002108r 2  C8                   iny                             ; y=3
002109r 2  B1 04                lda     (TXTPTR),y
00210Br 2  8D 69 03             sta     BAS_CURLIN
00210Er 2  C8                   iny                             ; y=4
00210Fr 2  B1 04                lda     (TXTPTR),y
002111r 2  8D 6A 03             sta     BAS_CURLIN+1
002114r 2  98                   tya                             ; A=4
002115r 2  18                   clc
002116r 2  65 04                adc     TXTPTR
002118r 2  85 04                sta     TXTPTR
00211Ar 2  90 02                bcc     @nextStmt
00211Cr 2  E6 05                inc     TXTPTR+1
00211Er 2               @nextStmt:
00211Er 2  20 rr rr             jsr     ChrGet
002121r 2  20 rr rr             jsr     BasExecuteStatement
002124r 2  4C rr rr             jmp     BasNewstt
002127r 2               
002127r 2               ; ---------------------------------------------------------------------------
002127r 2               ; BasExecuteStatement -- A = current tokenized byte (loaded by ChrGet).
002127r 2               ;   * A = 0  -> RTS (no-op; end of statement chain).
002127r 2               ;   * A < $80 (letter) -> JMP BasCmdLet.
002127r 2               ;   * A is a statement token ($80..TOK_MEM) -> dispatch via BasTokenAddrTbl.
002127r 2               ;   * Otherwise -> ?SYNTAX ERROR.
002127r 2               ; ---------------------------------------------------------------------------
002127r 2               BasExecuteStatement:
002127r 2  F0 30                beq     @ret
002129r 2  38                   sec
00212Ar 2  E9 80                sbc     #TOK_BASE
00212Cr 2  90 25                bcc     @doLet
00212Er 2  C9 36                cmp     #NUM_STMT_TOKENS
002130r 2  B0 0D                bcs     @ext
002132r 2  0A                   asl     a
002133r 2  A8                   tay
002134r 2  B9 rr rr             lda     BasTokenAddrTbl+1,y
002137r 2  48                   pha
002138r 2  B9 rr rr             lda     BasTokenAddrTbl,y
00213Br 2  48                   pha
00213Cr 2  4C rr rr             jmp     ChrGet
00213Fr 2               @ext:
00213Fr 2                       ; Extended statement tokens DISK through NVERASE ($D1-$DF),
00213Fr 2                       ; dispatched through BasExtAddrTbl.
00213Fr 2  38                   sec
002140r 2  E9 51                sbc     #(TOK_DISK - TOK_BASE)
002142r 2  C9 0F                cmp     #(TOK_NVERASE + 1 - TOK_DISK)
002144r 2  B0 10                bcs     @synErr
002146r 2  0A                   asl     a
002147r 2  A8                   tay
002148r 2  B9 rr rr             lda     BasExtAddrTbl+1,y
00214Br 2  48                   pha
00214Cr 2  B9 rr rr             lda     BasExtAddrTbl,y
00214Fr 2  48                   pha
002150r 2  4C rr rr             jmp     ChrGet
002153r 2               @doLet:
002153r 2  4C rr rr             jmp     BasCmdLet
002156r 2               @synErr:
002156r 2  4C rr rr             jmp     SynErr
002159r 2               @ret:
002159r 2  60                   rts
00215Ar 2               
00215Ar 2               ; ---------------------------------------------------------------------------
00215Ar 2               ; BasCheckBreak -- poll input buffer for Ctrl-C / ESC.  On break, save
00215Ar 2               ; CONT context and bounce to REPL.  Other keys are stashed in BAS_PENDKEY
00215Ar 2               ; for INKEY to retrieve.
00215Ar 2               ; ---------------------------------------------------------------------------
00215Ar 2               BasCheckBreak:
00215Ar 2                       ; In direct mode (CURLIN hi == $FF) skip the break check entirely;
00215Ar 2                       ; otherwise we would drain pending REPL keystrokes and corrupt the
00215Ar 2                       ; next BasReadLine input.  Break is only meaningful while RUNning.
00215Ar 2  AD 6A 03             lda     BAS_CURLIN+1
00215Dr 2  C9 FF                cmp     #$FF
00215Fr 2  F0 13                beq     @no
002161r 2  20 rr rr             jsr     BufferSize
002164r 2  F0 0E                beq     @no
002166r 2  20 rr rr             jsr     ReadBuffer
002169r 2  C9 03                cmp     #$03
00216Br 2  F0 08                beq     @break
00216Dr 2  C9 1B                cmp     #$1B
00216Fr 2  F0 04                beq     @break
002171r 2  8D 0E 03             sta     BAS_PENDKEY
002174r 2               @no:
002174r 2  60                   rts
002175r 2               @break:
002175r 2                       ; OLDLIN/OLDTEXT already track the executing line.  Make sure the
002175r 2                       ; saved values reflect the current line so CONT can resume.
002175r 2  AD 69 03             lda     BAS_CURLIN
002178r 2  8D 6B 03             sta     BAS_OLDLIN
00217Br 2  AD 6A 03             lda     BAS_CURLIN+1
00217Er 2  8D 6C 03             sta     BAS_OLDLIN+1
002181r 2  AE 75 03             ldx     BAS_STKBASE             ; Back to the statement boundary, not to
002184r 2  9A                   txs                             ;   an empty stack: the loop this broke
002185r 2                                                       ;   out of is meant to still be there
002185r 2  20 rr rr             jsr     BasTextCRLF
002188r 2  A9 rr                lda     #<MsgBreak
00218Ar 2  A0 rr                ldy     #>MsgBreak
00218Cr 2  20 rr rr             jsr     BasPrintStr
00218Fr 2  4C rr rr             jmp     BasStopAtLine
002192r 2               
002192r 2  42 52 45 41  MsgBreak: .byte "BREAK",0
002196r 2  4B 00        
002198r 2               
002198r 2               ; ---------------------------------------------------------------------------
002198r 2               ; LinGet -- parse decimal digits at TXTPTR into BAS_LINNUM (16-bit).
002198r 2               ; Caller has set carry conditions appropriate to ChrGet entry.  TXTPTR
002198r 2               ; ends pointing at the first non-digit.
002198r 2               ; ---------------------------------------------------------------------------
002198r 2               LinGet:
002198r 2  A2 00                ldx     #0
00219Ar 2  86 08                stx     BAS_LINNUM
00219Cr 2  86 09                stx     BAS_LINNUM+1
00219Er 2               @loop:
00219Er 2  B0 3A                bcs     @done
0021A0r 2  E9 2F                sbc     #$2F                    ; carry already set
0021A2r 2  85 44                sta     CHARAC
0021A4r 2                       ; LINNUM *= 10
0021A4r 2  A5 08                lda     BAS_LINNUM
0021A6r 2  85 3A                sta     BAS_TMP1
0021A8r 2  A5 09                lda     BAS_LINNUM+1
0021AAr 2  85 3B                sta     BAS_TMP1+1
0021ACr 2  C9 19                cmp     #$19
0021AEr 2  B0 2B                bcs     @ovf
0021B0r 2  06 08                asl     BAS_LINNUM
0021B2r 2  26 09                rol     BAS_LINNUM+1
0021B4r 2  06 08                asl     BAS_LINNUM
0021B6r 2  26 09                rol     BAS_LINNUM+1
0021B8r 2  18                   clc
0021B9r 2  A5 08                lda     BAS_LINNUM
0021BBr 2  65 3A                adc     BAS_TMP1
0021BDr 2  85 08                sta     BAS_LINNUM
0021BFr 2  A5 09                lda     BAS_LINNUM+1
0021C1r 2  65 3B                adc     BAS_TMP1+1
0021C3r 2  85 09                sta     BAS_LINNUM+1
0021C5r 2  06 08                asl     BAS_LINNUM
0021C7r 2  26 09                rol     BAS_LINNUM+1
0021C9r 2  18                   clc
0021CAr 2  A5 08                lda     BAS_LINNUM
0021CCr 2  65 44                adc     CHARAC
0021CEr 2  85 08                sta     BAS_LINNUM
0021D0r 2  90 02                bcc     @nextDigit
0021D2r 2  E6 09                inc     BAS_LINNUM+1
0021D4r 2               @nextDigit:
0021D4r 2  20 rr rr             jsr     ChrGet
0021D7r 2  4C rr rr             jmp     @loop
0021DAr 2               @done:
0021DAr 2  60                   rts
0021DBr 2               @ovf:
0021DBr 2  A2 00                ldx     #ERR_SYNTAX
0021DDr 2  4C rr rr             jmp     BasErrorVec
0021E0r 2               
0021E0r 2               ; ---------------------------------------------------------------------------
0021E0r 2               ; FndLin -- find program line whose number matches BAS_LINNUM.
0021E0r 2               ;   On success: carry SET, BAS_TMP1 (LOWTR alias) = address of line.
0021E0r 2               ;   On failure: carry CLEAR, BAS_TMP1 = address where line would belong.
0021E0r 2               ; ---------------------------------------------------------------------------
0021E0r 2               FndLin:
0021E0r 2  AD 5D 03             lda     BAS_TXTTAB
0021E3r 2  AE 5E 03             ldx     BAS_TXTTAB+1
0021E6r 2               @walk:
0021E6r 2  85 3A                sta     BAS_TMP1
0021E8r 2  86 3B                stx     BAS_TMP1+1
0021EAr 2  A0 01                ldy     #1
0021ECr 2  B1 3A                lda     (BAS_TMP1),y
0021EEr 2  F0 20                beq     @notFound               ; next-hi=0 -> end of program
0021F0r 2  A0 03                ldy     #3                      ; line-num-lo offset
0021F2r 2  A5 09                lda     BAS_LINNUM+1
0021F4r 2  D1 3A                cmp     (BAS_TMP1),y            ; compare hi byte at +3? need iny
0021F6r 2                       ; Actually format: +0 next-lo, +1 next-hi, +2 num-lo, +3 num-hi
0021F6r 2  90 18                bcc     @notFound               ; LINNUM-hi < line-hi -> miss
0021F8r 2  D0 09                bne     @advance                ; LINNUM-hi > line-hi -> next line
0021FAr 2  88                   dey                             ; y=2 = num-lo
0021FBr 2  A5 08                lda     BAS_LINNUM
0021FDr 2  D1 3A                cmp     (BAS_TMP1),y
0021FFr 2  90 0F                bcc     @notFound
002201r 2  F0 0F                beq     @found
002203r 2               @advance:
002203r 2  A0 00                ldy     #0
002205r 2  B1 3A                lda     (BAS_TMP1),y
002207r 2  48                   pha
002208r 2  A0 01                ldy     #1
00220Ar 2  B1 3A                lda     (BAS_TMP1),y
00220Cr 2  AA                   tax
00220Dr 2  68                   pla
00220Er 2  B0 D6                bcs     @walk                   ; carry=1 means continue (always)
002210r 2               @notFound:
002210r 2  18                   clc
002211r 2  60                   rts
002212r 2               @found:
002212r 2  38                   sec
002213r 2  60                   rts
002214r 2               
002214r 2               ; ---------------------------------------------------------------------------
002214r 2               ; BasCmdGoto -- TXTPTR points at line-number digits.
002214r 2               ; ---------------------------------------------------------------------------
002214r 2               BasCmdGoto:
002214r 2  20 rr rr             jsr     LinGet
002217r 2  20 rr rr             jsr     BasRemn                 ; skip remainder of statement
00221Ar 2  20 rr rr             jsr     FndLin
00221Dr 2  90 0E                bcc     @undef
00221Fr 2                       ; LOWTR (BAS_TMP1) = target line addr.  TXTPTR = LOWTR - 1
00221Fr 2                       ; (so NEWSTT sees the previous line's $00 terminator at offset 0).
00221Fr 2  38                   sec
002220r 2  A5 3A                lda     BAS_TMP1
002222r 2  E9 01                sbc     #1
002224r 2  85 04                sta     TXTPTR
002226r 2  A5 3B                lda     BAS_TMP1+1
002228r 2  E9 00                sbc     #0
00222Ar 2  85 05                sta     TXTPTR+1
00222Cr 2  60                   rts
00222Dr 2               @undef:
00222Dr 2  A2 03                ldx     #ERR_UNDEFSTMT
00222Fr 2  4C rr rr             jmp     BasErrorVec
002232r 2               
002232r 2               ; ---------------------------------------------------------------------------
002232r 2               ; BasCmdGosub -- push 5-byte frame on stack, then GOTO target.
002232r 2               ; Frame layout (top-down): [tag $8C][CURLIN-lo][CURLIN-hi][TXTPTR-lo][TXTPTR-hi]
002232r 2               ; ---------------------------------------------------------------------------
002232r 2               BasCmdGosub:
002232r 2                       ; Refuse to nest deeper than page 1 can hold.  msbasic guards every
002232r 2                       ; stack-frame push with GETSTK; this is that check specialised to
002232r 2                       ; GOSUB's fixed frame (msbasic's `LDA #3 : JSR GETSTK`, i.e. 3*2
002232r 2                       ; bytes of frame plus GETSTK's $3E-byte margin for the interpreter's
002232r 2                       ; own JSR nesting inside the subroutine).  Without it the frames run
002232r 2                       ; off the bottom of the stack and corrupt page 1 instead of raising
002232r 2                       ; an error.
002232r 2  BA                   tsx
002233r 2  E0 44                cpx     #GOSUB_STACK_MIN
002235r 2  90 1A                bcc     @outOfMemory
002237r 2  A5 05                lda     TXTPTR+1
002239r 2  48                   pha
00223Ar 2  A5 04                lda     TXTPTR
00223Cr 2  48                   pha
00223Dr 2  AD 6A 03             lda     BAS_CURLIN+1
002240r 2  48                   pha
002241r 2  AD 69 03             lda     BAS_CURLIN
002244r 2  48                   pha
002245r 2  A9 8C                lda     #TOK_GOSUB
002247r 2  48                   pha
002248r 2  20 rr rr             jsr     ChrGot
00224Br 2  20 rr rr             jsr     BasCmdGoto
00224Er 2  4C rr rr             jmp     BasNewstt
002251r 2               @outOfMemory:
002251r 2  A9 02                lda     #ERR_OUTOFMEM
002253r 2  4C rr rr             jmp     BasError
002256r 2               
002256r 2               ; ---------------------------------------------------------------------------
002256r 2               ; BasCmdReturn -- locate GOSUB frame on stack and resume at saved TXTPTR.
002256r 2               ; Per msbasic: scan the CPU stack from SP+5 (skipping return-routine's caller
002256r 2               ; return + this scan's own JSR return).  RTS at end pops the leaked
002256r 2               ; EXEC-return that GOSUB left behind.
002256r 2               ; ---------------------------------------------------------------------------
002256r 2               BasCmdReturn:
002256r 2  20 rr rr             jsr     GtForPnt
002259r 2                       ; X now points to the slot just BELOW a frame tag (or end of stack).
002259r 2  9A                   txs
00225Ar 2  C9 8C                cmp     #TOK_GOSUB
00225Cr 2  F0 05                beq     @ok
00225Er 2  A2 0C                ldx     #ERR_RG
002260r 2  4C rr rr             jmp     BasErrorVec
002263r 2               @ok:
002263r 2  68                   pla                             ; tag (already in A, this discards)
002264r 2  68                   pla
002265r 2  8D 69 03             sta     BAS_CURLIN
002268r 2  68                   pla
002269r 2  8D 6A 03             sta     BAS_CURLIN+1
00226Cr 2  68                   pla
00226Dr 2  85 04                sta     TXTPTR
00226Fr 2  68                   pla
002270r 2  85 05                sta     TXTPTR+1
002272r 2                       ; Skip remainder of GOSUB-target statement (DATAN-style).
002272r 2  20 rr rr             jsr     BasDatan
002275r 2                       ; Advance TXTPTR by Y (number of bytes to terminator).
002275r 2  98                   tya
002276r 2  18                   clc
002277r 2  65 04                adc     TXTPTR
002279r 2  85 04                sta     TXTPTR
00227Br 2  90 02                bcc     @noinc
00227Dr 2  E6 05                inc     TXTPTR+1
00227Fr 2               @noinc:
00227Fr 2  60                   rts
002280r 2               
002280r 2               ; ---------------------------------------------------------------------------
002280r 2               ; GtForPnt -- scan CPU stack for FOR/GOSUB frames.
002280r 2               ;   On entry: BAS_FORPNT (FORPNT) = $FFxx for "match any tag".
002280r 2               ;   Returns: X = stack pointer where the matching frame's tag-1 lives,
002280r 2               ;            A = tag byte found (or 0 if end-of-stack).  Z=1 if found tag,
002280r 2               ;            Z=0 (A=0) if no frame found.
002280r 2               ; ---------------------------------------------------------------------------
002280r 2               GtForPnt:
002280r 2  BA                   tsx
002281r 2  E8                   inx
002282r 2  E8                   inx
002283r 2  E8                   inx
002284r 2  E8                   inx
002285r 2               @scan:
002285r 2  BD 01 01             lda     $0101,x                 ; tag candidate
002288r 2  C9 81                cmp     #TOK_FOR
00228Ar 2  D0 25                bne     @notFor
00228Cr 2                       ; Compare frame's variable address to FORPNT.
00228Cr 2  A5 47                lda     BAS_FORPNT+1
00228Er 2  D0 0A                bne     @skipVar                ; FORPNT+1 = $FF -> skip variable test
002290r 2  BD 02 01             lda     $0102,x
002293r 2  85 46                sta     BAS_FORPNT
002295r 2  BD 03 01             lda     $0103,x
002298r 2  85 47                sta     BAS_FORPNT+1
00229Ar 2               @skipVar:
00229Ar 2  DD 03 01             cmp     $0103,x
00229Dr 2  D0 07                bne     @advance
00229Fr 2  A5 46                lda     BAS_FORPNT
0022A1r 2  DD 02 01             cmp     $0102,x
0022A4r 2  F0 13                beq     @found
0022A6r 2               @advance:
0022A6r 2  8A                   txa
0022A7r 2  18                   clc
0022A8r 2  69 12                adc     #18                     ; BYTES_PER_FRAME (FOR)
0022AAr 2  AA                   tax
0022ABr 2  D0 D8                bne     @scan
0022ADr 2                       ; Walked off stack
0022ADr 2  A9 00                lda     #0
0022AFr 2  18                   clc                             ; not found
0022B0r 2  60                   rts
0022B1r 2               @notFor:
0022B1r 2  C9 8C                cmp     #TOK_GOSUB
0022B3r 2  F0 04                beq     @found
0022B5r 2  A9 00                lda     #0
0022B7r 2  18                   clc                             ; not found
0022B8r 2  60                   rts
0022B9r 2               @found:
0022B9r 2  38                   sec                             ; found; A still holds the tag or FORPNT
0022BAr 2  60                   rts
0022BBr 2               
0022BBr 2               ; ---------------------------------------------------------------------------
0022BBr 2               ; BasRemn -- scan TXTPTR forward to next ':' or end-of-line.
0022BBr 2               ; Sets Y to byte offset of terminator from current TXTPTR.  Honours quotes.
0022BBr 2               ; ---------------------------------------------------------------------------
0022BBr 2               BasDatan:
0022BBr 2  A2 3A                ldx     #':'
0022BDr 2  2C                   .byte   $2C                     ; BIT abs absorbs next 2-byte LDX
0022BEr 2               BasRemn:
0022BEr 2  A2 00                ldx     #0
0022C0r 2  86 44                stx     CHARAC
0022C2r 2  A0 00                ldy     #0
0022C4r 2  84 6A                sty     ENDCHR
0022C6r 2               @swap:
0022C6r 2  A5 6A                lda     ENDCHR
0022C8r 2  A6 44                ldx     CHARAC
0022CAr 2  85 44                sta     CHARAC
0022CCr 2  86 6A                stx     ENDCHR
0022CEr 2               @scan:
0022CEr 2  B1 04                lda     (TXTPTR),y
0022D0r 2  F0 0B                beq     @done
0022D2r 2  C5 6A                cmp     ENDCHR
0022D4r 2  F0 07                beq     @done
0022D6r 2  C8                   iny
0022D7r 2  C9 22                cmp     #'"'
0022D9r 2  F0 EB                beq     @swap
0022DBr 2  D0 F1                bne     @scan
0022DDr 2               @done:
0022DDr 2  60                   rts
0022DEr 2               
0022DEr 2               ; ---------------------------------------------------------------------------
0022DEr 2               ; Statement: REM -- skip to end of line.
0022DEr 2               ; Statement: DATA -- treated like REM at execution time (just skip).
0022DEr 2               ; ---------------------------------------------------------------------------
0022DEr 2               BasCmdRem:
0022DEr 2  20 rr rr             jsr     BasRemn
0022E1r 2  80 03                bra     BasAddon
0022E3r 2               BasCmdData:
0022E3r 2  20 rr rr             jsr     BasDatan
0022E6r 2               BasAddon:
0022E6r 2  98                   tya
0022E7r 2  18                   clc
0022E8r 2  65 04                adc     TXTPTR
0022EAr 2  85 04                sta     TXTPTR
0022ECr 2  90 02                bcc     @done
0022EEr 2  E6 05                inc     TXTPTR+1
0022F0r 2               @done:
0022F0r 2  60                   rts
0022F1r 2               
0022F1r 2               ; ---------------------------------------------------------------------------
0022F1r 2               ; Statement: IF expr THEN (linenum | stmt) [ELSE stmt]
0022F1r 2               ;   IF expr GOTO linenum is also accepted.
0022F1r 2               ;   If expr is false, skip rest of line (REM-style).
0022F1r 2               ;   ELSE: scan ahead for TOK_ELSE on this line.
0022F1r 2               ; ---------------------------------------------------------------------------
0022F1r 2               BasCmdIf:
0022F1r 2  20 rr rr             jsr     FrmEvl
0022F4r 2  20 rr rr             jsr     ChrGot
0022F7r 2  C9 88                cmp     #TOK_GOTO
0022F9r 2  F0 05                beq     @testTrue
0022FBr 2  A9 9F                lda     #TOK_THEN
0022FDr 2  20 rr rr             jsr     SynChr
002300r 2               @testTrue:
002300r 2  A5 0E                lda     FAC
002302r 2  D0 1E                bne     @true
002304r 2                       ; FALSE: scan to end-of-line OR a TOK_ELSE; if ELSE found, advance
002304r 2                       ; TXTPTR past it and resume execution there.
002304r 2  A0 00                ldy     #0
002306r 2               @searchElse:
002306r 2  B1 04                lda     (TXTPTR),y
002308r 2  F0 07                beq     @noElse
00230Ar 2  C9 A4                cmp     #TOK_ELSE
00230Cr 2  F0 09                beq     @gotElse
00230Er 2  C8                   iny
00230Fr 2  D0 F5                bne     @searchElse
002311r 2               @noElse:
002311r 2                       ; Skip remainder of line (no ELSE).
002311r 2  20 rr rr             jsr     BasRemn
002314r 2  4C rr rr             jmp     BasAddon
002317r 2               @gotElse:
002317r 2                       ; Advance TXTPTR past ELSE token, then run the ELSE branch as a
002317r 2                       ; statement.  Falling through to @true's tail is deliberate: the
002317r 2                       ; branch after ELSE is dispatched exactly like the one after THEN,
002317r 2                       ; so `ELSE <linenum>` is an implicit GOTO too.  Returning here
002317r 2                       ; instead would leave TXTPTR mid-statement and the interpreter loop
002317r 2                       ; would report ?SYNTAX ERROR.
002317r 2  C8                   iny
002318r 2  98                   tya
002319r 2  18                   clc
00231Ar 2  65 04                adc     TXTPTR
00231Cr 2  85 04                sta     TXTPTR
00231Er 2  90 02                bcc     @true
002320r 2  E6 05                inc     TXTPTR+1
002322r 2               @true:
002322r 2                       ; TRUE: if next is a digit, IF expr THEN <linenum> -> implicit GOTO.
002322r 2  20 rr rr             jsr     ChrGot
002325r 2  90 03                bcc     @goto                   ; carry CLEAR -> digit
002327r 2                       ; Otherwise dispatch as a statement (msbasic: jmp EXECUTE_STATEMENT).
002327r 2  4C rr rr             jmp     BasExecuteStatement
00232Ar 2               @goto:
00232Ar 2  4C rr rr             jmp     BasCmdGoto
00232Dr 2               
00232Dr 2               ; ---------------------------------------------------------------------------
00232Dr 2               ; Statement: ON expr GOTO/GOSUB linenum,linenum,...
00232Dr 2               ; ---------------------------------------------------------------------------
00232Dr 2               BasCmdOn:
00232Dr 2  20 rr rr             jsr     GetByt                  ; X = expr byte (1..255)
002330r 2  48                   pha                             ; save GOTO/GOSUB token byte
002331r 2  C9 8C                cmp     #TOK_GOSUB
002333r 2  F0 04                beq     @loop
002335r 2  C9 88                cmp     #TOK_GOTO
002337r 2  D0 14                bne     @synErr
002339r 2               @loop:
002339r 2  C6 12                dec     FAC+4
00233Br 2  D0 04                bne     @next
00233Dr 2  68                   pla
00233Er 2                       ; Re-dispatch through statement table so trampoline ChrGet skips the
00233Er 2                       ; current separator (',' or 0) before the GOTO/GOSUB handler runs.
00233Er 2  4C rr rr             jmp     BasExecuteStatement
002341r 2               @next:
002341r 2  20 rr rr             jsr     ChrGet
002344r 2  20 rr rr             jsr     LinGet
002347r 2  C9 2C                cmp     #','
002349r 2  F0 EE                beq     @loop
00234Br 2  68                   pla
00234Cr 2  60                   rts
00234Dr 2               @synErr:
00234Dr 2  68                   pla
00234Er 2  4C rr rr             jmp     SynErr
002351r 2               
002351r 2               ; ---------------------------------------------------------------------------
002351r 2               ; GetByt / GtByteCom -- evaluate expression in TXTPTR to byte 0..255 in X.
002351r 2               ;   GetByt: TXTPTR is at first byte of expression.
002351r 2               ;   GtByteCom: consume comma first.
002351r 2               ; ---------------------------------------------------------------------------
002351r 2               GtByteCom:
002351r 2  20 rr rr             jsr     ChrGet
002354r 2               GetByt:
002354r 2  20 rr rr             jsr     FrmNum
002357r 2  20 rr rr             jsr     MkInt
00235Ar 2  A6 11                ldx     FAC+3
00235Cr 2  D0 05                bne     @ovf
00235Er 2  A6 12                ldx     FAC+4
002360r 2  4C rr rr             jmp     ChrGot
002363r 2               @ovf:
002363r 2  4C rr rr             jmp     IqErr
002366r 2               
002366r 2               ; ---------------------------------------------------------------------------
002366r 2               ; Statement: RUN [linenum]
002366r 2               ; ---------------------------------------------------------------------------
002366r 2               BasCmdRun:
002366r 2  20 rr rr             jsr     ChrGot
002369r 2  D0 21                bne     @withLine
00236Br 2  20 rr rr             jsr     BasCmdClr
00236Er 2                       ; Set TXTPTR = TXTTAB - 1 ; ensure that byte = 0.
00236Er 2  38                   sec
00236Fr 2  AD 5D 03             lda     BAS_TXTTAB
002372r 2  E9 01                sbc     #1
002374r 2  85 04                sta     TXTPTR
002376r 2  AD 5E 03             lda     BAS_TXTTAB+1
002379r 2  E9 00                sbc     #0
00237Br 2  85 05                sta     TXTPTR+1
00237Dr 2                       ; Force the byte at TXTTAB-1 to be zero so NEWSTT walks the chain.
00237Dr 2  A9 00                lda     #0
00237Fr 2  A0 00                ldy     #0
002381r 2  91 04                sta     (TXTPTR),y
002383r 2                       ; Leave direct-mode (CURLIN+1=$FF); @loadLine will set real value.
002383r 2  9C 69 03             stz     BAS_CURLIN
002386r 2  9C 6A 03             stz     BAS_CURLIN+1
002389r 2                       ; Straight back into the statement loop rather than RTS, as msbasic's
002389r 2                       ; RUN does: CLR above has just reset the stack, so the return address
002389r 2                       ; this was dispatched with is no longer on it -- which is the point.  A
002389r 2                       ; program that starts on top of a suspended one's FOR frames is a
002389r 2                       ; program whose first NEXT can find the wrong loop.
002389r 2  4C rr rr             jmp     BasNewstt
00238Cr 2               @withLine:
00238Cr 2  20 rr rr             jsr     BasCmdClr
00238Fr 2  20 rr rr             jsr     ChrGot
002392r 2  20 rr rr             jsr     BasCmdGoto              ; does not return if the line is undefined
002395r 2                       ; Leave direct mode, exactly as the bare RUN path above does.
002395r 2                       ; BasCmdGoto only moves TXTPTR; while CURLIN+1 is still $FF, BasNewstt
002395r 2                       ; treats the branch target as an immediate-mode statement and returns
002395r 2                       ; to the READY loop after it -- so `RUN 20` printed nothing at all.
002395r 2                       ; Set after the branch, not before, so an undefined line still reports
002395r 2                       ; `?UNDEF'D STATEMENT ERROR` with no spurious `IN 0` line number.
002395r 2  9C 69 03             stz     BAS_CURLIN
002398r 2  9C 6A 03             stz     BAS_CURLIN+1
00239Br 2  4C rr rr             jmp     BasNewstt               ; as the bare path above: CLR reset the
00239Er 2                                                       ;   stack this was dispatched from
00239Er 2               
00239Er 2               ; ---------------------------------------------------------------------------
00239Er 2               ; Statement: END / STOP -- save CONT context and return to REPL.
00239Er 2               ; ---------------------------------------------------------------------------
00239Er 2               BasCmdEnd:
00239Er 2  18                   clc
00239Fr 2  24                   .byte   $24                     ; BIT zp -> skip next byte (sec)
0023A0r 2               BasCmdStop:
0023A0r 2  38                   sec
0023A1r 2                       ; Save the END/STOP flag (carry) before ChrGot clobbers it.
0023A1r 2  08                   php
0023A2r 2  20 rr rr             jsr     ChrGot
0023A5r 2  D0 2D                bne     @synErrPlp
0023A7r 2  28                   plp
0023A8r 2                       ; Save CONT state.
0023A8r 2  A5 04                lda     TXTPTR
0023AAr 2  8D 6D 03             sta     BAS_OLDTEXT
0023ADr 2  A5 05                lda     TXTPTR+1
0023AFr 2  8D 6E 03             sta     BAS_OLDTEXT+1
0023B2r 2  AD 69 03             lda     BAS_CURLIN
0023B5r 2  8D 6B 03             sta     BAS_OLDLIN
0023B8r 2  AD 6A 03             lda     BAS_CURLIN+1
0023BBr 2  8D 6C 03             sta     BAS_OLDLIN+1
0023BEr 2  AE 75 03             ldx     BAS_STKBASE             ; As with a Ctrl+C break: keep the FOR
0023C1r 2  9A                   txs                             ;   and GOSUB frames for CONT
0023C2r 2  90 0D                bcc     @end
0023C4r 2                       ; STOP path: print "BREAK[ IN nnnn]".
0023C4r 2  20 rr rr             jsr     BasTextCRLF
0023C7r 2  A9 rr                lda     #<MsgBreak
0023C9r 2  A0 rr                ldy     #>MsgBreak
0023CBr 2  20 rr rr             jsr     BasPrintStr
0023CEr 2  4C rr rr             jmp     BasStopAtLine
0023D1r 2               @end:
0023D1r 2  4C rr rr             jmp     BasStopDirect
0023D4r 2               @synErrPlp:
0023D4r 2  28                   plp
0023D5r 2               @synErr:
0023D5r 2  4C rr rr             jmp     SynErr
0023D8r 2               
0023D8r 2               ; ---------------------------------------------------------------------------
0023D8r 2               ; Statement: CONT -- resume execution from saved OLDTEXT/OLDLIN.
0023D8r 2               ; ---------------------------------------------------------------------------
0023D8r 2               BasCmdCont:
0023D8r 2  20 rr rr             jsr     ChrGot
0023DBr 2  D0 21                bne     @synErr
0023DDr 2  AD 6E 03             lda     BAS_OLDTEXT+1
0023E0r 2  D0 05                bne     @canCont
0023E2r 2  A2 10                ldx     #ERR_CANTCONT
0023E4r 2  4C rr rr             jmp     BasErrorVec
0023E7r 2               @canCont:
0023E7r 2  AD 6D 03             lda     BAS_OLDTEXT
0023EAr 2  85 04                sta     TXTPTR
0023ECr 2  AD 6E 03             lda     BAS_OLDTEXT+1
0023EFr 2  85 05                sta     TXTPTR+1
0023F1r 2  AD 6B 03             lda     BAS_OLDLIN
0023F4r 2  8D 69 03             sta     BAS_CURLIN
0023F7r 2  AD 6C 03             lda     BAS_OLDLIN+1
0023FAr 2  8D 6A 03             sta     BAS_CURLIN+1
0023FDr 2  60                   rts
0023FEr 2               @synErr:
0023FEr 2  4C rr rr             jmp     SynErr
002401r 2               
002401r 2               ; ---------------------------------------------------------------------------
002401r 2               ; Statement: RESTORE -- DATAPTR := TXTTAB - 1.
002401r 2               ; ---------------------------------------------------------------------------
002401r 2               BasCmdRestore:
002401r 2  38                   sec
002402r 2  AD 5D 03             lda     BAS_TXTTAB
002405r 2  E9 01                sbc     #1
002407r 2  8D 1A 03             sta     BAS_DATAPTR
00240Ar 2  AD 5E 03             lda     BAS_TXTTAB+1
00240Dr 2  E9 00                sbc     #0
00240Fr 2  8D 1B 03             sta     BAS_DATAPTR+1
002412r 2  60                   rts
002413r 2               
002413r 2               ; ---------------------------------------------------------------------------
002413r 2               ; Statement: INPUT [<"prompt">{,;}] var[,var,...]
002413r 2               ;   Prompts user for input, reads a line, parses it into the variable list.
002413r 2               ;   "abc";VAR  prints  abc?    (question + space appended)
002413r 2               ;   "abc",VAR  prints  abc      (no question mark)
002413r 2               ;   no prompt: prints  ?
002413r 2               ;   On bad numeric input or premature end-of-line: "?REDO FROM START"
002413r 2               ;   and reprompt.  Trailing un-consumed input: "?EXTRA IGNORED".
002413r 2               ; ---------------------------------------------------------------------------
002413r 2               BasCmdInput:
002413r 2                       ; INPUT is illegal in direct mode.
002413r 2  AD 6A 03             lda     BAS_CURLIN+1
002416r 2  C9 FF                cmp     #$FF
002418r 2  D0 05                bne     @notDirect
00241Ar 2  A2 07                ldx     #ERR_ILLDIRECT
00241Cr 2  4C rr rr             jmp     BasErrorVec
00241Fr 2               @notDirect:
00241Fr 2                       ; ChrGot returns first char after the INPUT token.
00241Fr 2  20 rr rr             jsr     ChrGot
002422r 2  C9 22                cmp     #'"'
002424r 2  D0 27                bne     @noPrompt
002426r 2                       ; Parse string literal & print it; FrmEvl will leave descriptor in FAC.
002426r 2  20 rr rr             jsr     FrmEvl
002429r 2  20 rr rr             jsr     ChkStr
00242Cr 2  20 rr rr             jsr     PrintStrFAC
00242Fr 2  20 rr rr             jsr     FreFac
002432r 2  20 rr rr             jsr     ChrGot
002435r 2  C9 3B                cmp     #';'
002437r 2  F0 09                beq     @semi
002439r 2  C9 2C                cmp     #','
00243Br 2  D0 0D                bne     @badPrompt
00243Dr 2  20 rr rr             jsr     ChrGet                  ; consume ','
002440r 2  80 0E                bra     @afterPrompt
002442r 2               @semi:
002442r 2  20 rr rr             jsr     ChrGet                  ; consume ';'
002445r 2  20 rr rr             jsr     BasInpQues              ; '? '
002448r 2  80 06                bra     @afterPrompt
00244Ar 2               @badPrompt:
00244Ar 2  4C rr rr             jmp     SynErr
00244Dr 2               @noPrompt:
00244Dr 2  20 rr rr             jsr     BasInpQues              ; '? '
002450r 2               @afterPrompt:
002450r 2                       ; Save program TXTPTR (start of var-list) for REDO retry.
002450r 2  A5 04                lda     TXTPTR
002452r 2  8D 71 03             sta     BAS_INPSAV
002455r 2  A5 05                lda     TXTPTR+1
002457r 2  8D 72 03             sta     BAS_INPSAV+1
00245Ar 2               @retry:
00245Ar 2  20 rr rr             jsr     BasReadLine             ; reads to BAS_LINBUF, NUL-terminated, prints CRLF
00245Dr 2                       ; Set up data pointer with leading ',' sentinel just before LINBUF.
00245Dr 2  A9 2C                lda     #','
00245Fr 2  8D FF 03             sta     BAS_LINBUF-1
002462r 2  A9 FF                lda     #<(BAS_LINBUF-1)
002464r 2  85 3A                sta     BAS_TMP1
002466r 2  A9 03                lda     #>(BAS_LINBUF-1)
002468r 2  85 3B                sta     BAS_TMP1+1
00246Ar 2                       ; Restore program TXTPTR.
00246Ar 2  AD 71 03             lda     BAS_INPSAV
00246Dr 2  85 04                sta     TXTPTR
00246Fr 2  AD 72 03             lda     BAS_INPSAV+1
002472r 2  85 05                sta     TXTPTR+1
002474r 2  64 69                stz     BAS_INPUTFLG            ; INPUT mode ($00)
002476r 2               @nextVar:
002476r 2  20 rr rr             jsr     PtrGet                  ; advance program TXTPTR past var name
002479r 2  85 46                sta     BAS_FORPNT
00247Br 2  84 47                sty     BAS_FORPNT+1
00247Dr 2                       ; Save program TXTPTR; switch to data side.
00247Dr 2  A5 05                lda     TXTPTR+1
00247Fr 2  48                   pha
002480r 2  A5 04                lda     TXTPTR
002482r 2  48                   pha
002483r 2  A5 3A                lda     BAS_TMP1
002485r 2  85 04                sta     TXTPTR
002487r 2  A5 3B                lda     BAS_TMP1+1
002489r 2  85 05                sta     TXTPTR+1
00248Br 2  20 rr rr             jsr     ChrGot
00248Er 2  D0 05                bne     @gotData
002490r 2                       ; Out of input data before var list exhausted -> REDO.
002490r 2  68                   pla
002491r 2  68                   pla
002492r 2  4C rr rr             jmp     @doRedo
002495r 2               @gotData:
002495r 2  20 rr rr             jsr     ChrGet                  ; consume the separator/sentinel
002498r 2  24 64                bit     VALTYP
00249Ar 2  30 2E                bmi     @inpStr
00249Cr 2                       ; Numeric: must start with digit, '+', '-' or '.'; else REDO.
00249Cr 2  20 rr rr             jsr     ChrGot
00249Fr 2  90 11                bcc     @numOk                  ; carry clear == digit
0024A1r 2  C9 2D                cmp     #'-'
0024A3r 2  F0 0D                beq     @numOk
0024A5r 2  C9 2B                cmp     #'+'
0024A7r 2  F0 09                beq     @numOk
0024A9r 2  C9 2E                cmp     #'.'
0024ABr 2  F0 05                beq     @numOk
0024ADr 2                       ; bad numeric
0024ADr 2  68                   pla
0024AEr 2  68                   pla
0024AFr 2  4C rr rr             jmp     @doRedo
0024B2r 2               @numOk:
0024B2r 2  20 rr rr             jsr     Fin
0024B5r 2  A6 46                ldx     BAS_FORPNT
0024B7r 2  A4 47                ldy     BAS_FORPNT+1
0024B9r 2  20 rr rr             jsr     StoreFacAtYxRounded
0024BCr 2                       ; After Fin, ChrGot result must be NUL or ',' (Fin/ChrGot skips spaces).
0024BCr 2  20 rr rr             jsr     ChrGot
0024BFr 2  F0 0E                beq     @afterStore
0024C1r 2  C9 2C                cmp     #','
0024C3r 2  F0 0A                beq     @afterStore
0024C5r 2                       ; Garbage trailing the number -> REDO.
0024C5r 2  68                   pla
0024C6r 2  68                   pla
0024C7r 2  4C rr rr             jmp     @doRedo
0024CAr 2               @inpStr:
0024CAr 2  A2 00                ldx     #0                      ; INPUT stops an unquoted item at ',' only
0024CCr 2  20 rr rr             jsr     BasStrItem
0024CFr 2               @afterStore:
0024CFr 2                       ; Save data ptr; restore program TXTPTR.
0024CFr 2  A5 04                lda     TXTPTR
0024D1r 2  85 3A                sta     BAS_TMP1
0024D3r 2  A5 05                lda     TXTPTR+1
0024D5r 2  85 3B                sta     BAS_TMP1+1
0024D7r 2  68                   pla
0024D8r 2  85 04                sta     TXTPTR
0024DAr 2  68                   pla
0024DBr 2  85 05                sta     TXTPTR+1
0024DDr 2                       ; More variables?
0024DDr 2  20 rr rr             jsr     ChrGot
0024E0r 2  C9 2C                cmp     #','
0024E2r 2  D0 06                bne     @doneVars
0024E4r 2  20 rr rr             jsr     ChrGet                  ; consume ','
0024E7r 2  4C rr rr             jmp     @nextVar
0024EAr 2               @doneVars:
0024EAr 2                       ; Check for un-consumed input (EXTRA IGNORED).
0024EAr 2  A0 00                ldy     #0
0024ECr 2  B1 3A                lda     (BAS_TMP1),y
0024EEr 2  F0 12                beq     @inpDone
0024F0r 2                       ; Skip leading spaces; anything else is "extra".
0024F0r 2               @chkExtra:
0024F0r 2  B1 3A                lda     (BAS_TMP1),y
0024F2r 2  F0 0E                beq     @inpDone
0024F4r 2  C9 20                cmp     #' '
0024F6r 2  D0 03                bne     @hasExtra
0024F8r 2  C8                   iny
0024F9r 2  D0 F5                bne     @chkExtra
0024FBr 2               @hasExtra:
0024FBr 2  A9 rr                lda     #<MsgExtra
0024FDr 2  A0 rr                ldy     #>MsgExtra
0024FFr 2  20 rr rr             jsr     BasPrintStr
002502r 2               @inpDone:
002502r 2  60                   rts
002503r 2               @doRedo:
002503r 2  A9 rr                lda     #<MsgRedo
002505r 2  A0 rr                ldy     #>MsgRedo
002507r 2  20 rr rr             jsr     BasPrintStr
00250Ar 2  4C rr rr             jmp     @retry
00250Dr 2               
00250Dr 2               ; Print "? " prompt (used by INPUT and the ';' prompt-suffix path).
00250Dr 2               BasInpQues:
00250Dr 2  A9 3F                lda     #'?'
00250Fr 2  20 rr rr             jsr     PrintCh
002512r 2  A9 20                lda     #' '
002514r 2  4C rr rr             jmp     PrintCh
002517r 2               
002517r 2               MsgRedo:
002517r 2  3F 52 45 44          .byte   "?REDO FROM START", $0D, $0A, 0
00251Br 2  4F 20 46 52  
00251Fr 2  4F 4D 20 53  
00252Ar 2               MsgExtra:
00252Ar 2  3F 45 58 54          .byte   "?EXTRA IGNORED", $0D, $0A, 0
00252Er 2  52 41 20 49  
002532r 2  47 4E 4F 52  
00253Br 2               
00253Br 2               ; ---------------------------------------------------------------------------
00253Br 2               ; Statement: READ var[,var,...] -- pull next DATA item from BAS_DATAPTR
00253Br 2               ; into the variable pointed to by PtrGet.
00253Br 2               ; ---------------------------------------------------------------------------
00253Br 2               ; ---------------------------------------------------------------------------
00253Br 2               ; BasStrItem -- read one string item at TXTPTR into the variable BAS_FORPNT
00253Br 2               ; points at.  Shared by INPUT and READ, which differ only in what ends an
00253Br 2               ; unquoted item: INPUT stops at ',' or NUL, READ also stops at ':' because a
00253Br 2               ; DATA statement can be followed by another statement on the same line.
00253Br 2               ;
00253Br 2               ; On entry : X        = the extra unquoted terminator (StrLt2's CHARAC)
00253Br 2               ;            TXTPTR   = first character of the item
00253Br 2               ;            FORPNT   = the variable's 3-byte descriptor slot
00253Br 2               ; On exit  : TXTPTR advanced past the item, descriptor stored, temp popped.
00253Br 2               ; ---------------------------------------------------------------------------
00253Br 2               BasStrItem:
00253Br 2                       ; A '"' here means quote-mode (terminator '"' or NUL); anything else
00253Br 2                       ; is a bare item running to X, ',' or NUL.
00253Br 2  A0 00                ldy     #0
00253Dr 2  B1 04                lda     (TXTPTR),y
00253Fr 2  C9 22                cmp     #'"'
002541r 2  F0 0C                beq     @quoted
002543r 2  86 44                stx     CHARAC
002545r 2  A9 2C                lda     #','
002547r 2  85 6A                sta     ENDCHR
002549r 2  A5 04                lda     TXTPTR                  ; StrLt2's source = TXTPTR
00254Br 2  A4 05                ldy     TXTPTR+1
00254Dr 2  80 0E                bra     @call
00254Fr 2               @quoted:
00254Fr 2  85 44                sta     CHARAC                  ; A is still '"' from the compare
002551r 2  85 6A                sta     ENDCHR
002553r 2  18                   clc                             ; skip it: source = TXTPTR + 1
002554r 2  A5 04                lda     TXTPTR
002556r 2  69 01                adc     #1
002558r 2  A4 05                ldy     TXTPTR+1
00255Ar 2  90 01                bcc     @call
00255Cr 2  C8                   iny
00255Dr 2               @call:
00255Dr 2  20 rr rr             jsr     StrLt2
002560r 2                       ; StrLt2 leaves STRNG2 past the text it consumed -- at the terminator
002560r 2                       ; for an unquoted item, just past the closing '"' for a quoted one.
002560r 2                       ; TXTPTR has to follow it: for INPUT so the trailing-extra check sees
002560r 2                       ; only what really remained on the line, and for READ so the next one
002560r 2                       ; doesn't start again in the middle of the item this one took.
002560r 2  A5 1E                lda     STRNG2
002562r 2  85 04                sta     TXTPTR
002564r 2  A5 1F                lda     STRNG2+1
002566r 2  85 05                sta     TXTPTR+1
002568r 2  A0 00                ldy     #0
00256Ar 2  A5 0E                lda     FAC
00256Cr 2  91 46                sta     (BAS_FORPNT),y
00256Er 2  C8                   iny
00256Fr 2  A5 0F                lda     FAC+1
002571r 2  91 46                sta     (BAS_FORPNT),y
002573r 2  C8                   iny
002574r 2  A5 10                lda     FAC+2
002576r 2  91 46                sta     (BAS_FORPNT),y
002578r 2                       ; StrLt2 pushed a temporary descriptor via PutNew.  The variable owns
002578r 2                       ; the heap copy now, so pop the temp -- do NOT use FreFac, which would
002578r 2                       ; reclaim the heap we just handed over.  Leaving temps unfreed leaks
002578r 2                       ; the 3-slot temp stack, both overflowing it (?FORMULA TOO COMPLEX)
002578r 2                       ; and corrupting later strings via stale descriptor pointers.
002578r 2  A5 11                lda     FAC+3
00257Ar 2  A4 12                ldy     FAC+4
00257Cr 2  4C rr rr             jmp     FreTms
00257Fr 2               
00257Fr 2               BasCmdRead:
00257Fr 2  AE 1A 03             ldx     BAS_DATAPTR
002582r 2  AC 1B 03             ldy     BAS_DATAPTR+1
002585r 2  A9 98                lda     #$98                    ; INPUTFLG = $98 means READ mode
002587r 2  2C                   .byte   $2C
002588r 2               BasInpDoit:
002588r 2  A9 00                lda     #0
00258Ar 2  85 69                sta     BAS_INPUTFLG
00258Cr 2  86 3A                stx     BAS_TMP1                ; TMP1 = data pointer
00258Er 2  84 3B                sty     BAS_TMP1+1
002590r 2               @nextVar:
002590r 2                       ; TXTPTR currently points into program at variable name.
002590r 2  20 rr rr             jsr     PtrGet                  ; advances TXTPTR past var name
002593r 2  85 46                sta     BAS_FORPNT
002595r 2  84 47                sty     BAS_FORPNT+1
002597r 2                       ; Save program TXTPTR on hw stack, switch TXTPTR to data ptr.
002597r 2  A5 05                lda     TXTPTR+1
002599r 2  48                   pha
00259Ar 2  A5 04                lda     TXTPTR
00259Cr 2  48                   pha
00259Dr 2  A5 3A                lda     BAS_TMP1
00259Fr 2  85 04                sta     TXTPTR
0025A1r 2  A5 3B                lda     BAS_TMP1+1
0025A3r 2  85 05                sta     TXTPTR+1
0025A5r 2  20 rr rr             jsr     ChrGot
0025A8r 2  D0 08                bne     @gotData
0025AAr 2                       ; Out of items on this line - find next DATA.
0025AAr 2  20 rr rr             jsr     BasFindData
0025ADr 2  90 03                bcc     @gotData
0025AFr 2  4C rr rr             jmp     @oodata
0025B2r 2               @gotData:
0025B2r 2                       ; Advance past separator (',' between items, ' ' after DATA token,
0025B2r 2                       ; or quote-delimiter for strings).  ChrGet also skips spaces.
0025B2r 2  20 rr rr             jsr     ChrGet
0025B5r 2                       ; Parse value at TXTPTR (data side).
0025B5r 2  24 64                bit     VALTYP
0025B7r 2  30 0C                bmi     @readStr
0025B9r 2                       ; Numeric.
0025B9r 2  20 rr rr             jsr     Fin
0025BCr 2  A6 46                ldx     BAS_FORPNT
0025BEr 2  A4 47                ldy     BAS_FORPNT+1
0025C0r 2  20 rr rr             jsr     StoreFacAtYxRounded
0025C3r 2  80 05                bra     @afterStore
0025C5r 2               @readStr:
0025C5r 2                       ; Previously this called StrLt2 without setting up its (A,Y) source
0025C5r 2                       ; argument at all, so every DATA string pointed into zero page: an
0025C5r 2                       ; unquoted item read back empty and a quoted one read back as garbage
0025C5r 2                       ; from $0022.  BasStrItem is INPUT's path, which had it right.
0025C5r 2  A2 3A                ldx     #':'                    ; a DATA item also ends at a statement break
0025C7r 2  20 rr rr             jsr     BasStrItem
0025CAr 2               @afterStore:
0025CAr 2                       ; Save updated data ptr.
0025CAr 2  A5 04                lda     TXTPTR
0025CCr 2  85 3A                sta     BAS_TMP1
0025CEr 2  A5 05                lda     TXTPTR+1
0025D0r 2  85 3B                sta     BAS_TMP1+1
0025D2r 2                       ; Restore program TXTPTR.
0025D2r 2  68                   pla
0025D3r 2  85 04                sta     TXTPTR
0025D5r 2  68                   pla
0025D6r 2  85 05                sta     TXTPTR+1
0025D8r 2                       ; If next program byte is ',', another variable follows.
0025D8r 2  20 rr rr             jsr     ChrGot
0025DBr 2  C9 2C                cmp     #','
0025DDr 2  D0 05                bne     @done
0025DFr 2  20 rr rr             jsr     ChrGet
0025E2r 2  80 AC                bra     @nextVar
0025E4r 2               @done:
0025E4r 2                       ; Persist data ptr.
0025E4r 2  A5 3A                lda     BAS_TMP1
0025E6r 2  8D 1A 03             sta     BAS_DATAPTR
0025E9r 2  A5 3B                lda     BAS_TMP1+1
0025EBr 2  8D 1B 03             sta     BAS_DATAPTR+1
0025EEr 2  60                   rts
0025EFr 2               @oodata:
0025EFr 2  A2 0E                ldx     #ERR_OD
0025F1r 2  4C rr rr             jmp     BasErrorVec
0025F4r 2               
0025F4r 2               ; ---------------------------------------------------------------------------
0025F4r 2               ; BasFindData -- starting from TXTPTR (positioned somewhere within a line's
0025F4r 2               ; payload), advance to the byte after the next DATA token in the program.
0025F4r 2               ; Returns carry SET on out-of-data, carry CLEAR with TXTPTR at first byte
0025F4r 2               ; AFTER the DATA token (i.e. at the first DATA item).
0025F4r 2               ; ---------------------------------------------------------------------------
0025F4r 2               BasFindData:
0025F4r 2               @scanByte:
0025F4r 2  A0 00                ldy     #0
0025F6r 2  B1 04                lda     (TXTPTR),y
0025F8r 2  F0 1F                beq     @atEnd
0025FAr 2  C9 83                cmp     #TOK_DATA
0025FCr 2  F0 2E                beq     @found
0025FEr 2  C9 22                cmp     #'"'
002600r 2  D0 12                bne     @advance1
002602r 2                       ; Skip quoted string (advance TXTPTR past closing quote or NUL).
002602r 2  20 rr rr             jsr     @incTxt
002605r 2               @inStr:
002605r 2  A0 00                ldy     #0
002607r 2  B1 04                lda     (TXTPTR),y
002609r 2  F0 0E                beq     @atEnd
00260Br 2  20 rr rr             jsr     @incTxt
00260Er 2  C9 22                cmp     #'"'
002610r 2  D0 F3                bne     @inStr
002612r 2  80 E0                bra     @scanByte
002614r 2               @advance1:
002614r 2  20 rr rr             jsr     @incTxt
002617r 2  80 DB                bra     @scanByte
002619r 2               @atEnd:
002619r 2                       ; (TXTPTR) is on the line's $00 terminator.  Bytes immediately after
002619r 2                       ; are the next line's [next-lo][next-hi][num-lo][num-hi][payload..].
002619r 2                       ; Check next-pointer at offset +2 (next-hi); if 0, end of program.
002619r 2  A0 02                ldy     #2
00261Br 2  B1 04                lda     (TXTPTR),y
00261Dr 2  F0 0F                beq     @oodata
00261Fr 2                       ; Advance TXTPTR by 5: past terminator (1) + line header (4).
00261Fr 2  18                   clc
002620r 2  A5 04                lda     TXTPTR
002622r 2  69 05                adc     #5
002624r 2  85 04                sta     TXTPTR
002626r 2  90 CC                bcc     @scanByte
002628r 2  E6 05                inc     TXTPTR+1
00262Ar 2  80 C8                bra     @scanByte
00262Cr 2               @found:
00262Cr 2                       ; TXTPTR is left AT the TOK_DATA byte; caller's CHRGET advances past.
00262Cr 2  18                   clc
00262Dr 2  60                   rts
00262Er 2               @oodata:
00262Er 2  38                   sec
00262Fr 2  60                   rts
002630r 2               @incTxt:
002630r 2  E6 04                inc     TXTPTR
002632r 2  D0 02                bne     @r
002634r 2  E6 05                inc     TXTPTR+1
002636r 2               @r:
002636r 2  60                   rts
002637r 2               
002637r 2               ; ---------------------------------------------------------------------------
002637r 2               ; Statement: FOR var = expr1 TO expr2 [STEP expr3]
002637r 2               ; Pushes 18-byte frame on CPU stack:
002637r 2               ;   [tag $81][VAR-lo][VAR-hi][STEP-FP (5)][STEP-sign][CURLIN-lo][CURLIN-hi]
002637r 2               ;   [TXTPTR-lo][TXTPTR-hi][LIMIT-FP (5)]
002637r 2               ; ---------------------------------------------------------------------------
002637r 2               BasCmdFor:
002637r 2                       ; Set SUBFLG so PtrGet doesn't recurse on FN.
002637r 2  A9 80                lda     #$80
002639r 2  85 68                sta     SUBFLG
00263Br 2  20 rr rr             jsr     BasCmdLet               ; consumes "var = expr"
00263Er 2                       ; PtrGet (inside LET) saved VARPNT in FORPNT (hopefully). Re-fetch
00263Er 2                       ; FORPNT from the assignment, but BasCmdLet doesn't set FORPNT in
00263Er 2                       ; our impl.  Re-parse the variable name by rewinding TXTPTR via
00263Er 2                       ; CURLIN scan.  Cheat: BasCmdLet leaves VARPNT current.
00263Er 2  A5 3F                lda     VARPNT
002640r 2  85 46                sta     BAS_FORPNT
002642r 2  A5 40                lda     VARPNT+1
002644r 2  85 47                sta     BAS_FORPNT+1
002646r 2                       ; Discard any prior FOR frame for the same variable to avoid leak.
002646r 2  20 rr rr             jsr     GtForPnt
002649r 2  90 00                bcc     @noOld                  ; carry clear -> no matching frame
00264Br 2                       ; The prior-frame pop is still skipped: the runtime tolerates one stray
00264Br 2                       ; frame, and msbasic re-uses the slot only when an explicit FOR with a
00264Br 2                       ; matching variable already exists, which is rare. GtForPnt does now
00264Br 2                       ; report found/not-found in carry (Z was ambiguous and unusable), so
00264Br 2                       ; this branch is at least honest about which case it is in.
00264Br 2               @noOld:
00264Br 2                       ; Discard our caller's (BasExecuteStatement's) return address so
00264Br 2                       ; that the FOR frame sits on the stack with no other junk above it.
00264Br 2                       ; We will JMP BasNewstt at the end instead of RTSing.
00264Br 2  68                   pla
00264Cr 2  68                   pla
00264Dr 2                       ; Push limit (will be parsed below) -- we lay out the frame as:
00264Dr 2                       ;   pushed first (deepest): TXTPTR, CURLIN, LIMIT (5), STEP-sign,
00264Dr 2                       ;   STEP (5), VAR-addr, $81-tag.
00264Dr 2                       ; We don't know LIMIT/STEP yet; we push placeholders and patch.
00264Dr 2                       ; Easier: parse limit & step first, then push frame in one go.
00264Dr 2  A9 9C                lda     #TOK_TO
00264Fr 2  20 rr rr             jsr     SynChr
002652r 2  20 rr rr             jsr     FrmNum
002655r 2                       ; Strip sign info on limit (msbasic stores limit unsigned-magnitude
002655r 2                       ; with sign packed).  Pack FACSIGN bit 7 -> FAC+1 bit 7.
002655r 2  A5 13                lda     FACSIGN
002657r 2  09 7F                ora     #$7F
002659r 2  25 0F                and     FAC+1
00265Br 2  85 0F                sta     FAC+1
00265Dr 2                       ; Save LIMIT temporarily in BAS_TEMP1..+4 (5 bytes).
00265Dr 2  A2 04                ldx     #4
00265Fr 2               @saveLimit:
00265Fr 2  B5 0E                lda     FAC,x
002661r 2  95 4D                sta     BAS_TEMP1,x
002663r 2  CA                   dex
002664r 2  10 F9                bpl     @saveLimit
002666r 2                       ; STEP: default 1, or evaluate after TOK_STEP.
002666r 2  20 rr rr             jsr     ChrGot
002669r 2  C9 A1                cmp     #TOK_STEP
00266Br 2  D0 08                bne     @defStep
00266Dr 2  20 rr rr             jsr     ChrGet
002670r 2  20 rr rr             jsr     FrmNum
002673r 2  80 07                bra     @gotStep
002675r 2               @defStep:
002675r 2  A9 rr                lda     #<ConstOne
002677r 2  A0 rr                ldy     #>ConstOne
002679r 2  20 rr rr             jsr     LoadFacFromYa
00267Cr 2               @gotStep:
00267Cr 2  20 rr rr             jsr     Sign                    ; A = step sign byte (-1/0/1)
00267Fr 2  85 52                sta     BAS_TEMP2               ; stash step sign
002681r 2                       ; Pack sign of FAC into FAC+1 bit7 then save STEP into BAS_TEMP2+1..+5.
002681r 2  A5 13                lda     FACSIGN
002683r 2  09 7F                ora     #$7F
002685r 2  25 0F                and     FAC+1
002687r 2  85 0F                sta     FAC+1
002689r 2  A2 04                ldx     #4
00268Br 2               @saveStep:
00268Br 2  B5 0E                lda     FAC,x
00268Dr 2  95 53                sta     BAS_TEMP2+1,x
00268Fr 2  CA                   dex
002690r 2  10 F9                bpl     @saveStep
002692r 2                       ; Now push the frame on stack (deepest first):
002692r 2                       ;   TXTPTR-hi, TXTPTR-lo, CURLIN-hi, CURLIN-lo,
002692r 2                       ;   LIMIT[4..0]   (deepest=LIMIT[4], so LIMIT[0] ends at $010A,x),
002692r 2                       ;   STEP-sign,
002692r 2                       ;   STEP[4..0]    (deepest=STEP[4], so STEP[0]  ends at $0104,x),
002692r 2                       ;   VAR-hi, VAR-lo, $81
002692r 2  A5 05                lda     TXTPTR+1
002694r 2  48                   pha
002695r 2  A5 04                lda     TXTPTR
002697r 2  48                   pha
002698r 2  AD 6A 03             lda     BAS_CURLIN+1
00269Br 2  48                   pha
00269Cr 2  AD 69 03             lda     BAS_CURLIN
00269Fr 2  48                   pha
0026A0r 2  A2 04                ldx     #4
0026A2r 2               @pushLim:
0026A2r 2  B5 4D                lda     BAS_TEMP1,x
0026A4r 2  48                   pha
0026A5r 2  CA                   dex
0026A6r 2  10 FA                bpl     @pushLim
0026A8r 2  A5 52                lda     BAS_TEMP2               ; step sign
0026AAr 2  48                   pha
0026ABr 2  A2 05                ldx     #5
0026ADr 2               @pushStep:
0026ADr 2  B5 52                lda     BAS_TEMP2,x
0026AFr 2  48                   pha
0026B0r 2  CA                   dex
0026B1r 2  D0 FA                bne     @pushStep
0026B3r 2  A5 47                lda     BAS_FORPNT+1
0026B5r 2  48                   pha
0026B6r 2  A5 46                lda     BAS_FORPNT
0026B8r 2  48                   pha
0026B9r 2  A9 81                lda     #TOK_FOR
0026BBr 2  48                   pha
0026BCr 2  4C rr rr             jmp     BasNewstt               ; resume statement loop with frame in place
0026BFr 2               
0026BFr 2               ConstOne:
0026BFr 2  81 00 00 00          .byte   $81,$00,$00,$00,$00     ; FP +1.0
0026C3r 2  00           
0026C4r 2               
0026C4r 2               ; ---------------------------------------------------------------------------
0026C4r 2               ; Statement: NEXT [var]
0026C4r 2               ; Locate matching FOR frame, increment var by step, test against limit,
0026C4r 2               ; loop back if more iterations remain, else discard frame and continue.
0026C4r 2               ; ---------------------------------------------------------------------------
0026C4r 2               BasCmdNext:
0026C4r 2  20 rr rr             jsr     ChrGot
0026C7r 2  F0 0D                beq     @anyVar
0026C9r 2  C9 3A                cmp     #':'
0026CBr 2  F0 09                beq     @anyVar
0026CDr 2  20 rr rr             jsr     PtrGet
0026D0r 2  85 46                sta     BAS_FORPNT
0026D2r 2  84 47                sty     BAS_FORPNT+1
0026D4r 2  80 06                bra     @find
0026D6r 2               @anyVar:
0026D6r 2                       ; "NEXT" without a variable: set FORPNT = 0 so GtForPnt copies the
0026D6r 2                       ; stack-frame's var address into FORPNT and then trivially matches
0026D6r 2                       ; (any FOR frame is acceptable).
0026D6r 2  A9 00                lda     #0
0026D8r 2  85 46                sta     BAS_FORPNT
0026DAr 2  85 47                sta     BAS_FORPNT+1
0026DCr 2               @find:
0026DCr 2                       ; Carry, not Z: GtForPnt's not-found paths end in `lda #0`, which sets
0026DCr 2                       ; Z, so testing `beq` here read "no frame" as "found" -- a bare NEXT
0026DCr 2                       ; then did `txs` onto a garbage offset and died as ?SYNTAX ERROR IN 0
0026DCr 2                       ; instead of ?NEXT WITHOUT FOR.
0026DCr 2  20 rr rr             jsr     GtForPnt
0026DFr 2  B0 05                bcs     @found
0026E1r 2  A2 0D                ldx     #ERR_NF
0026E3r 2  4C rr rr             jmp     BasErrorVec
0026E6r 2               @found:
0026E6r 2                       ; X = stack offset of (tag - 1).  txs makes SP = X so the frame
0026E6r 2                       ; sits at $101+X..$112+X.  All subsequent accesses use $0101+offset,x
0026E6r 2                       ; just like msbasic.
0026E6r 2  9A                   txs
0026E7r 2                       ; Frame layout (tag at $0101+X):
0026E7r 2                       ;   $0101+X = $81 tag
0026E7r 2                       ;   $0102+X = VAR-lo
0026E7r 2                       ;   $0103+X = VAR-hi
0026E7r 2                       ;   $0104+X..$0108+X = STEP (5 bytes FP, FAC[0..4] ascending)
0026E7r 2                       ;   $0109+X = STEP-sign
0026E7r 2                       ;   $010A+X..$010E+X = LIMIT (5 bytes FP, FAC[0..4] ascending)
0026E7r 2                       ;   $010F+X = CURLIN-lo
0026E7r 2                       ;   $0110+X = CURLIN-hi
0026E7r 2                       ;   $0111+X = TXTPTR-lo
0026E7r 2                       ;   $0112+X = TXTPTR-hi
0026E7r 2                       ; Load STEP into FAC.
0026E7r 2  A9 01                lda     #$01
0026E9r 2  85 3B                sta     BAS_TMP1+1
0026EBr 2  8A                   txa
0026ECr 2  18                   clc
0026EDr 2  69 04                adc     #$04
0026EFr 2  85 3A                sta     BAS_TMP1                ; TMP1 -> STEP[0] at $0104,x
0026F1r 2  A5 3A                lda     BAS_TMP1
0026F3r 2  A4 3B                ldy     BAS_TMP1+1
0026F5r 2  20 rr rr             jsr     LoadFacFromYa
0026F8r 2                       ; FACSIGN := step sign byte at $0109,x.
0026F8r 2  BD 09 01             lda     $0109,x
0026FBr 2  85 13                sta     FACSIGN
0026FDr 2                       ; FAC += variable.
0026FDr 2  BD 02 01             lda     $0102,x
002700r 2  BC 03 01             ldy     $0103,x
002703r 2  85 46                sta     BAS_FORPNT
002705r 2  84 47                sty     BAS_FORPNT+1
002707r 2  20 rr rr             jsr     FAdd
00270Ar 2  20 rr rr             jsr     SetFor
00270Dr 2                       ; Compare FAC with LIMIT (at $010A,x).
00270Dr 2  BA                   tsx                             ; reload x (FAdd may have used it)
00270Er 2  8A                   txa
00270Fr 2  18                   clc
002710r 2  69 0A                adc     #$0A
002712r 2  85 3A                sta     BAS_TMP1
002714r 2  A9 01                lda     #$01
002716r 2  85 3B                sta     BAS_TMP1+1
002718r 2  A5 3A                lda     BAS_TMP1
00271Ar 2  A4 3B                ldy     BAS_TMP1+1
00271Cr 2  20 rr rr             jsr     FComp
00271Fr 2  BA                   tsx
002720r 2  38                   sec
002721r 2  FD 09 01             sbc     $0109,x                 ; A - step-sign
002724r 2  F0 19                beq     @loopDone
002726r 2                       ; Continue: restore CURLIN/TXTPTR from frame, JMP NEWSTT (don't RTS).
002726r 2  BD 0F 01             lda     $010F,x
002729r 2  8D 69 03             sta     BAS_CURLIN
00272Cr 2  BD 10 01             lda     $0110,x
00272Fr 2  8D 6A 03             sta     BAS_CURLIN+1
002732r 2  BD 11 01             lda     $0111,x
002735r 2  85 04                sta     TXTPTR
002737r 2  BD 12 01             lda     $0112,x
00273Ar 2  85 05                sta     TXTPTR+1
00273Cr 2  4C rr rr             jmp     BasNewstt
00273Fr 2               @loopDone:
00273Fr 2                       ; Discard frame: SP := X + 18.
00273Fr 2  8A                   txa
002740r 2  18                   clc
002741r 2  69 12                adc     #18
002743r 2  AA                   tax
002744r 2  9A                   txs
002745r 2                       ; Allow ", var" to chain into another NEXT.
002745r 2  20 rr rr             jsr     ChrGot
002748r 2  C9 2C                cmp     #','
00274Ar 2  D0 06                bne     @retNewstt
00274Cr 2  20 rr rr             jsr     ChrGet
00274Fr 2  4C rr rr             jmp     BasCmdNext
002752r 2               @retNewstt:
002752r 2  4C rr rr             jmp     BasNewstt
002755r 2               
002755r 2               ; ---------------------------------------------------------------------------
002755r 2               ; Statement: DEF FN A(X) = expr
002755r 2               ; Stored in the variable's 5 value bytes:
002755r 2               ;   [TXTPTR-of-expr-lo][TXTPTR-of-expr-hi][param-name-lo][param-name-hi][0]
002755r 2               ; ---------------------------------------------------------------------------
002755r 2               BasCmdDef:
002755r 2                       ; Expect: FN <name>(<param>) = <expr>
002755r 2  A9 9D                lda     #TOK_FN
002757r 2  20 rr rr             jsr     SynChr
00275Ar 2  09 80                ora     #$80
00275Cr 2  85 68                sta     SUBFLG                  ; tell PtrGet "this is a DEF FN var"
00275Er 2  20 rr rr             jsr     PtrGet
002761r 2                       ; VARPNT = address of FN var slot.
002761r 2  85 81                sta     BAS_FNCNAM
002763r 2  84 82                sty     BAS_FNCNAM+1
002765r 2  20 rr rr             jsr     ChkNum
002768r 2                       ; Expect '(' name ')' = expr
002768r 2                       ; Param name parsed by recursive PtrGet inside FrmEvl on call;
002768r 2                       ; here we just record (param-name) by parsing it ourselves.
002768r 2  A9 28                lda     #'('
00276Ar 2  20 rr rr             jsr     SynChr
00276Dr 2  A9 80                lda     #$80
00276Fr 2  85 68                sta     SUBFLG
002771r 2  20 rr rr             jsr     PtrGet
002774r 2                       ; VARPNT = param var addr.  Save it.
002774r 2  A5 3F                lda     VARPNT
002776r 2  85 3A                sta     BAS_TMP1
002778r 2  A5 40                lda     VARPNT+1
00277Ar 2  85 3B                sta     BAS_TMP1+1
00277Cr 2  20 rr rr             jsr     ChkNum
00277Fr 2  A9 29                lda     #')'
002781r 2  20 rr rr             jsr     SynChr
002784r 2  A9 3D                lda     #'='
002786r 2  20 rr rr             jsr     SynChr
002789r 2                       ; Reject in direct mode.
002789r 2  AD 6A 03             lda     BAS_CURLIN+1
00278Cr 2  C9 FF                cmp     #$FF
00278Er 2  D0 05                bne     @ok
002790r 2  A2 07                ldx     #ERR_ILLDIRECT
002792r 2  4C rr rr             jmp     BasErrorVec
002795r 2               @ok:
002795r 2                       ; Store [TXTPTR][param][0] in FN var.
002795r 2  A0 00                ldy     #0
002797r 2  A5 04                lda     TXTPTR
002799r 2  91 81                sta     (BAS_FNCNAM),y
00279Br 2  C8                   iny
00279Cr 2  A5 05                lda     TXTPTR+1
00279Er 2  91 81                sta     (BAS_FNCNAM),y
0027A0r 2  C8                   iny
0027A1r 2  A5 3A                lda     BAS_TMP1
0027A3r 2  91 81                sta     (BAS_FNCNAM),y
0027A5r 2  C8                   iny
0027A6r 2  A5 3B                lda     BAS_TMP1+1
0027A8r 2  91 81                sta     (BAS_FNCNAM),y
0027AAr 2  C8                   iny
0027ABr 2  A9 00                lda     #0
0027ADr 2  91 81                sta     (BAS_FNCNAM),y
0027AFr 2                       ; Skip past expression body.
0027AFr 2  20 rr rr             jsr     BasDatan
0027B2r 2  4C rr rr             jmp     BasAddon
0027B5r 2               
0027B5r 2               ; ---------------------------------------------------------------------------
0027B5r 2               ; FnCall -- evaluator-side handler for "FN A(expr)".
0027B5r 2               ; Called by FrmEvl when it sees TOK_FN.  Evaluates argument, swaps in the
0027B5r 2               ; param's stored value, executes the FN expression, and restores the param.
0027B5r 2               ; ---------------------------------------------------------------------------
0027B5r 2               FnCall:
0027B5r 2  20 rr rr             jsr     ChrGet                  ; consume FN
0027B8r 2  09 80                ora     #$80
0027BAr 2  85 68                sta     SUBFLG
0027BCr 2  20 rr rr             jsr     PtrGet                  ; locate FN var
0027BFr 2  8D 73 03             sta     BAS_FNPTR               ; durable copy: FNCNAM lives in ZP and
0027C2r 2  8C 74 03             sty     BAS_FNPTR+1             ; is scratch for Garbag
0027C5r 2  85 81                sta     BAS_FNCNAM
0027C7r 2  84 82                sty     BAS_FNCNAM+1
0027C9r 2  20 rr rr             jsr     ChkNum
0027CCr 2                       ; Read param ptr from FN slot.
0027CCr 2  A0 02                ldy     #2
0027CEr 2  B1 81                lda     (BAS_FNCNAM),y
0027D0r 2  85 3F                sta     VARPNT
0027D2r 2  F0 57                beq     @undef
0027D4r 2  C8                   iny
0027D5r 2  B1 81                lda     (BAS_FNCNAM),y
0027D7r 2  85 40                sta     VARPNT+1
0027D9r 2                       ; Evaluate '(arg)'
0027D9r 2  A9 28                lda     #'('
0027DBr 2  20 rr rr             jsr     SynChr
0027DEr 2                       ; Save param's current FP value (5 bytes) on stack.
0027DEr 2  A0 04                ldy     #4
0027E0r 2               @savep:
0027E0r 2  B1 3F                lda     (VARPNT),y
0027E2r 2  48                   pha
0027E3r 2  88                   dey
0027E4r 2  10 FA                bpl     @savep
0027E6r 2                       ; Evaluate argument -> FAC.
0027E6r 2  20 rr rr             jsr     FrmNum
0027E9r 2  A9 29                lda     #')'
0027EBr 2  20 rr rr             jsr     SynChr
0027EEr 2                       ; Any variable reference in the argument re-pointed VARPNT (and Garbag
0027EEr 2                       ; may have eaten FNCNAM) — reload both before storing the argument.
0027EEr 2  20 rr rr             jsr     @reload
0027F1r 2                       ; Store FAC into param slot.
0027F1r 2  A6 3F                ldx     VARPNT
0027F3r 2  A4 40                ldy     VARPNT+1
0027F5r 2  20 rr rr             jsr     StoreFacAtYxRounded
0027F8r 2                       ; Save current TXTPTR.
0027F8r 2  A5 05                lda     TXTPTR+1
0027FAr 2  48                   pha
0027FBr 2  A5 04                lda     TXTPTR
0027FDr 2  48                   pha
0027FEr 2                       ; Switch TXTPTR to FN expression body.
0027FEr 2  A0 00                ldy     #0
002800r 2  B1 81                lda     (BAS_FNCNAM),y
002802r 2  85 04                sta     TXTPTR
002804r 2  C8                   iny
002805r 2  B1 81                lda     (BAS_FNCNAM),y
002807r 2  85 05                sta     TXTPTR+1
002809r 2                       ; Body TXTPTR is positioned at the first byte; we need it positioned
002809r 2                       ; one BEFORE so FrmNum's first ChrGet loads the first byte.  Decrement.
002809r 2  A5 04                lda     TXTPTR
00280Br 2  D0 02                bne     @noBor
00280Dr 2  C6 05                dec     TXTPTR+1
00280Fr 2               @noBor:
00280Fr 2  C6 04                dec     TXTPTR
002811r 2                       ; Evaluate the FN expression body.
002811r 2  20 rr rr             jsr     ChrGet
002814r 2  20 rr rr             jsr     FrmNum
002817r 2                       ; Restore TXTPTR.
002817r 2  68                   pla
002818r 2  85 04                sta     TXTPTR
00281Ar 2  68                   pla
00281Br 2  85 05                sta     TXTPTR+1
00281Dr 2                       ; Restore param.  VARPNT may have been clobbered; reload.
00281Dr 2  20 rr rr             jsr     @reload
002820r 2  A0 00                ldy     #0
002822r 2               @restp:
002822r 2  68                   pla
002823r 2  91 3F                sta     (VARPNT),y
002825r 2  C8                   iny
002826r 2  C0 05                cpy     #5
002828r 2  D0 F8                bne     @restp
00282Ar 2  60                   rts
00282Br 2               @undef:
00282Br 2  A2 03                ldx     #ERR_UNDEFSTMT
00282Dr 2  4C rr rr             jmp     BasErrorVec
002830r 2               ; Re-seed FNCNAM from BAS_FNPTR and VARPNT from the FN slot's param pointer.
002830r 2               ; Preserves FAC (touches A and Y only).
002830r 2               @reload:
002830r 2  AD 73 03             lda     BAS_FNPTR
002833r 2  85 81                sta     BAS_FNCNAM
002835r 2  AD 74 03             lda     BAS_FNPTR+1
002838r 2  85 82                sta     BAS_FNCNAM+1
00283Ar 2  A0 02                ldy     #2
00283Cr 2  B1 81                lda     (BAS_FNCNAM),y
00283Er 2  85 3F                sta     VARPNT
002840r 2  C8                   iny
002841r 2  B1 81                lda     (BAS_FNCNAM),y
002843r 2  85 40                sta     VARPNT+1
002845r 2  60                   rts
002846r 2               
002846r 2               ; ---------------------------------------------------------------------------
002846r 2               ; BasCmdDim -- DIM statement.  Dimension one or more arrays.
002846r 2               ;   On entry ChrGet has advanced past the DIM token, so A = first char of the
002846r 2               ;   first variable name.  For each name we call PtrGet2 with the from-DIM flag
002846r 2               ;   ($40) set in X; the '(' branch runs Array -> MakeNewArray, which allocates
002846r 2               ;   the array using the subscripts as sizes (0..N) and returns without looking
002846r 2               ;   up an element (DIMFLG nonzero).  Names are separated by commas.
002846r 2               ; ---------------------------------------------------------------------------
002846r 2               BasCmdDim:
002846r 2  A2 40                ldx     #$40                    ; from-DIM flag (bit 6)
002848r 2  20 rr rr             jsr     PtrGet2                 ; A = name char; create/dimension array
00284Br 2  20 rr rr             jsr     ChrGot
00284Er 2  C9 2C                cmp     #','
002850r 2  D0 05                bne     @done
002852r 2  20 rr rr             jsr     ChrGet                  ; consume comma, advance to next name
002855r 2  80 EF                bra     BasCmdDim
002857r 2               @done:
002857r 2  60                   rts
002858r 2               
002858r 2               ; ===========================================================================
002858r 2               ;   H A R D W A R E - E X T E N S I O N   S T A T E M E N T S
002858r 2               ; ===========================================================================
002858r 2               
002858r 2               ; --- Helpers --------------------------------------------------------------
002858r 2               
002858r 2               ; Raise ?NO DEVICE error.
002858r 2               NoDevErr:
002858r 2  A2 0F                ldx     #ERR_NODEV
00285Ar 2  4C rr rr             jmp     BasErrorVec
00285Dr 2               
00285Dr 2               ; Require A bits in HW_PRESENT (else ?NO DEVICE).
00285Dr 2               ;   Input : A = mask
00285Dr 2               ;   Output: A preserved on success
00285Dr 2               ReqHw:
00285Dr 2  2D 0D 03             and     HW_PRESENT
002860r 2  F0 F6                beq     NoDevErr
002862r 2  60                   rts
002863r 2               
002863r 2               ; Evaluate expression -> A in 0..255.
002863r 2               ;   On entry: ChrGot positioned at first byte of expression.
002863r 2               ;   On exit : A = byte, ChrGot returns char following expression.
002863r 2               EvalU8:
002863r 2  20 rr rr             jsr     GetByt                  ; X = byte, jmp ChrGot
002866r 2  8A                   txa
002867r 2  60                   rts
002868r 2               
002868r 2               ; Evaluate expression as 16-bit signed -> FAC+3 (hi), FAC+4 (lo).
002868r 2               EvalU16:
002868r 2  20 rr rr             jsr     FrmNum
00286Br 2  20 rr rr             jsr     AyInt
00286Er 2  4C rr rr             jmp     ChrGot
002871r 2               
002871r 2               ; Evaluate expression as 16-bit unsigned address (0..65535)
002871r 2               ;   -> FAC+3 (hi), FAC+4 (lo).  Used by SYS, POKE, PEEK, WAIT so the full
002871r 2               ;   6502 address space is reachable with positive decimal literals.
002871r 2               ;   Truncates fractional part.  Negative or >= 65536 raises ?ILLEGAL QUANTITY.
002871r 2               EvalAddrU16:
002871r 2  20 rr rr             jsr     FrmNum
002874r 2  20 rr rr             jsr     FacToU16
002877r 2  4C rr rr             jmp     ChrGot
00287Ar 2               
00287Ar 2               ; FacToU16 -- Convert FAC (must be 0..65535) to FAC+3 (hi), FAC+4 (lo).
00287Ar 2               ;   Negative or >= 65536 raises ?ILLEGAL QUANTITY.  Truncates fractional part.
00287Ar 2               FacToU16:
00287Ar 2  24 13                bit     FACSIGN
00287Cr 2  30 34                bmi     @illqty
00287Er 2  A5 0E                lda     FAC                     ; exponent byte (0 = value is zero)
002880r 2  F0 2B                beq     @zero
002882r 2  C9 91                cmp     #$91                    ; exp >= $91 means value >= 65536
002884r 2  B0 2C                bcs     @illqty
002886r 2                       ; Reconstruct top 16 bits of mantissa (with hidden 1 bit).
002886r 2  48                   pha                             ; save exponent byte
002887r 2  A5 0F                lda     FAC+1
002889r 2  09 80                ora     #$80                    ; restore hidden bit
00288Br 2  85 3B                sta     BAS_TMP1+1              ; hi
00288Dr 2  A5 10                lda     FAC+2
00288Fr 2  85 3A                sta     BAS_TMP1                ; lo
002891r 2                       ; Shift count = $90 - exp_byte (0..15).
002891r 2  68                   pla
002892r 2  38                   sec
002893r 2  E9 90                sbc     #$90
002895r 2  49 FF                eor     #$FF
002897r 2  18                   clc
002898r 2  69 01                adc     #1                      ; A = $90 - exp
00289Ar 2  F0 08                beq     @store                  ; zero shifts: already aligned
00289Cr 2  AA                   tax
00289Dr 2               @shloop:
00289Dr 2  46 3B                lsr     BAS_TMP1+1
00289Fr 2  66 3A                ror     BAS_TMP1
0028A1r 2  CA                   dex
0028A2r 2  D0 F9                bne     @shloop
0028A4r 2               @store:
0028A4r 2  A5 3B                lda     BAS_TMP1+1
0028A6r 2  85 11                sta     FAC+3
0028A8r 2  A5 3A                lda     BAS_TMP1
0028AAr 2  85 12                sta     FAC+4
0028ACr 2  60                   rts
0028ADr 2               @zero:
0028ADr 2  64 11                stz     FAC+3
0028AFr 2  64 12                stz     FAC+4
0028B1r 2  60                   rts
0028B2r 2               @illqty:
0028B2r 2  4C rr rr             jmp     IqErr
0028B5r 2               
0028B5r 2               ; Evaluate string expression -> copy up to 12 chars to BAS_FNAME,
0028B5r 2               ; null-terminate, set STR_PTR := BAS_FNAME, free temp string.
0028B5r 2               ; 12 = full 8.3 form ("NAME.EXT" = 8 name + '.' + 3 ext).
0028B5r 2               EvalString:
0028B5r 2  20 rr rr             jsr     FrmEvl
0028B8r 2  20 rr rr             jsr     ChkStr
0028BBr 2  A5 0F                lda     FAC+1
0028BDr 2  85 20                sta     INDEX
0028BFr 2  A5 10                lda     FAC+2
0028C1r 2  85 21                sta     INDEX+1
0028C3r 2  A0 00                ldy     #0
0028C5r 2  A6 0E                ldx     FAC                     ; length
0028C7r 2               @cpy:
0028C7r 2  C0 0C                cpy     #12
0028C9r 2  F0 0D                beq     @done
0028CBr 2  E0 00                cpx     #0
0028CDr 2  F0 09                beq     @done
0028CFr 2  B1 20                lda     (INDEX),y
0028D1r 2  99 81 03             sta     BAS_FNAME,y
0028D4r 2  C8                   iny
0028D5r 2  CA                   dex
0028D6r 2  80 EF                bra     @cpy
0028D8r 2               @done:
0028D8r 2  A9 00                lda     #0
0028DAr 2  99 81 03             sta     BAS_FNAME,y
0028DDr 2  A9 81                lda     #<BAS_FNAME
0028DFr 2  85 02                sta     STR_PTR
0028E1r 2  A9 03                lda     #>BAS_FNAME
0028E3r 2  85 03                sta     STR_PTR+1
0028E5r 2  4C rr rr             jmp     FreFac
0028E8r 2               
0028E8r 2               ; Print A as 2-digit decimal with leading zero (used by TIME/DATE).
0028E8r 2               BasPr2D:
0028E8r 2  A2 00                ldx     #0
0028EAr 2               @loop:
0028EAr 2  C9 0A                cmp     #10
0028ECr 2  90 05                bcc     @done
0028EEr 2  E9 0A                sbc     #10
0028F0r 2  E8                   inx
0028F1r 2  80 F7                bra     @loop
0028F3r 2               @done:
0028F3r 2  48                   pha
0028F4r 2  8A                   txa
0028F5r 2  09 30                ora     #'0'
0028F7r 2  20 rr rr             jsr     Chrout
0028FAr 2  68                   pla
0028FBr 2  09 30                ora     #'0'
0028FDr 2  4C rr rr             jmp     Chrout
002900r 2               
002900r 2               ; BasFixChain -- recompute end-of-program pointers after a program image load.
002900r 2               ; A program image is the raw bytes belonging at $0800 up: a tokenized line chain
002900r 2               ; and, for a .prg, machine code sitting past the chain's $0000 terminator.  A
002900r 2               ; chain walk alone only ever finds the end of the BASIC part, so the loader's
002900r 2               ; byte count has to be taken into account too.
002900r 2               ;   Input:  A = loaded image size lo, Y = size hi (0 = size unknown; chain only)
002900r 2               ;   Output: BAS_VARTAB = BAS_ARYTAB = BAS_STREND
002900r 2               ;             = max(chain-end + 2, PROGRAM_START + size)
002900r 2               ;   Note:   a size that would push the result past BAS_MEMSIZ is rejected and the
002900r 2               ;           chain-end candidate is used instead.
002900r 2               ; Mirroring VARTAB into ARYTAB/STREND matters on its own: Makenewvariable places
002900r 2               ; a new scalar at ARYTAB, so leaving it at its post-NEW $0802 makes the first
002900r 2               ; direct-mode assignment after a LOAD overwrite the program's first line.
002900r 2                       .assert (PROGRAM_START & $FF) = 0, error, "PROGRAM_START must be page-aligned"
002900r 2               BasFixChain:
002900r 2  85 3C                sta     BAS_TMP2                ; BAS_TMP2 = PROGRAM_START + size; the
002902r 2  98                   tya                             ; low byte passes through untouched
002903r 2  18                   clc                             ; because PROGRAM_START is page-aligned
002904r 2  69 08                adc     #>PROGRAM_START
002906r 2  85 3D                sta     BAS_TMP2+1
002908r 2  64 20                stz     INDEX
00290Ar 2  A9 08                lda     #>PROGRAM_START
00290Cr 2  85 21                sta     INDEX+1
00290Er 2               @walk:
00290Er 2  A0 01                ldy     #1
002910r 2  B1 20                lda     (INDEX),y               ; next-ptr hi
002912r 2  85 3A                sta     BAS_TMP1
002914r 2  88                   dey
002915r 2  11 20                ora     (INDEX),y               ; both bytes zero -> terminator
002917r 2  F0 15                beq     @end
002919r 2                       ; Lines ascend in memory.  LOAD accepts any file, so a corrupt or
002919r 2                       ; cyclic chain is reachable here — stop at the last good line rather
002919r 2                       ; than loop forever.
002919r 2  38                   sec
00291Ar 2  A5 20                lda     INDEX
00291Cr 2  F1 20                sbc     (INDEX),y
00291Er 2  A5 21                lda     INDEX+1
002920r 2  E5 3A                sbc     BAS_TMP1
002922r 2  B0 0A                bcs     @end                    ; current >= next -> not a real chain
002924r 2  B1 20                lda     (INDEX),y               ; next-ptr lo
002926r 2  85 20                sta     INDEX
002928r 2  A5 3A                lda     BAS_TMP1
00292Ar 2  85 21                sta     INDEX+1
00292Cr 2  80 E0                bra     @walk
00292Er 2               @end:
00292Er 2                       ; INDEX points at terminator ($00 $00).  Candidate A = INDEX + 2.
00292Er 2  18                   clc
00292Fr 2  A5 20                lda     INDEX
002931r 2  69 02                adc     #2
002933r 2  8D 5F 03             sta     BAS_VARTAB
002936r 2  A5 21                lda     INDEX+1
002938r 2  69 00                adc     #0
00293Ar 2  8D 60 03             sta     BAS_VARTAB+1
00293Dr 2                       ; Candidate B = BAS_TMP2.  Keep it only when A <= B <= MEMSIZ, so a
00293Dr 2                       ; short or absent size loses the max and a bogus one cannot push
00293Dr 2                       ; VARTAB out of memory.
00293Dr 2  38                   sec
00293Er 2  A5 3C                lda     BAS_TMP2
002940r 2  ED 5F 03             sbc     BAS_VARTAB
002943r 2  A5 3D                lda     BAS_TMP2+1
002945r 2  ED 60 03             sbc     BAS_VARTAB+1
002948r 2  90 17                bcc     @mirror                 ; B < A -> keep A
00294Ar 2  38                   sec
00294Br 2  AD 67 03             lda     BAS_MEMSIZ
00294Er 2  E5 3C                sbc     BAS_TMP2
002950r 2  AD 68 03             lda     BAS_MEMSIZ+1
002953r 2  E5 3D                sbc     BAS_TMP2+1
002955r 2  90 0A                bcc     @mirror                 ; B > MEMSIZ -> reject, keep A
002957r 2  A5 3C                lda     BAS_TMP2
002959r 2  8D 5F 03             sta     BAS_VARTAB
00295Cr 2  A5 3D                lda     BAS_TMP2+1
00295Er 2  8D 60 03             sta     BAS_VARTAB+1
002961r 2               @mirror:
002961r 2                       ; ARYTAB / STREND follow VARTAB on a fresh load: no variables yet.
002961r 2  A2 01                ldx     #1
002963r 2               @copy:
002963r 2  BD 5F 03             lda     BAS_VARTAB,x
002966r 2  9D 61 03             sta     BAS_ARYTAB,x
002969r 2  9D 63 03             sta     BAS_STREND,x
00296Cr 2  CA                   dex
00296Dr 2  10 F4                bpl     @copy
00296Fr 2  60                   rts
002970r 2               
002970r 2               ; --- Statements -----------------------------------------------------------
002970r 2               
002970r 2               ; SYS addr[,a[,x[,y]]] -- call a machine-code routine; RTS comes back here.
002970r 2               ; A, X and Y are loaded from the optional arguments (0 when omitted) and the
002970r 2               ; routine is entered with decimal mode and the interrupt mask clear.  What it
002970r 2               ; returns in A, X, Y and P is left in BRK_A/X/Y/P (PEEK 787/788/789/784), the
002970r 2               ; bytes a BRK report reads from.  The arguments wait there too: FrmEvl owns
002970r 2               ; every zero-page scratch byte, and nothing else runs between the last
002970r 2               ; argument and the call.
002970r 2               BasCmdSys:
002970r 2  20 rr rr             jsr     EvalAddrU16
002973r 2  A5 12                lda     FAC+4                   ; lo, and hi, across the evaluations
002975r 2  48                   pha
002976r 2  A5 11                lda     FAC+3
002978r 2  48                   pha
002979r 2  9C 13 03             stz     BRK_A
00297Cr 2  9C 14 03             stz     BRK_X
00297Fr 2  9C 15 03             stz     BRK_Y
002982r 2  A2 00                ldx     #0
002984r 2               @arg:
002984r 2  20 rr rr             jsr     ChrGot
002987r 2  C9 2C                cmp     #','
002989r 2  D0 0E                bne     @call
00298Br 2  DA                   phx
00298Cr 2  20 rr rr             jsr     GetComByt               ; X = value
00298Fr 2  8A                   txa
002990r 2  FA                   plx
002991r 2  9D 13 03             sta     BRK_A,x
002994r 2  E8                   inx
002995r 2  E0 03                cpx     #3
002997r 2  D0 EB                bne     @arg
002999r 2               @call:
002999r 2  68                   pla
00299Ar 2  85 21                sta     INDEX+1
00299Cr 2  68                   pla
00299Dr 2  85 20                sta     INDEX
00299Fr 2  20 rr rr             jsr     @go
0029A2r 2  08                   php
0029A3r 2  8D 13 03             sta     BRK_A
0029A6r 2  8E 14 03             stx     BRK_X
0029A9r 2  8C 15 03             sty     BRK_Y
0029ACr 2  68                   pla
0029ADr 2  8D 10 03             sta     BRK_P
0029B0r 2  D8                   cld
0029B1r 2  60                   rts
0029B2r 2               @go:
0029B2r 2  AD 13 03             lda     BRK_A
0029B5r 2  AE 14 03             ldx     BRK_X
0029B8r 2  AC 15 03             ldy     BRK_Y
0029BBr 2  D8                   cld
0029BCr 2  58                   cli
0029BDr 2  6C 20 00             jmp     (INDEX)
0029C0r 2               
0029C0r 2               ; ---------------------------------------------------------------------------
0029C0r 2               ; Byte arguments, with the ranges the README documents.
0029C0r 2               ;
0029C0r 2               ; GetByt itself only rejects a value that will not fit in a byte.  Every
0029C0r 2               ; statement below has a narrower range than that -- a volume of 0-15, a screen
0029C0r 2               ; row of 0-23, an hour of 0-23 -- and each of them used to take whatever byte
0029C0r 2               ; it was handed and fold it into something legal.  VOL 16 masked to 4 bits and
0029C0r 2               ; set the volume to *zero*; LOCATE 24,0 pointed the cursor past the end of the
0029C0r 2               ; name table; SETTIME 24,61,61 wrote BCD the DS1511Y has no values for.  None
0029C0r 2               ; of them said anything.
0029C0r 2               ;
0029C0r 2               ; So the range travels with the fetch.  A = one past the highest legal value;
0029C0r 2               ; anything from there up raises ILLEGAL QUANTITY, as NVRAM's address already
0029C0r 2               ; did.  GetComByteLim is the same thing preceded by the comma between two
0029C0r 2               ; arguments, and it costs a byte *less* per site than the `jsr ChkCom /
0029C0r 2               ; jsr GetByt` pair it replaces -- which is how thirteen range checks fit into
0029C0r 2               ; a segment that had one byte spare.
0029C0r 2               ;
0029C0r 2               ; The limit is parked on the stack across the fetch rather than in scratch:
0029C0r 2               ; GetByt runs the whole expression evaluator, which reaches BAS_TMP3 itself.
0029C0r 2               ; Between the `pla` and the `cpx` nothing runs at all, so the byte is safe
0029C0r 2               ; there and nowhere earlier.
0029C0r 2               ; ---------------------------------------------------------------------------
0029C0r 2               
0029C0r 2               ; GetComByt - a comma, then an unchecked byte argument.
0029C0r 2               GetComByt:
0029C0r 2  20 rr rr             jsr     ChkCom
0029C3r 2  4C rr rr             jmp     GetByt
0029C6r 2               
0029C6r 2               ; GetComByteLim / GetByteLim - the same, with a range.  X = value.
0029C6r 2               GetComByteLim:
0029C6r 2  48                   pha                             ; the limit, across the comma
0029C7r 2  20 rr rr             jsr     ChkCom
0029CAr 2  68                   pla
0029CBr 2               GetByteLim:
0029CBr 2  48                   pha                             ; and across the evaluator
0029CCr 2  20 rr rr             jsr     GetByt                  ; X = value
0029CFr 2  68                   pla
0029D0r 2  85 3E                sta     BAS_TMP3
0029D2r 2  E4 3E                cpx     BAS_TMP3
0029D4r 2  B0 01                bcs     BasRangeErr             ; value >= limit
0029D6r 2  60                   rts
0029D7r 2               BasRangeErr:
0029D7r 2  4C rr rr             jmp     IqErr
0029DAr 2               
0029DAr 2               ; The five statements below reach hardware that a machine may not have fitted,
0029DAr 2               ; and none of them raises ?NO DEVICE for it: a screen or a speaker has no answer
0029DAr 2               ; to return, so there is nothing an error could tell the program that silence
0029DAr 2               ; does not.  A game that beeps on a hit keeps playing on a machine with no sound
0029DAr 2               ; card.  The skip lives in the Kernal routine each one ends in, which is what
0029DAr 2               ; makes the same promise to a cartridge calling the slot directly; the arguments
0029DAr 2               ; are parsed and range-checked here either way, so a program is wrong or right
0029DAr 2               ; on every machine rather than on the one it was written on.
0029DAr 2               ;
0029DAr 2               ; The statements that read or write *data* — the CF and RTC ones below — do
0029DAr 2               ; raise ?NO DEVICE, and for the same reason: they have an answer to return and
0029DAr 2               ; cannot.
0029DAr 2               
0029DAr 2               ; CLS
0029DAr 2               BasCmdCls:
0029DAr 2  4C rr rr             jmp     VideoClear
0029DDr 2               
0029DDr 2               ; LOCATE row, col
0029DDr 2               BasCmdLocate:
0029DDr 2  A9 18                lda     #24                     ; rows 0-23
0029DFr 2  20 rr rr             jsr     GetByteLim              ; X = row
0029E2r 2  DA                   phx
0029E3r 2  A9 28                lda     #40                     ; columns 0-39
0029E5r 2  20 rr rr             jsr     GetComByteLim           ; X = col
0029E8r 2  7A                   ply                             ; Y = row
0029E9r 2  4C rr rr             jmp     VideoSetCursor
0029ECr 2               
0029ECr 2               ; COLOR fg[, bg[, border]]
0029ECr 2               ;   The pen for later output.  bg defaults to the current pen's.  Every argument
0029ECr 2               ;   is read before anything is set, so an error leaves pen and border alone.
0029ECr 2               ;   Without a border, VideoSetColor: the border follows bg.  With one, the pen
0029ECr 2               ;   through VideoSetPen and register 7 = fg<<4 | border in one write — setting
0029ECr 2               ;   bg there first would show it for part of every frame the loop runs in.
0029ECr 2               BasCmdColor:
0029ECr 2  A9 10                lda     #16                     ; colours 0-15
0029EEr 2  20 rr rr             jsr     GetByteLim              ; X = fg
0029F1r 2  8A                   txa
0029F2r 2  0A                   asl     a
0029F3r 2  0A                   asl     a
0029F4r 2  0A                   asl     a
0029F5r 2  0A                   asl     a
0029F6r 2  48                   pha                             ; fg must survive FrmEvl -> stack, not ZP
0029F7r 2  AD 91 03             lda     VID_PEN
0029FAr 2  29 0F                and     #$0F
0029FCr 2  AA                   tax                             ; X = bg if none is given
0029FDr 2  20 rr rr             jsr     ChrGot
002A00r 2  C9 2C                cmp     #','
002A02r 2  D0 05                bne     @bg
002A04r 2  A9 10                lda     #16
002A06r 2  20 rr rr             jsr     GetComByteLim           ; X = bg, already known to fit a nibble
002A09r 2               @bg:
002A09r 2  86 3A                stx     BAS_TMP1
002A0Br 2  68                   pla
002A0Cr 2  05 3A                ora     BAS_TMP1
002A0Er 2  48                   pha                             ; the pen, across the border's FrmEvl
002A0Fr 2  20 rr rr             jsr     ChrGot
002A12r 2  C9 2C                cmp     #','
002A14r 2  D0 14                bne     @pen
002A16r 2  A9 10                lda     #16
002A18r 2  20 rr rr             jsr     GetComByteLim           ; X = border
002A1Br 2  68                   pla
002A1Cr 2  20 rr rr             jsr     VideoSetPen             ; keeps A, X and Y
002A1Fr 2  86 3A                stx     BAS_TMP1
002A21r 2  29 F0                and     #$F0
002A23r 2  05 3A                ora     BAS_TMP1
002A25r 2  A2 07                ldx     #VDP_COLOR
002A27r 2  4C rr rr             jmp     VdpWriteRegImpl         ; Skips without a card
002A2Ar 2               @pen:
002A2Ar 2  68                   pla
002A2Br 2  4C rr rr             jmp     VideoSetColor
002A2Er 2               
002A2Er 2               ; VOL n
002A2Er 2               BasCmdVol:
002A2Er 2  A9 10                lda     #16                     ; volume 0-15
002A30r 2  20 rr rr             jsr     GetByteLim              ; X = vol
002A33r 2  8A                   txa
002A34r 2  4C rr rr             jmp     SidSetVolume
002A37r 2               
002A37r 2               ; SOUND voice, freq, dur (freq=Hz, dur=centisec)
002A37r 2               ;   Hz -> SID register: reg = Hz * 16.75 ≈ Hz<<4 + Hz - Hz/4
002A37r 2               BasCmdSound:
002A37r 2  A9 04                lda     #4                      ; voices 1-3, after Commodore BASIC V3.5
002A39r 2  20 rr rr             jsr     GetByteLim              ; X = voice
002A3Cr 2  CA                   dex                             ; 0-indexed for SidPlayNote
002A3Dr 2  30 98                bmi     BasRangeErr             ; voice 0 underflowed to $FF
002A3Fr 2  DA                   phx                             ; voice (0-indexed) on stack
002A40r 2  20 rr rr             jsr     ChkCom
002A43r 2  20 rr rr             jsr     EvalU16                 ; freq Hz: hi=FAC+3, lo=FAC+4
002A46r 2                       ; Compute reg = Hz<<4 + Hz - Hz/4
002A46r 2  A5 12                lda     FAC+4
002A48r 2  85 3A                sta     BAS_TMP1
002A4Ar 2  A5 11                lda     FAC+3
002A4Cr 2  85 3B                sta     BAS_TMP1+1
002A4Er 2  A5 3A                lda     BAS_TMP1
002A50r 2  85 3C                sta     BAS_TMP2
002A52r 2  A5 3B                lda     BAS_TMP1+1
002A54r 2  85 3D                sta     BAS_TMP2+1
002A56r 2  A2 04                ldx     #4
002A58r 2               @shl:
002A58r 2  06 3A                asl     BAS_TMP1
002A5Ar 2  26 3B                rol     BAS_TMP1+1
002A5Cr 2  CA                   dex
002A5Dr 2  D0 F9                bne     @shl
002A5Fr 2  18                   clc
002A60r 2  A5 3A                lda     BAS_TMP1
002A62r 2  65 3C                adc     BAS_TMP2
002A64r 2  85 3A                sta     BAS_TMP1
002A66r 2  A5 3B                lda     BAS_TMP1+1
002A68r 2  65 3D                adc     BAS_TMP2+1
002A6Ar 2  85 3B                sta     BAS_TMP1+1
002A6Cr 2  46 3D                lsr     BAS_TMP2+1
002A6Er 2  66 3C                ror     BAS_TMP2
002A70r 2  46 3D                lsr     BAS_TMP2+1
002A72r 2  66 3C                ror     BAS_TMP2
002A74r 2  38                   sec
002A75r 2  A5 3A                lda     BAS_TMP1
002A77r 2  E5 3C                sbc     BAS_TMP2
002A79r 2  48                   pha                             ; freqLo
002A7Ar 2  A5 3B                lda     BAS_TMP1+1
002A7Cr 2  E5 3D                sbc     BAS_TMP2+1
002A7Er 2  48                   pha                             ; freqHi
002A7Fr 2  20 rr rr             jsr     ChkCom
002A82r 2  20 rr rr             jsr     EvalU16                 ; dur in FAC+3/+4
002A85r 2                       ; Stack (top-down): freqHi, freqLo, voice
002A85r 2  7A                   ply                             ; Y = freqHi
002A86r 2  FA                   plx                             ; X = freqLo
002A87r 2  68                   pla                             ; A = voice
002A88r 2  20 rr rr             jsr     SidPlayNote
002A8Br 2  A5 12                lda     FAC+4
002A8Dr 2  A6 11                ldx     FAC+3
002A8Fr 2  20 rr rr             jsr     SysDelay
002A92r 2  4C rr rr             jmp     SidSilence
002A95r 2               
002A95r 2               ; TIME
002A95r 2               BasCmdTime:
002A95r 2  A9 04                lda     #HW_RTC
002A97r 2  20 rr rr             jsr     ReqHw
002A9Ar 2  20 rr rr             jsr     RtcReadTime             ; A=hours, X=min, Y=sec
002A9Dr 2  5A                   phy
002A9Er 2  DA                   phx
002A9Fr 2  20 rr rr             jsr     BasPr2D                 ; print hours
002AA2r 2  A9 3A                lda     #':'
002AA4r 2  20 rr rr             jsr     Chrout
002AA7r 2  68                   pla
002AA8r 2  20 rr rr             jsr     BasPr2D
002AABr 2  A9 3A                lda     #':'
002AADr 2  20 rr rr             jsr     Chrout
002AB0r 2  68                   pla
002AB1r 2  20 rr rr             jsr     BasPr2D
002AB4r 2  4C rr rr             jmp     BasPrintCRLF
002AB7r 2               
002AB7r 2               ; DATE
002AB7r 2               BasCmdDate:
002AB7r 2  A9 04                lda     #HW_RTC
002AB9r 2  20 rr rr             jsr     ReqHw
002ABCr 2  20 rr rr             jsr     RtcReadDate             ; A=day, X=month, Y=year
002ABFr 2  48                   pha
002AC0r 2  DA                   phx
002AC1r 2  5A                   phy
002AC2r 2  AD 0B 03             lda     RTC_BUF_CENT
002AC5r 2  20 rr rr             jsr     BasPr2D
002AC8r 2  68                   pla
002AC9r 2  20 rr rr             jsr     BasPr2D
002ACCr 2  A9 2D                lda     #'-'
002ACEr 2  20 rr rr             jsr     Chrout
002AD1r 2  68                   pla
002AD2r 2  20 rr rr             jsr     BasPr2D
002AD5r 2  A9 2D                lda     #'-'
002AD7r 2  20 rr rr             jsr     Chrout
002ADAr 2  68                   pla
002ADBr 2  20 rr rr             jsr     BasPr2D
002ADEr 2  4C rr rr             jmp     BasPrintCRLF
002AE1r 2               
002AE1r 2               ; SETTIME h, m, s
002AE1r 2               BasCmdSettime:
002AE1r 2  A9 04                lda     #HW_RTC
002AE3r 2  20 rr rr             jsr     ReqHw
002AE6r 2  A9 18                lda     #24                     ; hours 0-23
002AE8r 2  20 rr rr             jsr     GetByteLim              ; X = h
002AEBr 2  DA                   phx
002AECr 2  A9 3C                lda     #60                     ; minutes 0-59
002AEEr 2  20 rr rr             jsr     GetComByteLim           ; X = m
002AF1r 2  DA                   phx
002AF2r 2  A9 3C                lda     #60                     ; seconds 0-59
002AF4r 2  20 rr rr             jsr     GetComByteLim           ; X = s
002AF7r 2  8A                   txa
002AF8r 2  A8                   tay                             ; Y = s
002AF9r 2  FA                   plx                             ; X = m
002AFAr 2  68                   pla                             ; A = h
002AFBr 2  4C rr rr             jmp     RtcWriteTime
002AFEr 2               
002AFEr 2               ; SETDATE c, y, m, d
002AFEr 2               BasCmdSetdate:
002AFEr 2  A9 04                lda     #HW_RTC
002B00r 2  20 rr rr             jsr     ReqHw
002B03r 2  A9 64                lda     #100                    ; century 0-99, as two BCD digits
002B05r 2  20 rr rr             jsr     GetByteLim
002B08r 2  8E 0B 03             stx     RTC_BUF_CENT
002B0Br 2  A9 64                lda     #100                    ; year 0-99
002B0Dr 2  20 rr rr             jsr     GetComByteLim
002B10r 2  DA                   phx                             ; year
002B11r 2  A9 0D                lda     #13                     ; months 1-12, so reject 0 as well
002B13r 2  20 rr rr             jsr     GetComByteLim
002B16r 2  E0 01                cpx     #1
002B18r 2  90 10                bcc     @bad
002B1Ar 2  DA                   phx                             ; month
002B1Br 2  A9 20                lda     #32                     ; days 1-31.  Which months are short is
002B1Dr 2  20 rr rr             jsr     GetComByteLim           ;   left alone: it needs a table and a
002B20r 2  E0 01                cpx     #1                      ;   leap rule for one wrong day a year,
002B22r 2  90 06                bcc     @bad                    ;   and the DS1511Y does not check it
002B24r 2                                                       ;   either
002B24r 2  8A                   txa
002B25r 2  FA                   plx                             ; X=month
002B26r 2  7A                   ply                             ; Y=year
002B27r 2  4C rr rr             jmp     RtcWriteDate
002B2Ar 2               @bad:                                   ; BasRangeErr is out of branch reach
002B2Ar 2  4C rr rr             jmp     IqErr
002B2Dr 2               
002B2Dr 2               ; NVRAM addr, val
002B2Dr 2               BasCmdNvram:
002B2Dr 2  A9 04                lda     #HW_RTC
002B2Fr 2  20 rr rr             jsr     ReqHw
002B32r 2  20 rr rr             jsr     GetByt                  ; addr; GetByt's own 0-255 is the range
002B35r 2  DA                   phx
002B36r 2  20 rr rr             jsr     GetComByt               ; X=val
002B39r 2  8A                   txa                             ; A=val
002B3Ar 2  FA                   plx                             ; X=addr
002B3Br 2  4C rr rr             jmp     RtcWriteNVRAM
002B3Er 2               
002B3Er 2               ; WAIT addr, mask
002B3Er 2               ; As with POKE, the address must survive evaluation of the second argument,
002B3Er 2               ; which is free to trample BAS_TMP1 (FacToU16, MID$/LEFT$/RIGHT$, ...).
002B3Er 2               BasCmdWait:
002B3Er 2  20 rr rr             jsr     EvalAddrU16
002B41r 2  A5 11                lda     FAC+3                   ; hi
002B43r 2  48                   pha
002B44r 2  A5 12                lda     FAC+4                   ; lo
002B46r 2  48                   pha
002B47r 2  20 rr rr             jsr     GetComByt               ; X = mask
002B4Ar 2  86 3C                stx     BAS_TMP2
002B4Cr 2  68                   pla
002B4Dr 2  85 3A                sta     BAS_TMP1
002B4Fr 2  68                   pla
002B50r 2  85 3B                sta     BAS_TMP1+1
002B52r 2               @poll:
002B52r 2  20 rr rr             jsr     BasCheckBreak
002B55r 2  A0 00                ldy     #0
002B57r 2  B1 3A                lda     (BAS_TMP1),y
002B59r 2  25 3C                and     BAS_TMP2
002B5Br 2  F0 F5                beq     @poll
002B5Dr 2  60                   rts
002B5Er 2               
002B5Er 2               ; PAUSE n (centiseconds)
002B5Er 2               BasCmdPause:
002B5Er 2  20 rr rr             jsr     EvalU16
002B61r 2  A5 12                lda     FAC+4
002B63r 2  A6 11                ldx     FAC+3
002B65r 2  4C rr rr             jmp     SysDelay
002B68r 2               
002B68r 2               ; BANK n
002B68r 2               BasCmdBank:
002B68r 2  A9 01                lda     #HW_RAM_L
002B6Ar 2  20 rr rr             jsr     ReqHw
002B6Dr 2  20 rr rr             jsr     GetByt                  ; X = bank
002B70r 2  8E FF 83             stx     RAM_BANK_L
002B73r 2  60                   rts
002B74r 2               
002B74r 2               ; POKE addr, val
002B74r 2               ; The value expression is evaluated BEFORE the address is parked in INDEX:
002B74r 2               ; FrmEvl clobbers every zero-page scratch pair (INDEX via LoadFacFromYa,
002B74r 2               ; BAS_TMP1 via FacToU16 / the string functions), so the address has to ride
002B74r 2               ; the hardware stack across the evaluation.
002B74r 2               BasCmdPoke:
002B74r 2  20 rr rr             jsr     EvalAddrU16
002B77r 2  A5 11                lda     FAC+3                   ; hi
002B79r 2  48                   pha
002B7Ar 2  A5 12                lda     FAC+4                   ; lo
002B7Cr 2  48                   pha
002B7Dr 2  20 rr rr             jsr     ChkCom
002B80r 2  20 rr rr             jsr     GetByt                  ; X = val
002B83r 2  68                   pla
002B84r 2  85 20                sta     INDEX
002B86r 2  68                   pla
002B87r 2  85 21                sta     INDEX+1
002B89r 2  8A                   txa
002B8Ar 2  A0 00                ldy     #0
002B8Cr 2  91 20                sta     (INDEX),y
002B8Er 2  60                   rts
002B8Fr 2               
002B8Fr 2               ; LOAD ["name"] / LOAD (bare) / LOAD "name"
002B8Fr 2               BasCmdLoad:
002B8Fr 2  20 rr rr             jsr     ChrGot
002B92r 2  F0 02                beq     @bare
002B94r 2  80 19                bra     @cf                     ; any argument is a filename expression
002B96r 2               @bare:
002B96r 2  A9 10                lda     #HW_SC
002B98r 2  20 rr rr             jsr     ReqHw
002B9Br 2  A9 00                lda     #<PROGRAM_START
002B9Dr 2  85 2A                sta     XFER_PTR
002B9Fr 2  A9 08                lda     #>PROGRAM_START
002BA1r 2  85 2B                sta     XFER_PTR+1
002BA3r 2  20 rr rr             jsr     XModemLoad
002BA6r 2                       ; XMODEM rounds up to a 128-byte block, so this can overshoot the true
002BA6r 2                       ; end by up to 127 bytes: it wastes a little variable space, never
002BA6r 2                       ; truncates.
002BA6r 2  AD 17 03             lda     XFER_REMAIN
002BA9r 2  AC 18 03             ldy     XFER_REMAIN+1
002BACr 2  4C rr rr             jmp     BasFixChain
002BAFr 2               @cf:
002BAFr 2  A9 08                lda     #HW_CF
002BB1r 2  20 rr rr             jsr     ReqHw
002BB4r 2  20 rr rr             jsr     EvalString
002BB7r 2  20 rr rr             jsr     FsLoadFile
002BBAr 2  B0 09                bcs     @err
002BBCr 2  AD 4A 03             lda     FS_FILE_SIZE
002BBFr 2  AC 4B 03             ldy     FS_FILE_SIZE+1
002BC2r 2  4C rr rr             jmp     BasFixChain
002BC5r 2               @err:
002BC5r 2  A9 rr                lda     #<MsgLoadErr
002BC7r 2  A0 rr                ldy     #>MsgLoadErr
002BC9r 2  4C rr rr             jmp     BasPrintStr
002BCCr 2               
002BCCr 2               ; SAVE / SAVE "name"
002BCCr 2               BasCmdSave:
002BCCr 2  20 rr rr             jsr     ChrGot
002BCFr 2  F0 02                beq     @bare
002BD1r 2  80 21                bra     @cf                     ; any argument is a filename expression
002BD3r 2               @bare:
002BD3r 2  A9 10                lda     #HW_SC
002BD5r 2  20 rr rr             jsr     ReqHw
002BD8r 2  A9 00                lda     #<PROGRAM_START
002BDAr 2  85 2A                sta     XFER_PTR
002BDCr 2  A9 08                lda     #>PROGRAM_START
002BDEr 2  85 2B                sta     XFER_PTR+1
002BE0r 2  38                   sec
002BE1r 2  AD 5F 03             lda     BAS_VARTAB
002BE4r 2  E9 00                sbc     #<PROGRAM_START
002BE6r 2  8D 17 03             sta     XFER_REMAIN
002BE9r 2  AD 60 03             lda     BAS_VARTAB+1
002BECr 2  E9 08                sbc     #>PROGRAM_START
002BEEr 2  8D 18 03             sta     XFER_REMAIN+1
002BF1r 2  4C rr rr             jmp     XModemSave
002BF4r 2               @cf:
002BF4r 2  A9 08                lda     #HW_CF
002BF6r 2  20 rr rr             jsr     ReqHw
002BF9r 2  20 rr rr             jsr     EvalString
002BFCr 2  38                   sec
002BFDr 2  AD 5F 03             lda     BAS_VARTAB
002C00r 2  E9 00                sbc     #<PROGRAM_START
002C02r 2  8D 4A 03             sta     FS_FILE_SIZE
002C05r 2  AD 60 03             lda     BAS_VARTAB+1
002C08r 2  E9 08                sbc     #>PROGRAM_START
002C0Ar 2  8D 4B 03             sta     FS_FILE_SIZE+1
002C0Dr 2  20 rr rr             jsr     FsSaveFile
002C10r 2  B0 01                bcs     @err
002C12r 2  60                   rts
002C13r 2               @err:
002C13r 2  A9 rr                lda     #<MsgSaveErr
002C15r 2  A0 rr                ldy     #>MsgSaveErr
002C17r 2  4C rr rr             jmp     BasPrintStr
002C1Ar 2               
002C1Ar 2               ; DIR
002C1Ar 2               BasCmdDir:
002C1Ar 2  A9 08                lda     #HW_CF
002C1Cr 2  20 rr rr             jsr     ReqHw
002C1Fr 2  4C rr rr             jmp     FsDirectory
002C22r 2               
002C22r 2               ; DEL "name"
002C22r 2               BasCmdDel:
002C22r 2  A9 08                lda     #HW_CF
002C24r 2  20 rr rr             jsr     ReqHw
002C27r 2  20 rr rr             jsr     EvalString
002C2Ar 2  20 rr rr             jsr     FsDeleteFile
002C2Dr 2  B0 01                bcs     @err
002C2Fr 2  60                   rts
002C30r 2               @err:
002C30r 2  A9 rr                lda     #<MsgDelErr
002C32r 2  A0 rr                ldy     #>MsgDelErr
002C34r 2  4C rr rr             jmp     BasPrintStr
002C37r 2               
002C37r 2               ; MEM -- print "nnnnn BYTES FREE  HW=$xx"
002C37r 2               BasCmdMem:
002C37r 2                       ; Free bytes = MEMSIZ - VARTAB
002C37r 2  38                   sec
002C38r 2  AD 67 03             lda     BAS_MEMSIZ
002C3Br 2  ED 5F 03             sbc     BAS_VARTAB
002C3Er 2  A8                   tay
002C3Fr 2  AD 68 03             lda     BAS_MEMSIZ+1
002C42r 2  ED 60 03             sbc     BAS_VARTAB+1
002C45r 2  20 rr rr             jsr     GivAyf                  ; FAC = unsigned int from (Y,A)
002C48r 2                       ; Wait: GivAyf is signed.  For this simple display, OK if < 32768.
002C48r 2  20 rr rr             jsr     PrintNum
002C4Br 2  A9 rr                lda     #<MsgFree
002C4Dr 2  A0 rr                ldy     #>MsgFree
002C4Fr 2  20 rr rr             jsr     BasPrintStr
002C52r 2  A9 24                lda     #'$'
002C54r 2  20 rr rr             jsr     Chrout
002C57r 2  AD 0D 03             lda     HW_PRESENT
002C5Ar 2  20 rr rr             jsr     PrintHexByte
002C5Dr 2  20 rr rr             jsr     BasPrintCRLF
002C60r 2  4C rr rr             jmp     FsPrintDisk             ; print "DISK n" line
002C63r 2               
002C63r 2               ; DISK n -- select the current CF disk bank (0-255)
002C63r 2               BasCmdDisk:
002C63r 2  20 rr rr             jsr     GetByt                  ; X = value 0-255
002C66r 2  8E 0F 03             stx     CF_DISK
002C69r 2  60                   rts
002C6Ar 2               
002C6Ar 2               ; BLOAD addr[,"name"] -- load a file's raw bytes to addr, or with no name
002C6Ar 2               ; receive them over XModem.  The card each path needs is asked for once the
002C6Ar 2               ; arguments say which path it is.
002C6Ar 2               BasCmdBload:
002C6Ar 2  20 rr rr             jsr     EvalAddrU16             ; FAC+3 = hi, FAC+4 = lo
002C6Dr 2  A5 12                lda     z:FAC+4
002C6Fr 2  8D 7F 03             sta     FS_IO_ADDR
002C72r 2  85 2A                sta     XFER_PTR
002C74r 2  A5 11                lda     z:FAC+3
002C76r 2  8D 80 03             sta     FS_IO_ADDR+1
002C79r 2  85 2B                sta     XFER_PTR+1
002C7Br 2  20 rr rr             jsr     ChrGot
002C7Er 2  D0 0A                bne     @cf
002C80r 2  A9 10                lda     #HW_SC
002C82r 2  20 rr rr             jsr     ReqHw
002C85r 2  20 rr rr             jsr     XModemLoad
002C88r 2  80 0E                bra     @done
002C8Ar 2               @cf:
002C8Ar 2  A9 08                lda     #HW_CF
002C8Cr 2  20 rr rr             jsr     ReqHw
002C8Fr 2  20 rr rr             jsr     ChkCom
002C92r 2  20 rr rr             jsr     EvalString              ; filename -> BAS_FNAME, STR_PTR
002C95r 2  20 rr rr             jsr     FsLoadFileAddr
002C98r 2               @done:
002C98r 2  B0 01                bcs     BasLoadErr
002C9Ar 2  60                   rts
002C9Br 2               BasLoadErr:
002C9Br 2  A9 rr                lda     #<MsgLoadErr
002C9Dr 2  A0 rr                ldy     #>MsgLoadErr
002C9Fr 2  4C rr rr             jmp     BasPrintStr
002CA2r 2               
002CA2r 2               ; BSAVE addr, len[,"name"] -- save len bytes from addr to a file, or with no
002CA2r 2               ; name send them over XModem
002CA2r 2               BasCmdBsave:
002CA2r 2  20 rr rr             jsr     EvalAddrU16             ; addr
002CA5r 2  A5 12                lda     z:FAC+4
002CA7r 2  8D 7F 03             sta     FS_IO_ADDR
002CAAr 2  85 2A                sta     XFER_PTR
002CACr 2  A5 11                lda     z:FAC+3
002CAEr 2  8D 80 03             sta     FS_IO_ADDR+1
002CB1r 2  85 2B                sta     XFER_PTR+1
002CB3r 2  20 rr rr             jsr     ChkCom
002CB6r 2  20 rr rr             jsr     EvalAddrU16             ; length in bytes
002CB9r 2  A5 12                lda     z:FAC+4
002CBBr 2  8D 4A 03             sta     FS_FILE_SIZE
002CBEr 2  8D 17 03             sta     XFER_REMAIN
002CC1r 2  A5 11                lda     z:FAC+3
002CC3r 2  8D 4B 03             sta     FS_FILE_SIZE+1
002CC6r 2  8D 18 03             sta     XFER_REMAIN+1
002CC9r 2  20 rr rr             jsr     ChrGot
002CCCr 2  D0 0A                bne     @cf
002CCEr 2  A9 10                lda     #HW_SC
002CD0r 2  20 rr rr             jsr     ReqHw
002CD3r 2  20 rr rr             jsr     XModemSave
002CD6r 2  80 0E                bra     @done
002CD8r 2               @cf:
002CD8r 2  A9 08                lda     #HW_CF
002CDAr 2  20 rr rr             jsr     ReqHw
002CDDr 2  20 rr rr             jsr     ChkCom
002CE0r 2  20 rr rr             jsr     EvalString              ; filename
002CE3r 2  20 rr rr             jsr     FsSaveFileAddr
002CE6r 2               @done:
002CE6r 2  B0 01                bcs     @err
002CE8r 2  60                   rts
002CE9r 2               @err:
002CE9r 2  A9 rr                lda     #<MsgSaveErr
002CEBr 2  A0 rr                ldy     #>MsgSaveErr
002CEDr 2  4C rr rr             jmp     BasPrintStr
002CF0r 2               
002CF0r 2               ; FORMAT -- erase (zero) the current disk's directory, with confirmation
002CF0r 2               BasCmdFormat:
002CF0r 2  A9 08                lda     #HW_CF
002CF2r 2  20 rr rr             jsr     ReqHw
002CF5r 2  A9 rr                lda     #<MsgEraseDisk
002CF7r 2  A0 rr                ldy     #>MsgEraseDisk
002CF9r 2  20 rr rr             jsr     BasPrintStr
002CFCr 2  AD 0F 03             lda     CF_DISK
002CFFr 2  8D 4A 03             sta     FS_FILE_SIZE
002D02r 2  9C 4B 03             stz     FS_FILE_SIZE+1
002D05r 2  20 rr rr             jsr     FsPrintSize             ; print disk number (decimal)
002D08r 2  A9 rr                lda     #<MsgConfirm
002D0Ar 2  A0 rr                ldy     #>MsgConfirm
002D0Cr 2  20 rr rr             jsr     BasPrintStr
002D0Fr 2               @wait:
002D0Fr 2  20 rr rr             jsr     Chrin                   ; wait for a key (echoes)
002D12r 2  90 FB                bcc     @wait
002D14r 2  29 DF                and     #$DF                    ; fold to uppercase
002D16r 2  48                   pha
002D17r 2  20 rr rr             jsr     BasPrintCRLF
002D1Ar 2  68                   pla
002D1Br 2  C9 59                cmp     #'Y'
002D1Dr 2  D0 03                bne     @abort
002D1Fr 2  4C rr rr             jmp     FsFormatDisk            ; zero the directory (returns carry status)
002D22r 2               @abort:
002D22r 2  60                   rts
002D23r 2               
002D23r 2               ; ===========================================================================
002D23r 2               ;   P I C O V D P   S T A T E M E N T S
002D23r 2               ;
002D23r 2               ; Silent without a card, like CLS, LOCATE and COLOR: the arguments are parsed
002D23r 2               ; and range-checked, and then the Kernal entry each ends in skips.  Port A
002D23r 2               ; only, through the $A0B1-$A0D5 entries, so VID_MODE and the LxCTRL shadows
002D23r 2               ; stay true and BasTextConsole knows when a program has left Text mode.
002D23r 2               ; ===========================================================================
002D23r 2               
002D23r 2               ; SCREEN n -- 0 the Text console (InitVideo + CLS); 1 Compact, 2 Graphics,
002D23r 2               ; 3 Full.  The three graphics modes share one layout, which fits Full's 1200-
002D23r 2               ; byte tables (decision 2):
002D23r 2               ;
002D23r 2               ;   $0000 L0 names   $0800 L0 attributes   $1000 L1 names   $1800 L1 attributes
002D23r 2               ;   $2000 sprite attributes   $4000 L0 patterns   $8000 L1 patterns
002D23r 2               ;   $C000 sprite patterns
002D23r 2               ;
002D23r 2               ; Layer 0 4bpp with per-cell attributes, opaque and on; layer 1 the same but
002D23r 2               ; off and transparent; 64 sprites at 4bpp, all parked at Y = 240, below the
002D23r 2               ; picture.  The four tables at $0000-$1FFF are cleared; the pattern tables and
002D23r 2               ; the palette are the program's.  VMODE goes last, through VdpWriteReg, so
002D23r 2               ; VID_MODE says which mode the card is in.
002D23r 2               BasCmdScreen:
002D23r 2  A9 04                lda     #4                      ; 0-3
002D25r 2  20 rr rr             jsr     GetByteLim              ; X = n
002D28r 2  8A                   txa
002D29r 2  D0 06                bne     @graphics
002D2Br 2  20 rr rr             jsr     InitVideo
002D2Er 2  4C rr rr             jmp     VideoClear              ; Both skip without a card
002D31r 2               @graphics:
002D31r 2  2C 0D 03             bit     HW_PRESENT              ; Video is bit 7
002D34r 2  10 42                bpl     @done
002D36r 2  48                   pha                             ; n
002D37r 2  A0 00                ldy     #0
002D39r 2               @reg:
002D39r 2  BE rr rr             ldx     ScreenLayout,y
002D3Cr 2  B9 rr rr             lda     ScreenLayout+1,y
002D3Fr 2  20 rr rr             jsr     VdpWriteReg             ; Keeps X and Y
002D42r 2  C8                   iny
002D43r 2  C8                   iny
002D44r 2  C0 22                cpy     #(ScreenLayoutEnd - ScreenLayout)
002D46r 2  D0 F1                bne     @reg
002D48r 2  A9 40                lda     #$40                    ; $0000, write
002D4Ar 2  A2 00                ldx     #0
002D4Cr 2  A0 00                ldy     #0
002D4Er 2  20 rr rr             jsr     VdpAddress
002D51r 2  A2 00                ldx     #0
002D53r 2  A0 20                ldy     #>$2000                 ; 32 pages, the four tables
002D55r 2               @clear:
002D55r 2  9C 00 9C             stz     VC_DATA
002D58r 2  E8                   inx
002D59r 2  D0 FA                bne     @clear
002D5Br 2  88                   dey
002D5Cr 2  D0 F7                bne     @clear
002D5Er 2  A2 40                ldx     #64                     ; On into the sprite table at $2000
002D60r 2               @sprite:
002D60r 2  A9 F0                lda     #240                    ; Y: the line below a 240-line picture
002D62r 2  8D 00 9C             sta     VC_DATA
002D65r 2  9C 00 9C             stz     VC_DATA                 ; X
002D68r 2  9C 00 9C             stz     VC_DATA                 ; Pattern
002D6Br 2  9C 00 9C             stz     VC_DATA                 ; Attributes
002D6Er 2  CA                   dex
002D6Fr 2  D0 EF                bne     @sprite
002D71r 2  68                   pla
002D72r 2  1A                   inc     a                       ; SCREEN 1-3 is VMODE 2-4
002D73r 2  A2 0D                ldx     #VDP_VMODE
002D75r 2  4C rr rr             jmp     VdpWriteReg
002D78r 2               @done:
002D78r 2  60                   rts
002D79r 2               
002D79r 2               ScreenLayout:                           ; Register, value
002D79r 2  01 40                .byte   VDP_MODE1,    $40       ; Display on, 8x8 sprites unmagnified
002D7Br 2  10 00                .byte   VDP_L0NAME,   $00       ; $0000
002D7Dr 2  11 02                .byte   VDP_L0ATTR,   $02       ; $0800
002D7Fr 2  12 08                .byte   VDP_L0PAT,    $08       ; $4000
002D81r 2  13 00                .byte   VDP_L0SCRX,   $00
002D83r 2  14 00                .byte   VDP_L0SCRY,   $00
002D85r 2  15 32                .byte   VDP_L0CTRL,   $32       ; 4bpp, per cell, on, index 0 opaque
002D87r 2  18 04                .byte   VDP_L1NAME,   $04       ; $1000
002D89r 2  19 06                .byte   VDP_L1ATTR,   $06       ; $1800
002D8Br 2  1A 10                .byte   VDP_L1PAT,    $10       ; $8000
002D8Dr 2  1B 00                .byte   VDP_L1SCRX,   $00
002D8Fr 2  1C 00                .byte   VDP_L1SCRY,   $00
002D91r 2  1D 02                .byte   VDP_L1CTRL,   $02       ; 4bpp, per cell, off, index 0 clear
002D93r 2  20 40                .byte   VDP_SPRATTR,  $40       ; $2000, where VdpSprite writes
002D95r 2  21 18                .byte   VDP_SPRPAT,   $18       ; $C000
002D97r 2  22 40                .byte   VDP_SPRCOUNT, 64
002D99r 2  23 23                .byte   VDP_SPRCTRL,  $23       ; On, collisions, no $D0 end, 4bpp
002D9Br 2               ScreenLayoutEnd:
002D9Br 2               
002D9Br 2               ; VPOKE addr, value -- a byte anywhere in the 64 KB of VRAM
002D9Br 2               ; The address rides the stack across the value's evaluation, as POKE's does.
002D9Br 2               BasCmdVpoke:
002D9Br 2  20 rr rr             jsr     EvalAddrU16
002D9Er 2  A5 12                lda     FAC+4                   ; lo
002DA0r 2  48                   pha
002DA1r 2  A5 11                lda     FAC+3                   ; hi
002DA3r 2  48                   pha
002DA4r 2  20 rr rr             jsr     GetComByt               ; X = value
002DA7r 2  8A                   txa
002DA8r 2  7A                   ply                             ; hi
002DA9r 2  FA                   plx                             ; lo
002DAAr 2  4C rr rr             jmp     VdpPoke
002DADr 2               
002DADr 2               ; VREG reg, value -- write register 0-127, through VdpWriteReg
002DADr 2               BasCmdVreg:
002DADr 2  A9 80                lda     #128
002DAFr 2  20 rr rr             jsr     GetByteLim              ; X = reg
002DB2r 2  DA                   phx
002DB3r 2  20 rr rr             jsr     GetComByt               ; X = value
002DB6r 2  8A                   txa
002DB7r 2  FA                   plx
002DB8r 2  4C rr rr             jmp     VdpWriteReg
002DBBr 2               
002DBBr 2               ; PALETTE index, r, g, b -- palette entry 0-255 at $FC00 + 2 * index, 0-15 each
002DBBr 2               BasCmdPalette:
002DBBr 2  20 rr rr             jsr     GetByt                  ; X = index
002DBEr 2  DA                   phx
002DBFr 2  A9 10                lda     #16
002DC1r 2  20 rr rr             jsr     GetComByteLim           ; X = r
002DC4r 2  DA                   phx
002DC5r 2  A9 10                lda     #16
002DC7r 2  20 rr rr             jsr     GetComByteLim           ; X = g
002DCAr 2  DA                   phx
002DCBr 2  A9 10                lda     #16
002DCDr 2  20 rr rr             jsr     GetComByteLim           ; X = b
002DD0r 2  86 3A                stx     BAS_TMP1
002DD2r 2  68                   pla                             ; g
002DD3r 2  0A                   asl     a
002DD4r 2  0A                   asl     a
002DD5r 2  0A                   asl     a
002DD6r 2  0A                   asl     a
002DD7r 2  05 3A                ora     BAS_TMP1
002DD9r 2  A8                   tay                             ; $GB
002DDAr 2  68                   pla                             ; $0R
002DDBr 2  FA                   plx                             ; index
002DDCr 2  4C rr rr             jmp     VdpSetPalette
002DDFr 2               
002DDFr 2               ; VSYNC -- wait for the start of the next vertical blank (2 cs without a card)
002DDFr 2               BasCmdVsync     := WaitVBlank
002DDFr 2               
002DDFr 2               ; VLOAD "name", addr -- a file from the current disk into VRAM at addr, its
002DDFr 2               ; exact length.  A data statement, so no CF card is ?NO DEVICE; no video card
002DDFr 2               ; reads nothing and says nothing.
002DDFr 2               BasCmdVload:
002DDFr 2  A9 08                lda     #HW_CF
002DE1r 2  20 rr rr             jsr     ReqHw
002DE4r 2  20 rr rr             jsr     EvalString              ; -> BAS_FNAME, STR_PTR
002DE7r 2  20 rr rr             jsr     ChkCom
002DEAr 2  20 rr rr             jsr     EvalAddrU16
002DEDr 2  A5 12                lda     FAC+4
002DEFr 2  8D 7F 03             sta     FS_IO_ADDR
002DF2r 2  A5 11                lda     FAC+3
002DF4r 2  8D 80 03             sta     FS_IO_ADDR+1
002DF7r 2  2C 0D 03             bit     HW_PRESENT              ; Video is bit 7
002DFAr 2  10 08                bpl     @done
002DFCr 2  20 rr rr             jsr     VdpLoadFile
002DFFr 2  90 03                bcc     @done
002E01r 2  4C rr rr             jmp     BasLoadErr
002E04r 2               @done:
002E04r 2  60                   rts
002E05r 2               
002E05r 2               ; VPEEK(addr) -- the VRAM byte at addr; 0 without a card
002E05r 2               FnVpeek:
002E05r 2  20 rr rr             jsr     ParenNum
002E08r 2  20 rr rr             jsr     FacToU16
002E0Br 2  A6 12                ldx     FAC+4
002E0Dr 2  A4 11                ldy     FAC+3
002E0Fr 2  A9 00                lda     #0                      ; What VdpPeek leaves in A without a card
002E11r 2  20 rr rr             jsr     VdpPeek
002E14r 2  A8                   tay
002E15r 2  4C rr rr             jmp     SngFlt
002E18r 2               
002E18r 2               ; SPRITE n, x, y, pattern[, attr] -- sprite n (0-63) at x (0-511, 384-511 being
002E18r 2               ; -128 to -1), y (0-255), with pattern (0-255) and attributes (0-127, default
002E18r 2               ; 0; b6 priority, b5:4 flips, b3:0 sub-palette).  VdpSprite writes the four
002E18r 2               ; bytes at $2000 + 4n, where SCREEN 1-3 put the table, with x's bit 8 as the
002E18r 2               ; attribute's b7.
002E18r 2               BasCmdSprite:
002E18r 2  A9 40                lda     #64
002E1Ar 2  20 rr rr             jsr     GetByteLim              ; X = n
002E1Dr 2  DA                   phx
002E1Er 2  20 rr rr             jsr     ChkCom
002E21r 2  20 rr rr             jsr     EvalAddrU16             ; x
002E24r 2  A5 11                lda     FAC+3
002E26r 2  C9 02                cmp     #2
002E28r 2  B0 31                bcs     BasVdpRangeErr          ; 512 and up
002E2Ar 2  8D 9B 03             sta     VDP_P3                  ; Bit 8, until the attributes are in
002E2Dr 2  A5 12                lda     FAC+4
002E2Fr 2  8D 99 03             sta     VDP_P1
002E32r 2  20 rr rr             jsr     GetComByt               ; X = y
002E35r 2  8E 98 03             stx     VDP_P0
002E38r 2  20 rr rr             jsr     GetComByt               ; X = pattern
002E3Br 2  8E 9A 03             stx     VDP_P2
002E3Er 2  A2 00                ldx     #0                      ; attr if none is given
002E40r 2  20 rr rr             jsr     ChrGot
002E43r 2  C9 2C                cmp     #','
002E45r 2  D0 05                bne     @attr
002E47r 2  A9 80                lda     #128
002E49r 2  20 rr rr             jsr     GetComByteLim           ; X = attr
002E4Cr 2               @attr:
002E4Cr 2  8A                   txa
002E4Dr 2  4E 9B 03             lsr     VDP_P3                  ; Bit 8 into carry
002E50r 2  90 02                bcc     @low
002E52r 2  09 80                ora     #$80
002E54r 2               @low:
002E54r 2  8D 9B 03             sta     VDP_P3
002E57r 2  FA                   plx                             ; n
002E58r 2  4C rr rr             jmp     VdpSprite
002E5Br 2               
002E5Br 2               BasVdpRangeErr:
002E5Br 2  4C rr rr             jmp     IqErr
002E5Er 2               
002E5Er 2               ; SCROLL layer, x, y -- scroll layer 0-1 to x (0-319), y (0-255)
002E5Er 2               BasCmdScroll:
002E5Er 2  A9 02                lda     #2
002E60r 2  20 rr rr             jsr     GetByteLim              ; X = layer
002E63r 2  DA                   phx
002E64r 2  20 rr rr             jsr     ChkCom
002E67r 2  20 rr rr             jsr     EvalAddrU16             ; x
002E6Ar 2  A5 11                lda     FAC+3
002E6Cr 2  8D 98 03             sta     VDP_P0                  ; Bit 8
002E6Fr 2  F0 0A                beq     @x
002E71r 2  C9 01                cmp     #1
002E73r 2  D0 E6                bne     BasVdpRangeErr
002E75r 2  A5 12                lda     FAC+4
002E77r 2  C9 40                cmp     #64                     ; 256 + 64 = 320
002E79r 2  B0 E0                bcs     BasVdpRangeErr
002E7Br 2               @x:
002E7Br 2  A5 12                lda     FAC+4
002E7Dr 2  48                   pha
002E7Er 2  20 rr rr             jsr     GetComByt               ; X = y
002E81r 2  8A                   txa
002E82r 2  A8                   tay
002E83r 2  68                   pla                             ; x bits 7:0
002E84r 2  FA                   plx                             ; layer
002E85r 2  4C rr rr             jmp     VdpSetScroll
002E88r 2               
002E88r 2               ; LAYER layer, on -- hide layer 0-1 (on = 0) or show it
002E88r 2               BasCmdLayer:
002E88r 2  A9 02                lda     #2
002E8Ar 2  20 rr rr             jsr     GetByteLim              ; X = layer
002E8Dr 2  DA                   phx
002E8Er 2  20 rr rr             jsr     GetComByt               ; X = on
002E91r 2  8A                   txa
002E92r 2  FA                   plx
002E93r 2  4C rr rr             jmp     VdpLayer
002E96r 2               
002E96r 2               ; VSTAT(n) -- status register n, 0-15; 0 without a card.  VSTAT(0) clears
002E96r 2               ; STAT0's flags, as reading it does.
002E96r 2               FnVstat:
002E96r 2  20 rr rr             jsr     ParenU8                 ; A = n
002E99r 2  C9 10                cmp     #16
002E9Br 2  B0 BE                bcs     BasVdpRangeErr
002E9Dr 2  AA                   tax
002E9Er 2  A9 00                lda     #0                      ; What VdpStatus leaves in A without a card
002EA0r 2  20 rr rr             jsr     VdpStatus
002EA3r 2  A8                   tay
002EA4r 2  4C rr rr             jmp     SngFlt
002EA7r 2               
002EA7r 2               ; ===========================================================================
002EA7r 2               ;   S A V E   S L O T   S T A T E M E N T S
002EA7r 2               ;
002EA7r 2               ; The Kernal's NvWrite, NvRead, NvErase, NvStat and NvFind, slot for slot
002EA7r 2               ; (decision 3).  Like NVRAM, the statements raise ?NO DEVICE without an RTC
002EA7r 2               ; card, and the functions answer quietly instead: NVSTAT is 0 (free), NVFIND
002EA7r 2               ; -1 (nothing found).  The owner ID of a slot stays readable as NVRAM(slot*16).
002EA7r 2               ; ===========================================================================
002EA7r 2               
002EA7r 2               ; NVSAVE slot, id, addr -- the 14 bytes at addr into slot 0-15, owner id 1-255
002EA7r 2               BasCmdNvsave:
002EA7r 2  A9 04                lda     #HW_RTC
002EA9r 2  20 rr rr             jsr     ReqHw
002EACr 2  A9 10                lda     #NV_SLOTS
002EAEr 2  20 rr rr             jsr     GetByteLim              ; X = slot
002EB1r 2  DA                   phx
002EB2r 2  20 rr rr             jsr     GetComByt               ; X = id
002EB5r 2  8E 90 03             stx     NV_ID                   ; Kernal RAM: safe across FrmEvl
002EB8r 2  8A                   txa
002EB9r 2  F0 0E                beq     BasNvRangeErr           ; ID 0 marks a free slot
002EBBr 2  20 rr rr             jsr     ChkCom
002EBEr 2  20 rr rr             jsr     EvalAddrU16             ; addr
002EC1r 2  A5 12                lda     FAC+4
002EC3r 2  A4 11                ldy     FAC+3
002EC5r 2  FA                   plx                             ; slot
002EC6r 2  4C rr rr             jmp     NvWrite                 ; Nothing left for it to refuse
002EC9r 2               
002EC9r 2               BasNvRangeErr:
002EC9r 2  4C rr rr             jmp     IqErr
002ECCr 2               
002ECCr 2               ; NVLOAD slot, addr -- a valid slot's 14 bytes to addr; ?LOAD ERROR, and
002ECCr 2               ; nothing copied, for a free or damaged one
002ECCr 2               BasCmdNvload:
002ECCr 2  A9 04                lda     #HW_RTC
002ECEr 2  20 rr rr             jsr     ReqHw
002ED1r 2  A9 10                lda     #NV_SLOTS
002ED3r 2  20 rr rr             jsr     GetByteLim              ; X = slot
002ED6r 2  DA                   phx
002ED7r 2  20 rr rr             jsr     ChkCom
002EDAr 2  20 rr rr             jsr     EvalAddrU16             ; addr
002EDDr 2  A5 12                lda     FAC+4
002EDFr 2  A4 11                ldy     FAC+3
002EE1r 2  FA                   plx                             ; slot
002EE2r 2  20 rr rr             jsr     NvRead
002EE5r 2  90 03                bcc     @done
002EE7r 2  4C rr rr             jmp     BasLoadErr
002EEAr 2               @done:
002EEAr 2  60                   rts
002EEBr 2               
002EEBr 2               ; NVERASE slot -- zero all 16 bytes of slot 0-15
002EEBr 2               BasCmdNverase:
002EEBr 2  A9 04                lda     #HW_RTC
002EEDr 2  20 rr rr             jsr     ReqHw
002EF0r 2  A9 10                lda     #NV_SLOTS
002EF2r 2  20 rr rr             jsr     GetByteLim              ; X = slot
002EF5r 2  4C rr rr             jmp     NvErase
002EF8r 2               
002EF8r 2               ; NVSTAT(slot) -- 0 free, 1 valid, 2 damaged
002EF8r 2               FnNvstat:
002EF8r 2  20 rr rr             jsr     ParenU8                 ; A = slot
002EFBr 2  C9 10                cmp     #NV_SLOTS
002EFDr 2  B0 CA                bcs     BasNvRangeErr
002EFFr 2  AA                   tax
002F00r 2  20 rr rr             jsr     NvStat                  ; Carry: no RTC card
002F03r 2  90 02                bcc     @status
002F05r 2  A9 00                lda     #NV_EMPTY
002F07r 2               @status:
002F07r 2  A8                   tay
002F08r 2  4C rr rr             jmp     SngFlt
002F0Br 2               
002F0Br 2               ; NVFIND(id) -- the lowest slot owned by id (0: the lowest free slot), or -1
002F0Br 2               FnNvfind:
002F0Br 2  20 rr rr             jsr     ParenU8                 ; A = id
002F0Er 2  20 rr rr             jsr     NvFind                  ; X = slot; carry: none, or no RTC card
002F11r 2  B0 05                bcs     @none
002F13r 2  8A                   txa
002F14r 2  A8                   tay
002F15r 2  4C rr rr             jmp     SngFlt
002F18r 2               @none:
002F18r 2  A9 FF                lda     #$FF                    ; -1
002F1Ar 2  A8                   tay
002F1Br 2  4C rr rr             jmp     GivAyf
002F1Er 2               
002F1Er 2  20 42 59 54  MsgFree:        .byte   " BYTES FREE  HW=",0
002F22r 2  45 53 20 46  
002F26r 2  52 45 45 20  
002F2Fr 2  3F 4C 4F 41  MsgLoadErr:     .byte   "?LOAD ERROR",$0D,$0A,0
002F33r 2  44 20 45 52  
002F37r 2  52 4F 52 0D  
002F3Dr 2  3F 53 41 56  MsgSaveErr:     .byte   "?SAVE ERROR",$0D,$0A,0
002F41r 2  45 20 45 52  
002F45r 2  52 4F 52 0D  
002F4Br 2  3F 44 45 4C  MsgDelErr:      .byte   "?DEL ERROR",$0D,$0A,0
002F4Fr 2  20 45 52 52  
002F53r 2  4F 52 0D 0A  
002F58r 2  45 52 41 53  MsgEraseDisk:   .byte   "ERASE DISK ",0
002F5Cr 2  45 20 44 49  
002F60r 2  53 4B 20 00  
002F64r 2  3F 20 28 59  MsgConfirm:     .byte   "? (Y/N) ",0
002F68r 2  2F 4E 29 20  
002F6Cr 2  00           
002F6Dr 2               
002F6Dr 2               ; Wrappers so the dispatch table can call existing routines that expect
002F6Dr 2               ; TXTPTR positioned already.
002F6Dr 2               BasCmdPrintW:
002F6Dr 2                       ; We were entered via the dispatch trampoline, so TXTPTR is already
002F6Dr 2                       ; past the PRINT token (ChrGet was tail-called).  But BasCmdPrint
002F6Dr 2                       ; expects to consume the token itself with its first ChrGet; rewind.
002F6Dr 2                       ; Easier: BasCmdPrint reads via ChrGet; here ChrGet was called before
002F6Dr 2                       ; routine entry, so TXTPTR currently points at first arg.  Just call
002F6Dr 2                       ; an internal entry that skips the leading ChrGet.
002F6Dr 2  4C rr rr             jmp     BasPrLoop
002F70r 2               
002F70r 2               ; ---------------------------------------------------------------------------
002F70r 2               ; Token-address dispatch table.  Indexed by (token - $80).  Each entry is
002F70r 2               ; (routine_address - 1) since the dispatcher PHA-pushes it and uses the
002F70r 2               ; "JMP ChrGet -> RTS" trick to enter.
002F70r 2               ; ---------------------------------------------------------------------------
002F70r 2               BasTokenAddrTbl:
002F70r 2  rr rr                .word   BasCmdEnd-1             ; $80 END
002F72r 2  rr rr                .word   BasCmdFor-1             ; $81 FOR
002F74r 2  rr rr                .word   BasCmdNext-1            ; $82 NEXT
002F76r 2  rr rr                .word   BasCmdData-1            ; $83 DATA
002F78r 2  rr rr                .word   BasCmdInput-1           ; $84 INPUT
002F7Ar 2  rr rr                .word   BasCmdDim-1             ; $85 DIM
002F7Cr 2  rr rr                .word   BasCmdRead-1            ; $86 READ
002F7Er 2  rr rr                .word   BasCmdLet-1             ; $87 LET
002F80r 2  rr rr                .word   BasCmdGoto-1            ; $88 GOTO
002F82r 2  rr rr                .word   BasCmdRun-1             ; $89 RUN
002F84r 2  rr rr                .word   BasCmdIf-1              ; $8A IF
002F86r 2  rr rr                .word   BasCmdRestore-1         ; $8B RESTORE
002F88r 2  rr rr                .word   BasCmdGosub-1           ; $8C GOSUB
002F8Ar 2  rr rr                .word   BasCmdReturn-1          ; $8D RETURN
002F8Cr 2  rr rr                .word   BasCmdRem-1             ; $8E REM
002F8Er 2  rr rr                .word   BasCmdStop-1            ; $8F STOP
002F90r 2  rr rr                .word   BasCmdOn-1              ; $90 ON
002F92r 2  rr rr                .word   BasCmdWait-1            ; $91 WAIT
002F94r 2  rr rr                .word   BasCmdLoad-1            ; $92 LOAD
002F96r 2  rr rr                .word   BasCmdSave-1            ; $93 SAVE
002F98r 2  rr rr                .word   BasCmdDef-1             ; $94 DEF
002F9Ar 2  rr rr                .word   BasCmdPoke-1            ; $95 POKE
002F9Cr 2  rr rr                .word   BasCmdPrintW-1          ; $96 PRINT
002F9Er 2  rr rr                .word   BasCmdCont-1            ; $97 CONT
002FA0r 2  rr rr                .word   BasCmdList-1            ; $98 LIST
002FA2r 2  rr rr                .word   BasCmdClr-1             ; $99 CLR
002FA4r 2  rr rr                .word   BasCmdNew-1             ; $9A NEW
002FA6r 2  rr rr                .word   SynErr-1                ; $9B TAB  (function only)
002FA8r 2  rr rr                .word   SynErr-1                ; $9C TO
002FAAr 2  rr rr                .word   SynErr-1                ; $9D FN
002FACr 2  rr rr                .word   SynErr-1                ; $9E SPC
002FAEr 2  rr rr                .word   SynErr-1                ; $9F THEN
002FB0r 2  rr rr                .word   SynErr-1                ; $A0 NOT
002FB2r 2  rr rr                .word   SynErr-1                ; $A1 STEP
002FB4r 2  rr rr                .word   SynErr-1                ; $A2 AND
002FB6r 2  rr rr                .word   SynErr-1                ; $A3 OR
002FB8r 2  rr rr                .word   BasCmdRem-1             ; $A4 ELSE (skip rest of line; THEN-branch ran)
002FBAr 2  rr rr                .word   BasCmdSys-1             ; $A5 SYS
002FBCr 2  rr rr                .word   BasCmdDir-1             ; $A6 DIR
002FBEr 2  rr rr                .word   BasCmdDel-1             ; $A7 DEL
002FC0r 2  rr rr                .word   BasCmdCls-1             ; $A8 CLS
002FC2r 2  rr rr                .word   BasCmdLocate-1          ; $A9 LOCATE
002FC4r 2  rr rr                .word   BasCmdColor-1           ; $AA COLOR
002FC6r 2  rr rr                .word   BasCmdSound-1           ; $AB SOUND
002FC8r 2  rr rr                .word   BasCmdVol-1             ; $AC VOL
002FCAr 2  rr rr                .word   BasCmdTime-1            ; $AD TIME
002FCCr 2  rr rr                .word   BasCmdDate-1            ; $AE DATE
002FCEr 2  rr rr                .word   BasCmdSettime-1         ; $AF SETTIME
002FD0r 2  rr rr                .word   BasCmdSetdate-1         ; $B0 SETDATE
002FD2r 2  rr rr                .word   BasCmdNvram-1           ; $B1 NVRAM
002FD4r 2  rr rr                .word   BasCmdPause-1           ; $B2 PAUSE
002FD6r 2  rr rr                .word   BasCmdBank-1            ; $B3 BANK
002FD8r 2  rr rr                .word   BasCmdScreen-1          ; $B4 SCREEN (BRK in 1.x)
002FDAr 2  rr rr                .word   BasCmdMem-1             ; $B5 MEM
002FDCr 2               
002FDCr 2               ; Extended statement tokens, from TOK_DISK ($D1).  Entries are (handler-1), as
002FDCr 2               ; above; BasExecuteStatement's @ext bounds the index.
002FDCr 2               BasExtAddrTbl:
002FDCr 2  rr rr                .word   BasCmdDisk-1            ; $D1 DISK
002FDEr 2  rr rr                .word   BasCmdBload-1           ; $D2 BLOAD
002FE0r 2  rr rr                .word   BasCmdBsave-1           ; $D3 BSAVE
002FE2r 2  rr rr                .word   BasCmdFormat-1          ; $D4 FORMAT
002FE4r 2  rr rr                .word   BasCmdVpoke-1           ; $D5 VPOKE
002FE6r 2  rr rr                .word   BasCmdVreg-1            ; $D6 VREG
002FE8r 2  rr rr                .word   BasCmdPalette-1         ; $D7 PALETTE
002FEAr 2  rr rr                .word   BasCmdVsync-1           ; $D8 VSYNC
002FECr 2  rr rr                .word   BasCmdVload-1           ; $D9 VLOAD
002FEEr 2  rr rr                .word   BasCmdSprite-1          ; $DA SPRITE
002FF0r 2  rr rr                .word   BasCmdScroll-1          ; $DB SCROLL
002FF2r 2  rr rr                .word   BasCmdLayer-1           ; $DC LAYER
002FF4r 2  rr rr                .word   BasCmdNvsave-1          ; $DD NVSAVE
002FF6r 2  rr rr                .word   BasCmdNvload-1          ; $DE NVLOAD
002FF8r 2  rr rr                .word   BasCmdNverase-1         ; $DF NVERASE
002FFAr 2               
002FFAr 2               ; =============================================================================
002FFAr 2               ;   K E Y W O R D   T A B L E
002FFAr 2               ;
002FFAr 2               ;   Each keyword is its ASCII characters; the LAST byte has bit 7 set.
002FFAr 2               ;   Order MUST match TOK_xxx equates above (token = TOK_BASE + index).
002FFAr 2               ;   A trailing $00 terminates the table.
002FFAr 2               ; =============================================================================
002FFAr 2               
002FFAr 2               KeywordTbl:
002FFAr 2                       ; Statements
002FFAr 2  45 4E C4             .byte   "EN",'D'|$80            ; $80 END
002FFDr 2  46 4F D2             .byte   "FO",'R'|$80            ; $81 FOR
003000r 2  4E 45 58 D4          .byte   "NEX",'T'|$80           ; $82 NEXT
003004r 2  44 41 54 C1          .byte   "DAT",'A'|$80           ; $83 DATA
003008r 2  49 4E 50 55          .byte   "INPU",'T'|$80          ; $84 INPUT
00300Cr 2  D4           
00300Dr 2  44 49 CD             .byte   "DI",'M'|$80            ; $85 DIM
003010r 2  52 45 41 C4          .byte   "REA",'D'|$80           ; $86 READ
003014r 2  4C 45 D4             .byte   "LE",'T'|$80            ; $87 LET
003017r 2  47 4F 54 CF          .byte   "GOT",'O'|$80           ; $88 GOTO
00301Br 2  52 55 CE             .byte   "RU",'N'|$80            ; $89 RUN
00301Er 2  49 C6                .byte   "I",'F'|$80             ; $8A IF
003020r 2  52 45 53 54          .byte   "RESTOR",'E'|$80        ; $8B RESTORE
003024r 2  4F 52 C5     
003027r 2  47 4F 53 55          .byte   "GOSU",'B'|$80          ; $8C GOSUB
00302Br 2  C2           
00302Cr 2  52 45 54 55          .byte   "RETUR",'N'|$80         ; $8D RETURN
003030r 2  52 CE        
003032r 2  52 45 CD             .byte   "RE",'M'|$80            ; $8E REM
003035r 2  53 54 4F D0          .byte   "STO",'P'|$80           ; $8F STOP
003039r 2  4F CE                .byte   "O",'N'|$80             ; $90 ON
00303Br 2  57 41 49 D4          .byte   "WAI",'T'|$80           ; $91 WAIT
00303Fr 2  4C 4F 41 C4          .byte   "LOA",'D'|$80           ; $92 LOAD
003043r 2  53 41 56 C5          .byte   "SAV",'E'|$80           ; $93 SAVE
003047r 2  44 45 C6             .byte   "DE",'F'|$80            ; $94 DEF
00304Ar 2  50 4F 4B C5          .byte   "POK",'E'|$80           ; $95 POKE
00304Er 2  50 52 49 4E          .byte   "PRIN",'T'|$80          ; $96 PRINT
003052r 2  D4           
003053r 2  43 4F 4E D4          .byte   "CON",'T'|$80           ; $97 CONT
003057r 2  4C 49 53 D4          .byte   "LIS",'T'|$80           ; $98 LIST
00305Br 2  43 4C D2             .byte   "CL",'R'|$80            ; $99 CLR
00305Er 2  4E 45 D7             .byte   "NE",'W'|$80            ; $9A NEW
003061r 2  54 41 C2             .byte   "TA",'B'|$80            ; $9B TAB
003064r 2  54 CF                .byte   "T",'O'|$80             ; $9C TO
003066r 2  46 CE                .byte   "F",'N'|$80             ; $9D FN
003068r 2  53 50 C3             .byte   "SP",'C'|$80            ; $9E SPC
00306Br 2  54 48 45 CE          .byte   "THE",'N'|$80           ; $9F THEN
00306Fr 2  4E 4F D4             .byte   "NO",'T'|$80            ; $A0 NOT
003072r 2  53 54 45 D0          .byte   "STE",'P'|$80           ; $A1 STEP
003076r 2  41 4E C4             .byte   "AN",'D'|$80            ; $A2 AND
003079r 2  4F D2                .byte   "O",'R'|$80             ; $A3 OR
00307Br 2  45 4C 53 C5          .byte   "ELS",'E'|$80           ; $A4 ELSE
00307Fr 2  53 59 D3             .byte   "SY",'S'|$80            ; $A5 SYS
003082r 2  44 49 D2             .byte   "DI",'R'|$80            ; $A6 DIR
003085r 2  44 45 CC             .byte   "DE",'L'|$80            ; $A7 DEL
003088r 2  43 4C D3             .byte   "CL",'S'|$80            ; $A8 CLS
00308Br 2  4C 4F 43 41          .byte   "LOCAT",'E'|$80         ; $A9 LOCATE
00308Fr 2  54 C5        
003091r 2  43 4F 4C 4F          .byte   "COLO",'R'|$80          ; $AA COLOR
003095r 2  D2           
003096r 2  53 4F 55 4E          .byte   "SOUN",'D'|$80          ; $AB SOUND
00309Ar 2  C4           
00309Br 2  56 4F CC             .byte   "VO",'L'|$80            ; $AC VOL
00309Er 2  54 49 4D C5          .byte   "TIM",'E'|$80           ; $AD TIME
0030A2r 2  44 41 54 C5          .byte   "DAT",'E'|$80           ; $AE DATE
0030A6r 2  53 45 54 54          .byte   "SETTIM",'E'|$80        ; $AF SETTIME
0030AAr 2  49 4D C5     
0030ADr 2  53 45 54 44          .byte   "SETDAT",'E'|$80        ; $B0 SETDATE
0030B1r 2  41 54 C5     
0030B4r 2  4E 56 52 41          .byte   "NVRA",'M'|$80          ; $B1 NVRAM
0030B8r 2  CD           
0030B9r 2  50 41 55 53          .byte   "PAUS",'E'|$80          ; $B2 PAUSE
0030BDr 2  C5           
0030BEr 2  42 41 4E CB          .byte   "BAN",'K'|$80           ; $B3 BANK
0030C2r 2  53 43 52 45          .byte   "SCREE",'N'|$80         ; $B4 SCREEN (BRK in 1.x)
0030C6r 2  45 CE        
0030C8r 2  4D 45 CD             .byte   "ME",'M'|$80            ; $B5 MEM
0030CBr 2                       ; Functions
0030CBr 2  53 47 CE             .byte   "SG",'N'|$80            ; $B6 Sgn
0030CEr 2  49 4E D4             .byte   "IN",'T'|$80            ; $B7 Int
0030D1r 2  41 42 D3             .byte   "AB",'S'|$80            ; $B8 Abs
0030D4r 2  46 52 C5             .byte   "FR",'E'|$80            ; $B9 FRE
0030D7r 2  50 4F D3             .byte   "PO",'S'|$80            ; $BA POS
0030DAr 2  53 51 D2             .byte   "SQ",'R'|$80            ; $BB Sqr
0030DDr 2  52 4E C4             .byte   "RN",'D'|$80            ; $BC Rnd
0030E0r 2  4C 4F C7             .byte   "LO",'G'|$80            ; $BD Log
0030E3r 2  45 58 D0             .byte   "EX",'P'|$80            ; $BE Exp
0030E6r 2  43 4F D3             .byte   "CO",'S'|$80            ; $BF Cos
0030E9r 2  53 49 CE             .byte   "SI",'N'|$80            ; $C0 Sin
0030ECr 2  54 41 CE             .byte   "TA",'N'|$80            ; $C1 Tan
0030EFr 2  41 54 CE             .byte   "AT",'N'|$80            ; $C2 Atn
0030F2r 2  50 45 45 CB          .byte   "PEE",'K'|$80           ; $C3 PEEK
0030F6r 2  4C 45 CE             .byte   "LE",'N'|$80            ; $C4 LEN
0030F9r 2  53 54 52 A4          .byte   "STR",'$'|$80           ; $C5 STR$
0030FDr 2  56 41 CC             .byte   "VA",'L'|$80            ; $C6 VAL
003100r 2  41 53 C3             .byte   "AS",'C'|$80            ; $C7 ASC
003103r 2  43 48 52 A4          .byte   "CHR",'$'|$80           ; $C8 CHR$
003107r 2  4C 45 46 54          .byte   "LEFT",'$'|$80          ; $C9 LEFT$
00310Br 2  A4           
00310Cr 2  52 49 47 48          .byte   "RIGHT",'$'|$80         ; $CA RIGHT$
003110r 2  54 A4        
003112r 2  4D 49 44 A4          .byte   "MID",'$'|$80           ; $CB MID$
003116r 2  4A 4F D9             .byte   "JO",'Y'|$80            ; $CC JOY
003119r 2  49 4E 4B 45          .byte   "INKE",'Y'|$80          ; $CD INKEY
00311Dr 2  D9           
00311Er 2  48 45 D8             .byte   "HE",'X'|$80            ; $CE HEX
003121r 2  4D 49 CE             .byte   "MI",'N'|$80            ; $CF MIN
003124r 2  4D 41 D8             .byte   "MA",'X'|$80            ; $D0 MAX
003127r 2  44 49 53 CB          .byte   "DIS",'K'|$80           ; $D1 DISK
00312Br 2  42 4C 4F 41          .byte   "BLOA",'D'|$80          ; $D2 BLOAD
00312Fr 2  C4           
003130r 2  42 53 41 56          .byte   "BSAV",'E'|$80          ; $D3 BSAVE
003134r 2  C5           
003135r 2  46 4F 52 4D          .byte   "FORMA",'T'|$80         ; $D4 FORMAT
003139r 2  41 D4        
00313Br 2                       ; 2.0 statements
00313Br 2  56 50 4F 4B          .byte   "VPOK",'E'|$80          ; $D5 VPOKE
00313Fr 2  C5           
003140r 2  56 52 45 C7          .byte   "VRE",'G'|$80           ; $D6 VREG
003144r 2  50 41 4C 45          .byte   "PALETT",'E'|$80        ; $D7 PALETTE
003148r 2  54 54 C5     
00314Br 2  56 53 59 4E          .byte   "VSYN",'C'|$80          ; $D8 VSYNC
00314Fr 2  C3           
003150r 2  56 4C 4F 41          .byte   "VLOA",'D'|$80          ; $D9 VLOAD
003154r 2  C4           
003155r 2  53 50 52 49          .byte   "SPRIT",'E'|$80         ; $DA SPRITE
003159r 2  54 C5        
00315Br 2  53 43 52 4F          .byte   "SCROL",'L'|$80         ; $DB SCROLL
00315Fr 2  4C CC        
003161r 2  4C 41 59 45          .byte   "LAYE",'R'|$80          ; $DC LAYER
003165r 2  D2           
003166r 2  4E 56 53 41          .byte   "NVSAV",'E'|$80         ; $DD NVSAVE
00316Ar 2  56 C5        
00316Cr 2  4E 56 4C 4F          .byte   "NVLOA",'D'|$80         ; $DE NVLOAD
003170r 2  41 C4        
003172r 2  4E 56 45 52          .byte   "NVERAS",'E'|$80        ; $DF NVERASE
003176r 2  41 53 C5     
003179r 2                       ; 2.0 functions
003179r 2  56 50 45 45          .byte   "VPEE",'K'|$80          ; $E0 VPEEK
00317Dr 2  CB           
00317Er 2  56 53 54 41          .byte   "VSTA",'T'|$80          ; $E1 VSTAT
003182r 2  D4           
003183r 2  4E 56 53 54          .byte   "NVSTA",'T'|$80         ; $E2 NVSTAT
003187r 2  41 D4        
003189r 2  4E 56 46 49          .byte   "NVFIN",'D'|$80         ; $E3 NVFIND
00318Dr 2  4E C4        
00318Fr 2  00                   .byte   0
003190r 2               
003190r 2               ; =============================================================================
003190r 2               ;   E R R O R   M E S S A G E   T A B L E   (NUL-terminated strings)
003190r 2               ; =============================================================================
003190r 2               
003190r 2               ErrorMessages:
003190r 2  53 59 4E 54          .byte   "SYNTAX",0              ; ERR_SYNTAX
003194r 2  41 58 00     
003197r 2  4F 56 45 52          .byte   "OVERFLOW",0            ; ERR_OVERFLOW
00319Br 2  46 4C 4F 57  
00319Fr 2  00           
0031A0r 2  4F 55 54 20          .byte   "OUT OF MEMORY",0       ; ERR_OUTOFMEM
0031A4r 2  4F 46 20 4D  
0031A8r 2  45 4D 4F 52  
0031AEr 2  55 4E 44 45          .byte   "UNDEF'D STATEMENT",0   ; ERR_UNDEFSTMT
0031B2r 2  46 27 44 20  
0031B6r 2  53 54 41 54  
0031C0r 2  42 41 44 20          .byte   "BAD SUBSCRIPT",0       ; ERR_BADSUBSCR
0031C4r 2  53 55 42 53  
0031C8r 2  43 52 49 50  
0031CEr 2  52 45 44 49          .byte   "REDIM'D ARRAY",0       ; ERR_REDIM
0031D2r 2  4D 27 44 20  
0031D6r 2  41 52 52 41  
0031DCr 2  44 49 56 49          .byte   "DIVISION BY ZERO",0    ; ERR_DIVZERO
0031E0r 2  53 49 4F 4E  
0031E4r 2  20 42 59 20  
0031EDr 2  49 4C 4C 45          .byte   "ILLEGAL DIRECT",0      ; ERR_ILLDIRECT
0031F1r 2  47 41 4C 20  
0031F5r 2  44 49 52 45  
0031FCr 2  54 59 50 45          .byte   "TYPE MISMATCH",0       ; ERR_TYPEMISM
003200r 2  20 4D 49 53  
003204r 2  4D 41 54 43  
00320Ar 2  53 54 52 49          .byte   "STRING TOO LONG",0     ; ERR_LONGSTR
00320Er 2  4E 47 20 54  
003212r 2  4F 4F 20 4C  
00321Ar 2  46 4F 52 4D          .byte   "FORMULA TOO COMPLEX",0 ; ERR_FORMULA
00321Er 2  55 4C 41 20  
003222r 2  54 4F 4F 20  
00322Er 2  49 4C 4C 45          .byte   "ILLEGAL QUANTITY",0    ; ERR_ILLQUAN
003232r 2  47 41 4C 20  
003236r 2  51 55 41 4E  
00323Fr 2  52 45 54 55          .byte   "RETURN WITHOUT GOSUB",0; ERR_RG
003243r 2  52 4E 20 57  
003247r 2  49 54 48 4F  
003254r 2  4E 45 58 54          .byte   "NEXT WITHOUT FOR",0    ; ERR_NF
003258r 2  20 57 49 54  
00325Cr 2  48 4F 55 54  
003265r 2  4F 55 54 20          .byte   "OUT OF DATA",0         ; ERR_OD
003269r 2  4F 46 20 44  
00326Dr 2  41 54 41 00  
003271r 2  4E 4F 20 44          .byte   "NO DEVICE",0           ; ERR_NODEV
003275r 2  45 56 49 43  
003279r 2  45 00        
00327Br 2  43 41 4E 27          .byte   "CAN'T CONTINUE",0      ; ERR_CANTCONT
00327Fr 2  54 20 43 4F  
003283r 2  4E 54 49 4E  
00328Ar 2               
00328Ar 2               ; =============================================================================
00328Ar 2               ;   S T R I N G   C O N S T A N T S
00328Ar 2               ; =============================================================================
00328Ar 2               
00328Ar 2               ; Built from the version equates rather than typed, so the header and
00328Ar 2               ; KernalVersion ($A07B) cannot disagree about which ROM this is.
00328Ar 2               MsgHeader:
00328Ar 2  41 43 36 35          .byte   .sprintf("AC6502 BIOS v%d.%d", BIOS_VERSION_MAJOR, BIOS_VERSION_MINOR),0
00328Er 2  30 32 20 42  
003292r 2  49 4F 53 20  
00329Br 2               
00329Br 2               ; The second line's lead-in.  A nod to the BASIC V2 of the classic machines,
00329Br 2               ; not this ROM's version, so it is typed rather than built from the equates.
00329Br 2               MsgBasicV2:
00329Br 2  0D 0A 42 41          .byte   $0D,$0A,"BASIC v2.0 ",0
00329Fr 2  53 49 43 20  
0032A3r 2  76 32 2E 30  
0032A9r 2               
0032A9r 2               MsgBytesFreeNL:
0032A9r 2  20 42 59 54          .byte   " BYTES FREE",$0D,$0A,0
0032ADr 2  45 53 20 46  
0032B1r 2  52 45 45 0D  
0032B7r 2               
0032B7r 2               MsgOK:
0032B7r 2  4F 4B 0D 0A          .byte   "OK",$0D,$0A,0
0032BBr 2  00           
0032BCr 2               
0032BCr 2               MsgErrorWord:
0032BCr 2  20 45 52 52          .byte   " ERROR",0
0032C0r 2  4F 52 00     
0032C3r 2               
0032C3r 2               MsgInWord:
0032C3r 2  20 49 4E 20          .byte   " IN ",0
0032C7r 2  00           
0032C8r 2               
0032C8r 1               .segment "WOZMON"
000000r 1               .include "Wozmon.asm"
000000r 2               ; =============================================================================
000000r 2               ; WOZMON  —  Woz Monitor (Steve Wozniak's original Apple 1 monitor, ported)
000000r 2               ;             for AC6502 Homebrew Computer
000000r 2               ;
000000r 2               ;   ROM Region  :  $FF00-$FFF9  (250 bytes / $00FA)
000000r 2               ;   Segment     :  WOZMON
000000r 2               ;   Entry point :  WozMon  (first byte of segment = $FF00)
000000r 2               ;   Assembler   :  ca65  (cc65 toolchain)
000000r 2               ;   Linker cfg  :  BIOS.cfg
000000r 2               ;
000000r 2               ;   Commands    :  <addr>                        Examine
000000r 2               ;                   <addr>.<addr>                 Block examine
000000r 2               ;                   <addr>: <byte> [<byte> ...]   Store
000000r 2               ;                   <addr>R                        Run
000000r 2               ;
000000r 2               ;   Reachable from BASIC with "SYS 65280" (SYS $FF00); "C000R" warm-starts
000000r 2               ;   BASIC with the program kept.
000000r 2               ; =============================================================================
000000r 2               
000000r 2               WOZ_XAML  = $24               ; Last "opened" location Low
000000r 2               WOZ_XAMH  = $25               ; Last "opened" location High
000000r 2               WOZ_STL   = $26               ; Store address Low
000000r 2               WOZ_STH   = $27               ; Store address High
000000r 2               WOZ_L     = $28               ; Hex value parsing Low
000000r 2               WOZ_H     = $29               ; Hex value parsing High
000000r 2               WOZ_YSAV  = $2A               ; Used to see if hex value is given
000000r 2               WOZ_MODE  = $2B               ; $00=XAM, $7F=STOR, $AE=BLOCK XAM
000000r 2               WOZ_IN    = USER_VARS         ; Input buffer
000000r 2               
000000r 2               WozMon:
000000r 2  A9 1B          lda     #$1B                ; Begin with escape
000002r 2               
000002r 2               WozNotCr:
000002r 2  C9 08          cmp     #$08                ; Backspace key?
000004r 2  F0 18          beq     WozBackspace        ; Yes
000006r 2  C9 1B          cmp     #$1B                ; ESC?
000008r 2  F0 03          beq     WozEscape           ; Yes
00000Ar 2  C8             iny                         ; Advance text index
00000Br 2  10 14          bpl     WozNextchar         ; Auto ESC if line longer than 127
00000Dr 2               
00000Dr 2               WozEscape:
00000Dr 2  A9 5C          lda     #$5C                ; "\"
00000Fr 2  20 rr rr       jsr     WozEcho             ; Output it
000012r 2               
000012r 2               WozGetline:
000012r 2  A9 0D          lda     #$0D                ; Send CR
000014r 2  20 rr rr       jsr     WozEcho
000017r 2  A9 0A          lda     #$0A                ; Send LF
000019r 2  20 rr rr       jsr     WozEcho
00001Cr 2               
00001Cr 2  A0 01          ldy     #$01                ; Initialize text index
00001Er 2               WozBackspace:
00001Er 2  88             dey                         ; Back up text index
00001Fr 2  30 F1          bmi     WozGetline          ; Beyond start of line, reinitialize
000021r 2               
000021r 2               WozNextchar:
000021r 2  20 rr rr       jsr     Chrin               ; Get next character
000024r 2  90 FB          bcc     WozNextchar         ; No character found
000026r 2  99 00 04       sta     WOZ_IN,y            ; Add to text buffer
000029r 2  C9 0D          cmp     #$0D                ; CR?
00002Br 2  D0 D5          bne     WozNotCr            ; No
00002Dr 2               
00002Dr 2  A0 FF          ldy     #$FF                ; Reset text index
00002Fr 2  A9 00          lda     #$00                ; For XAM mode
000031r 2  AA             tax                         ; X=0
000032r 2               WozSetblock:
000032r 2  0A             asl
000033r 2               WozSetstor:
000033r 2  0A             asl                         ; Leaves $7B if setting STOR mode
000034r 2  85 2B          sta     WOZ_MODE            ; $00 = XAM, $74 = STOR, $B8 = BLOK XAM
000036r 2               WozBlskip:
000036r 2  C8             iny                         ; Advance text index
000037r 2               WozNextitem:
000037r 2  B9 00 04       lda     WOZ_IN,y            ; Get character
00003Ar 2  C9 0D          cmp     #$0D                ; CR?
00003Cr 2  F0 D4          beq     WozGetline          ; Yes, done this line
00003Er 2  C9 2E          cmp     #$2E                ; "."?
000040r 2  90 F4          bcc     WozBlskip           ; Skip delimiter
000042r 2  F0 EE          beq     WozSetblock         ; Set BLOCK XAM mode
000044r 2  C9 3A          cmp     #$3A                ; ":"?
000046r 2  F0 EB          beq     WozSetstor          ; Yes, set STOR mode
000048r 2  C9 52          cmp     #$52                ; "R"?
00004Ar 2  F0 3B          beq     WozRun              ; Yes, run user program
00004Cr 2  86 28          stx     WOZ_L               ; $00 -> L
00004Er 2  86 29          stx     WOZ_H               ;    and H
000050r 2  84 2A          sty     WOZ_YSAV            ; Save Y for comparison
000052r 2               
000052r 2               WozNexthex:
000052r 2  B9 00 04       lda     WOZ_IN,y            ; Get character for hex test
000055r 2  49 30          eor     #$30                ; Map digits to $0-9
000057r 2  C9 0A          cmp     #$0A                ; Digit?
000059r 2  90 06          bcc     WozDig              ; Yes
00005Br 2  69 88          adc     #$88                ; Map letter "A"-"F" to $FA-FF
00005Dr 2  C9 FA          cmp     #$FA                ; Hex letter?
00005Fr 2  90 11          bcc     WozNothex           ; No, character not hex
000061r 2               WozDig:
000061r 2  0A             asl
000062r 2  0A             asl                         ; Hex digit to MSD of A
000063r 2  0A             asl
000064r 2  0A             asl
000065r 2               
000065r 2  A2 04          ldx     #$04                ; Shift count
000067r 2               WozHexshift:
000067r 2  0A             asl                         ; Hex digit left, MSB to carry
000068r 2  26 28          rol     WOZ_L               ; Rotate into LSD
00006Ar 2  26 29          rol     WOZ_H               ; Rotate into MSD's
00006Cr 2  CA             dex                         ; Done 4 shifts?
00006Dr 2  D0 F8          bne     WozHexshift         ; No, loop
00006Fr 2  C8             iny                         ; Advance text index
000070r 2  D0 E0          bne     WozNexthex          ; Always taken. Check next character for hex
000072r 2               
000072r 2               WozNothex:
000072r 2  C4 2A          cpy     WOZ_YSAV            ; Check if L, H empty (no hex digits)
000074r 2  F0 97          beq     WozEscape           ; Yes, generate ESC sequence
000076r 2               
000076r 2  24 2B          bit     WOZ_MODE            ; Test MODE byte
000078r 2  50 16          bvc     WozNotstor          ; B6=0 is STOR, 1 is XAM and BLOCK XAM
00007Ar 2               
00007Ar 2  A5 28          lda     WOZ_L               ; LSD's of hex data
00007Cr 2  81 26          sta     (WOZ_STL,x)         ; Store current 'store index'
00007Er 2  E6 26          inc     WOZ_STL             ; Increment store index
000080r 2  D0 B5          bne     WozNextitem         ; Get next item (no carry)
000082r 2  E6 27          inc     WOZ_STH             ; Add carry to 'store index' high order
000084r 2               WozTonextitem:
000084r 2  4C rr rr       jmp     WozNextitem         ; Get next command item
000087r 2               
000087r 2               WozRun:
000087r 2  20 rr rr       jsr     WozJump             ; Begin executing at XAM index
00008Ar 2  4C rr rr       jmp     WozMon              ; After returning we reset
00008Dr 2               WozJump:
00008Dr 2  6C 24 00       jmp     (WOZ_XAML)          ; Run at current XAM index
000090r 2               
000090r 2               WozNotstor:
000090r 2  30 30          bmi     WozXamnext          ; B7 = 0 for XAM, 1 for BLOCK XAM
000092r 2               
000092r 2  A2 02          ldx     #$02                ; Byte count
000094r 2               WozSetadr:
000094r 2  B5 27          lda     WOZ_L-1,x           ; Copy hex data to
000096r 2  95 25          sta     WOZ_STL-1,x         ;  'store index'
000098r 2  95 23          sta     WOZ_XAML-1,x        ; And to 'XAM index'
00009Ar 2  CA             dex                         ; Next of 2 bytes
00009Br 2  D0 F7          bne     WozSetadr           ; Loop unless X = 0
00009Dr 2               
00009Dr 2               WozNxtprnt:
00009Dr 2  D0 19          bne     WozPrdata           ; NE means no address to print
00009Fr 2  A9 0D          lda     #$0D                ; CR
0000A1r 2  20 rr rr       jsr     WozEcho             ; Output it
0000A4r 2  A9 0A          lda     #$0A                ; LF
0000A6r 2  20 rr rr       jsr     WozEcho             ; Output it
0000A9r 2  A5 25          lda     WOZ_XAMH            ; 'Examine index' high-order byte
0000ABr 2  20 rr rr       jsr     WozPrbyte           ; Output it in hex format
0000AEr 2  A5 24          lda     WOZ_XAML            ; Low-order 'examine index' byte
0000B0r 2  20 rr rr       jsr     WozPrbyte           ; Output it in hex format
0000B3r 2  A9 3A          lda     #$3A                ; ":"
0000B5r 2  20 rr rr       jsr     WozEcho             ; Output it
0000B8r 2               
0000B8r 2               WozPrdata:
0000B8r 2  A9 20          lda     #$20                ; Blank
0000BAr 2  20 rr rr       jsr     WozEcho             ; Output it
0000BDr 2  A1 24          lda     (WOZ_XAML,x)        ; Get data byte at 'examine index'
0000BFr 2  20 rr rr       jsr     WozPrbyte           ; Output it in hex format
0000C2r 2               WozXamnext:
0000C2r 2  86 2B          stx     WOZ_MODE            ; 0 -> MODE (XAM mode)
0000C4r 2  A5 24          lda     WOZ_XAML
0000C6r 2  C5 28          cmp     WOZ_L               ; Compare 'examine index' to hex data
0000C8r 2  A5 25          lda     WOZ_XAMH
0000CAr 2  E5 29          sbc     WOZ_H
0000CCr 2  B0 B6          bcs     WozTonextitem       ; Not less, so no more data to output
0000CEr 2               
0000CEr 2  E6 24          inc     WOZ_XAML
0000D0r 2  D0 02          bne     WozMod8chk          ; Increment 'examine index'
0000D2r 2  E6 25          inc     WOZ_XAMH
0000D4r 2               
0000D4r 2               WozMod8chk:
0000D4r 2  A5 24          lda     WOZ_XAML            ; Check low-order 'examine index' byte
0000D6r 2  29 07          and     #$07                ; For MOD 8 = 0
0000D8r 2  10 C3          bpl     WozNxtprnt          ; Always taken
0000DAr 2               
0000DAr 2               WozPrbyte:
0000DAr 2  48             pha                         ; Save A for LSD
0000DBr 2  4A             lsr
0000DCr 2  4A             lsr
0000DDr 2  4A             lsr                         ; MSD to LSD position
0000DEr 2  4A             lsr
0000DFr 2  20 rr rr       jsr     WozPrhex            ; Output hex digit
0000E2r 2  68             pla                         ; Restore A
0000E3r 2               
0000E3r 2               WozPrhex:
0000E3r 2  29 0F          and     #$0F                ; Mask LSD for hex print
0000E5r 2  09 30          ora     #$30                ; Add "0"
0000E7r 2  C9 3A          cmp     #$3A                ; Digit?
0000E9r 2  90 02          bcc     WozEcho             ; Yes, output it
0000EBr 2  69 06          adc     #$06                ; Add offset for letter
0000EDr 2               
0000EDr 2               WozEcho:
0000EDr 2  20 rr rr       jsr Chrout                  ; Output the character
0000F0r 2  60             rts                         ; Return
0000F1r 2               
0000F1r 1               .segment "VECTORS"
000000r 1               .include "Vectors.asm"
000000r 2               ; =============================================================================
000000r 2               ; VECTORS  —  Hardware Interrupt Vectors (NMI / RESET / IRQ)
000000r 2               ;              for AC6502 Homebrew Computer
000000r 2               ;
000000r 2               ;   ROM Region  :  $FFFA-$FFFF  (6 bytes / $0006)
000000r 2               ;   Segment     :  VECTORS
000000r 2               ;   Assembler   :  ca65  (cc65 toolchain)
000000r 2               ;   Linker cfg  :  BIOS.cfg
000000r 2               ;
000000r 2               ;   Contents    :  Three .word entries read by the 65C02 at reset/interrupt
000000r 2               ;                   time. Targets (NmiVec, ResetVec, IrqVec) are defined in
000000r 2               ;                   Kernal.asm.
000000r 2               ; =============================================================================
000000r 2               
000000r 2  rr rr        .word   NmiVec           ; NMI vector
000002r 2  rr rr        .word   ResetVec         ; RESET vector
000004r 2  rr rr        .word   IrqVec           ; IRQ vector
000006r 2               
000006r 1               
